{"type":"FeatureCollection","source":"Natural Earth 10m lakes (public domain), https://raw.githubusercontent.com/nvkelso/natural-earth-vector/master/geojson/ne_10m_lakes.geojson ; filtered to natural lakes of scalerank <= 3 and > 0.03 sq deg inside lon -112..102, lat -42..70","features":[{"type":"Feature","properties":{"name":"Great Slave Lake","scalerank":0},"geometry":{"type":"Polygon","coordinates":[[[-111.668794,62.387647],[-111.67159,62.384115],[-111.670707,62.370574],[-111.655547,62.369691],[-111.630526,62.382937],[-111.584753,62.442399],[-111.572537,62.451818],[-111.562234,62.455351],[-111.535005,62.478311],[-111.342344,62.563088],[-111.287887,62.574568],[-111.297012,62.587814],[-111.301869,62.59223],[-111.308345,62.595762],[-111.260216,62.623727],[-111.198253,62.627848],[-111.132904,62.624316],[-111.074914,62.62932],[-110.990284,62.649042],[-110.860911,62.659051],[-110.828531,62.650808],[-110.80042,62.665821],[-110.678259,62.672591],[-110.54815,62.6617],[-110.520774,62.664055],[-110.499727,62.669648],[-110.496636,62.675535],[-110.507086,62.6826],[-110.526955,62.692019],[-110.472056,62.718218],[-110.449096,62.734113],[-110.431434,62.759723],[-110.487511,62.767965],[-110.503112,62.777385],[-110.486627,62.794458],[-110.463961,62.801228],[-110.448507,62.795341],[-110.434967,62.783567],[-110.417746,62.773853],[-110.404647,62.772381],[-110.369323,62.780034],[-110.213752,62.772381],[-110.103071,62.781506],[-109.89731,62.776208],[-109.883328,62.773853],[-109.873909,62.76826],[-109.858013,62.75207],[-109.849182,62.745888],[-109.827399,62.739118],[-109.769704,62.732053],[-109.746155,62.732936],[-109.765877,62.725283],[-109.952209,62.745888],[-110.20183,62.739118],[-110.232591,62.732642],[-110.249223,62.730875],[-110.263205,62.736174],[-110.288373,62.748537],[-110.323108,62.755602],[-110.359609,62.755308],[-110.389782,62.745888],[-110.392578,62.741473],[-110.412742,62.718512],[-110.417746,62.715863],[-110.422309,62.705266],[-110.430698,62.702028],[-110.435114,62.69879],[-110.427902,62.688193],[-110.402292,62.680539],[-110.287343,62.692019],[-110.166065,62.674652],[-110.096448,62.688781],[-109.684044,62.670825],[-109.694788,62.656107],[-109.710536,62.650514],[-109.749245,62.650808],[-109.761167,62.646982],[-109.800465,62.619311],[-109.855511,62.59429],[-109.887008,62.58546],[-110.172099,62.547781],[-110.189761,62.548075],[-110.205363,62.554257],[-110.198003,62.561027],[-110.229942,62.571919],[-110.362847,62.568386],[-110.395522,62.563088],[-110.453364,62.539244],[-110.486333,62.533651],[-110.507822,62.535712],[-110.551829,62.545132],[-110.57479,62.547192],[-110.625862,62.541305],[-110.644259,62.541011],[-110.717703,62.551313],[-110.755529,62.549547],[-110.787615,62.533651],[-110.755971,62.527175],[-110.693124,62.523054],[-110.664129,62.513046],[-110.66251,62.508631],[-110.663099,62.501566],[-110.661774,62.495384],[-110.654268,62.492735],[-110.613646,62.493912],[-110.506203,62.510102],[-110.385072,62.546604],[-110.321489,62.541011],[-110.583473,62.475367],[-110.64058,62.472129],[-110.663393,62.465359],[-110.682232,62.450346],[-110.68444,62.436217],[-110.657947,62.431213],[-110.645731,62.434451],[-110.616295,62.451818],[-110.574642,62.458],[-110.548297,62.465653],[-110.490896,62.473896],[-110.335177,62.517461],[-110.271594,62.52276],[-110.211691,62.513046],[-110.211691,62.505687],[-110.219786,62.505098],[-110.239656,62.499505],[-110.192263,62.484787],[-110.140602,62.49509],[-110.088647,62.514518],[-109.922773,62.552785],[-109.900254,62.562499],[-109.876999,62.568386],[-109.849182,62.561027],[-109.875675,62.548958],[-110.172982,62.454173],[-110.31884,62.453584],[-110.356371,62.444754],[-110.330614,62.444754],[-110.318987,62.442693],[-110.307801,62.437394],[-110.319429,62.432685],[-110.331056,62.431802],[-110.343272,62.432096],[-110.356371,62.431213],[-110.366527,62.42768],[-110.387132,62.415023],[-110.397141,62.410607],[-110.479121,62.390296],[-110.479121,62.382937],[-110.245102,62.39795],[-110.21905,62.390296],[-110.238479,62.378522],[-110.263647,62.372634],[-110.554626,62.362332],[-110.631307,62.350263],[-110.657947,62.355561],[-110.640874,62.385881],[-110.6369,62.396478],[-110.672666,62.405603],[-110.701513,62.402071],[-110.760386,62.382937],[-110.77584,62.380877],[-110.865916,62.387058],[-110.886963,62.392357],[-110.900651,62.400305],[-110.922139,62.405603],[-111.004708,62.400893],[-111.034586,62.39324],[-111.137761,62.341726],[-111.137761,62.334956],[-111.127311,62.339371],[-111.116567,62.341726],[-111.10597,62.340843],[-111.096108,62.334956],[-111.12319,62.322298],[-111.140116,62.316705],[-111.175292,62.312584],[-111.206789,62.303164],[-111.249325,62.298455],[-111.282735,62.290507],[-111.31276,62.275789],[-111.329539,62.252534],[-111.273757,62.270196],[-111.243585,62.275789],[-111.219594,62.273139],[-111.247853,62.257832],[-111.383555,62.207496],[-111.394005,62.201314],[-111.425502,62.174527],[-111.435069,62.170701],[-111.525586,62.159809],[-111.56194,62.146268],[-111.579601,62.143325],[-111.586225,62.140381],[-111.58961,62.133905],[-111.58961,62.125957],[-111.586519,62.119776],[-111.579013,62.115949],[-111.571065,62.117126],[-111.523967,62.133905],[-111.509248,62.134494],[-111.50027,62.122719],[-111.678802,62.072089],[-111.709122,62.059137],[-111.726784,62.040297],[-111.713537,62.036765],[-111.699555,62.038531],[-111.638327,62.056782],[-111.496885,62.081803],[-111.466124,62.075032],[-111.47628,62.055899],[-111.493353,62.040592],[-111.514989,62.030289],[-111.53839,62.026462],[-111.556494,62.018809],[-111.591376,61.982307],[-111.610068,61.971416],[-111.605064,61.966412],[-111.59638,61.951399],[-111.62876,61.950811],[-111.818331,61.897531],[-111.843352,61.883107],[-111.83614,61.881929],[-111.828045,61.881341],[-111.808764,61.883107],[-111.826131,61.866917],[-111.854685,61.848961],[-111.885151,61.833948],[-111.929159,61.823056],[-111.955799,61.811282],[-111.98082,61.796858],[-111.997451,61.783612],[-112.00849,61.77743],[-112.039693,61.770365],[-112.052056,61.763006],[-112.059268,61.752998],[-112.064419,61.742989],[-112.07119,61.733864],[-112.082375,61.725622],[-112.135802,61.710904],[-112.155083,61.698835],[-112.151257,61.677052],[-112.186875,61.664983],[-112.202623,61.655858],[-112.212779,61.642317],[-112.211307,61.63643],[-112.205125,61.63172],[-112.200268,61.626421],[-112.20277,61.619062],[-112.209688,61.614058],[-112.218372,61.61082],[-112.227791,61.609348],[-112.236917,61.608759],[-112.253548,61.605816],[-112.292551,61.591981],[-112.312421,61.589037],[-112.325079,61.585505],[-112.3579,61.567548],[-112.490217,61.518095],[-112.547324,61.50897],[-112.582059,61.489836],[-112.603547,61.485421],[-112.622975,61.483655],[-112.668749,61.472469],[-112.686263,61.464815],[-112.67493,61.465698],[-112.664333,61.464815],[-112.654325,61.46246],[-112.644758,61.458045],[-112.702748,61.443915],[-112.884959,61.44421],[-112.884959,61.436851],[-112.868916,61.428609],[-112.871566,61.417128],[-112.885106,61.40712],[-112.901738,61.402705],[-112.92043,61.400055],[-112.957078,61.389164],[-112.98048,61.389164],[-113.006826,61.394168],[-113.012124,61.399761],[-112.990783,61.420072],[-112.984896,61.436851],[-112.997553,61.444504],[-113.011094,61.449508],[-113.007856,61.458045],[-113.007856,61.464815],[-113.074971,61.485715],[-113.111325,61.490425],[-113.138112,61.479239],[-113.124277,61.475412],[-113.109706,61.473352],[-113.097343,61.468936],[-113.089689,61.458045],[-113.208907,61.466582],[-113.282645,61.463344],[-113.338427,61.454513],[-113.350496,61.447742],[-113.359769,61.437439],[-113.40407,61.425665],[-113.419377,61.416245],[-113.41246,61.416834],[-113.398477,61.415951],[-113.391413,61.416245],[-113.410546,61.398878],[-113.479428,61.390636],[-113.508717,61.382982],[-113.527262,61.375917],[-113.532266,61.372385],[-113.533002,61.367381],[-113.527409,61.35384],[-113.529175,61.348247],[-113.542569,61.344126],[-113.57539,61.348247],[-113.587312,61.344715],[-113.609978,61.33088],[-113.665613,61.313807],[-113.689751,61.297322],[-113.705499,61.2776],[-113.70962,61.26347],[-113.704616,61.248163],[-113.693136,61.224614],[-113.700495,61.218433],[-113.694755,61.211368],[-113.691075,61.209307],[-113.688573,61.209602],[-113.686218,61.211073],[-113.677535,61.200771],[-113.67253,61.197238],[-113.694019,61.190468],[-113.716832,61.185758],[-113.736407,61.178399],[-113.74774,61.163092],[-113.701378,61.168979],[-113.655163,61.162798],[-113.626168,61.139837],[-113.631614,61.094211],[-113.653838,61.065363],[-113.687249,61.039754],[-113.725369,61.019148],[-113.762017,61.005607],[-114.042988,60.969989],[-114.056823,60.974699],[-114.066684,60.986179],[-114.089939,60.99295],[-114.138803,60.999426],[-114.16824,60.997365],[-114.185166,60.999426],[-114.199737,61.016793],[-114.215632,61.017971],[-114.233147,61.014733],[-114.263761,60.997365],[-114.431548,60.952622],[-114.545173,60.941142],[-114.55474,60.936726],[-114.576964,60.922891],[-114.604046,60.916709],[-114.669689,60.91406],[-114.703394,60.899636],[-114.716346,60.903757],[-114.734596,60.916709],[-114.763002,60.927895],[-114.777868,60.930544],[-114.796118,60.930544],[-114.825849,60.924363],[-114.881337,60.906407],[-114.972884,60.899931],[-115.004822,60.893749],[-115.028813,60.881974],[-115.022631,60.889333],[-115.052951,60.890217],[-115.180852,60.871083],[-115.262833,60.847828],[-115.543362,60.834876],[-115.644476,60.857837],[-115.67715,60.861663],[-115.943108,60.843707],[-116.005513,60.850183],[-116.117519,60.886095],[-116.290752,60.916709],[-116.337262,60.934666],[-116.352421,60.937315],[-116.384213,60.939081],[-116.398784,60.942319],[-116.413502,60.947912],[-116.45015,60.973522],[-116.472228,60.983824],[-116.502989,60.985591],[-116.49298,61.004135],[-116.499456,61.018559],[-116.516235,61.028273],[-116.537135,61.032689],[-116.562303,61.031217],[-116.611167,61.01591],[-116.636336,61.012378],[-116.648257,61.01591],[-116.661062,61.02268],[-116.673573,61.027096],[-116.684464,61.023269],[-116.695356,61.017971],[-116.706689,61.020914],[-116.716991,61.028273],[-116.725528,61.036516],[-116.746281,61.047407],[-116.773362,61.047996],[-116.824434,61.040342],[-116.856814,61.040931],[-116.948214,61.053883],[-117.078912,61.046524],[-117.199896,61.063303],[-117.259799,61.081259],[-117.304248,61.108635],[-117.369744,61.173689],[-117.38299,61.181343],[-117.43524,61.191057],[-117.448633,61.195472],[-117.456728,61.199299],[-117.462469,61.203714],[-117.468797,61.211073],[-117.476009,61.221965],[-117.486606,61.24522],[-117.49323,61.256111],[-117.50677,61.263176],[-117.527081,61.265825],[-117.565349,61.265531],[-117.595668,61.270829],[-117.688393,61.307331],[-117.625841,61.309097],[-117.605971,61.307331],[-117.339572,61.229177],[-117.073172,61.151023],[-117.040792,61.149551],[-117.01739,61.153672],[-116.941738,61.183698],[-116.880511,61.197533],[-116.817664,61.204303],[-116.804712,61.206952],[-116.77763,61.220493],[-116.763059,61.224614],[-116.747164,61.223731],[-116.732298,61.219904],[-116.71758,61.218727],[-116.701537,61.224614],[-116.769683,61.265236],[-116.797647,61.291141],[-116.794409,61.317339],[-116.753051,61.333235],[-116.693001,61.333823],[-116.585411,61.320871],[-116.540814,61.320871],[-116.529776,61.318811],[-116.509465,61.309391],[-116.47679,61.301738],[-116.442055,61.278483],[-116.420125,61.273184],[-116.327842,61.280249],[-116.205828,61.273479],[-116.180807,61.265531],[-116.176686,61.24522],[-116.137977,61.234328],[-116.091026,61.226086],[-116.061001,61.214606],[-116.035391,61.197238],[-115.994622,61.181637],[-115.955324,61.178399],[-115.933836,61.197238],[-115.96077,61.204303],[-115.967246,61.211368],[-115.961653,61.224614],[-115.994033,61.224909],[-116.009193,61.226969],[-116.023175,61.231973],[-116.023175,61.239038],[-115.993886,61.240804],[-115.949143,61.260821],[-115.897923,61.267591],[-115.875552,61.274656],[-115.858626,61.288491],[-115.851855,61.310569],[-115.858626,61.317339],[-115.891742,61.320871],[-115.903369,61.324698],[-115.916763,61.342949],[-115.925005,61.34707],[-116.002275,61.355018],[-116.008898,61.357667],[-116.021262,61.370913],[-116.030681,61.375623],[-116.064092,61.375623],[-116.033331,61.39299],[-115.962831,61.398878],[-115.941195,61.410358],[-115.946935,61.424782],[-115.937074,61.429197],[-115.920884,61.427725],[-115.907049,61.423899],[-115.90072,61.418306],[-115.899101,61.405354],[-115.892772,61.402705],[-115.862158,61.402705],[-115.850972,61.404471],[-115.764871,61.429197],[-115.733374,61.431552],[-115.720274,61.43479],[-115.711149,61.442149],[-115.707911,61.454513],[-115.714829,61.456573],[-115.730577,61.458928],[-115.747062,61.463638],[-115.756187,61.472174],[-115.750741,61.488364],[-115.737642,61.499256],[-115.7372,61.508676],[-115.769875,61.519567],[-115.754421,61.532813],[-115.728811,61.543999],[-115.711591,61.555185],[-115.721452,61.567843],[-115.694223,61.589037],[-115.705703,61.598457],[-115.697461,61.605816],[-115.679063,61.609937],[-115.660077,61.608759],[-115.665376,61.634369],[-115.656839,61.652031],[-115.639619,61.663511],[-115.540565,61.692064],[-115.515397,61.705016],[-115.552634,61.708549],[-115.570002,61.713847],[-115.578097,61.725622],[-115.57427,61.733275],[-115.564261,61.741812],[-115.552634,61.749171],[-115.543656,61.752115],[-115.37528,61.778902],[-115.223682,61.77743],[-115.187181,61.759768],[-115.208228,61.753881],[-115.228098,61.745933],[-115.195718,61.735925],[-115.140377,61.732981],[-115.084448,61.736219],[-115.050596,61.745933],[-115.046328,61.757413],[-115.01645,61.758296],[-114.954339,61.752115],[-114.859995,61.779491],[-114.844541,61.776841],[-114.84042,61.764184],[-114.831148,61.766833],[-114.814074,61.783612],[-114.800828,61.79156],[-114.78817,61.793326],[-114.775513,61.792443],[-114.762561,61.793031],[-114.740925,61.801274],[-114.701627,61.823056],[-114.68058,61.828061],[-114.68058,61.83542],[-114.694121,61.831593],[-114.707956,61.829532],[-114.721644,61.830416],[-114.734596,61.83542],[-114.734596,61.841601],[-114.697801,61.854259],[-114.634218,61.857497],[-114.61847,61.862207],[-114.632599,61.874865],[-114.672044,61.877219],[-114.686762,61.889288],[-114.654971,61.904301],[-114.64349,61.915781],[-114.639075,61.934032],[-114.752405,61.93727],[-114.767859,61.94404],[-114.758881,61.961702],[-114.760059,61.971416],[-114.769626,61.987606],[-114.789789,62.012921],[-114.810248,62.022341],[-114.86235,62.027934],[-114.885458,62.034116],[-114.890462,62.039414],[-114.895319,62.047656],[-114.902237,62.055899],[-114.913422,62.061491],[-114.924314,62.06002],[-114.935647,62.055015],[-114.94698,62.052366],[-114.957724,62.057665],[-114.97362,62.069439],[-115.022631,62.088573],[-115.035289,62.098581],[-115.063548,62.12949],[-115.052362,62.131844],[-115.042354,62.135082],[-115.034406,62.14097],[-115.028813,62.150095],[-115.040146,62.150978],[-115.051038,62.153627],[-115.061046,62.158043],[-115.070466,62.163636],[-115.060604,62.164519],[-115.051626,62.167168],[-115.043679,62.171878],[-115.036319,62.17806],[-115.055895,62.1916],[-115.076206,62.198076],[-115.118153,62.204552],[-115.159216,62.21721],[-115.166576,62.218388],[-115.169225,62.224569],[-115.169372,62.2334],[-115.166576,62.252534],[-115.303749,62.224275],[-115.331125,62.231928],[-115.328917,62.246941],[-115.312139,62.257538],[-115.276521,62.273139],[-115.272105,62.279321],[-115.264893,62.296688],[-115.259447,62.304342],[-115.252236,62.309052],[-115.246201,62.310523],[-115.240902,62.313173],[-115.235457,62.321415],[-115.258859,62.320532],[-115.283144,62.325242],[-115.302277,62.335544],[-115.309931,62.352323],[-115.306693,62.369691],[-115.300806,62.384703],[-115.298745,62.398833],[-115.306987,62.41414],[-115.305957,62.426209],[-115.293152,62.442693],[-115.276079,62.458294],[-115.262538,62.468303],[-115.259595,62.480077],[-115.285499,62.487436],[-115.341281,62.492735],[-115.497441,62.47419],[-115.599438,62.484493],[-115.690397,62.475956],[-115.700994,62.478311],[-115.710413,62.486259],[-115.714093,62.494207],[-115.711444,62.501271],[-115.700994,62.505687],[-115.720863,62.508631],[-115.776056,62.533651],[-115.748092,62.541599],[-115.712032,62.546898],[-115.696137,62.554257],[-115.728958,62.568386],[-115.756628,62.569858],[-115.804168,62.560144],[-115.823891,62.568386],[-115.810644,62.599883],[-115.804021,62.609303],[-115.81712,62.614307],[-115.844496,62.613719],[-115.858626,62.615485],[-115.866279,62.6199],[-115.886001,62.636679],[-115.931922,62.644332],[-115.947965,62.650808],[-115.952969,62.656107],[-115.956502,62.662583],[-115.9618,62.66847],[-115.993297,62.676124],[-116.033625,62.700262],[-116.054231,62.70556],[-116.054083,62.711153],[-116.031565,62.740589],[-116.030681,62.753247],[-115.987557,62.785922],[-115.924858,62.778857],[-115.804021,62.732936],[-115.766195,62.725577],[-115.762369,62.723516],[-115.76281,62.714391],[-115.759425,62.712331],[-115.698786,62.704383],[-115.688042,62.698201],[-115.702318,62.68466],[-115.769433,62.668765],[-115.776056,62.657284],[-115.762074,62.653163],[-115.704526,62.664055],[-115.61607,62.655224],[-115.586633,62.646099],[-115.380725,62.631086],[-115.368362,62.626082],[-115.35335,62.617545],[-115.339809,62.615779],[-115.325974,62.616662],[-115.309931,62.615485],[-115.282113,62.607243],[-115.256062,62.595762],[-115.232219,62.588698],[-115.224271,62.58281],[-115.22118,62.571624],[-115.217059,62.568975],[-115.207934,62.566326],[-115.198661,62.561027],[-115.19454,62.550725],[-115.196453,62.54837],[-115.20028,62.544249],[-115.202635,62.539244],[-115.200722,62.533651],[-115.193951,62.529236],[-115.186887,62.528647],[-115.179969,62.529236],[-115.172904,62.52747],[-115.14023,62.510985],[-115.078855,62.488025],[-115.004675,62.480077],[-114.958166,62.466831],[-114.864999,62.46477],[-114.87648,62.44652],[-114.856021,62.4371],[-114.803477,62.431213],[-114.734302,62.400305],[-114.725177,62.393534],[-114.723558,62.387941],[-114.722969,62.381465],[-114.717523,62.373223],[-114.706779,62.368219],[-114.695151,62.369985],[-114.683818,62.374106],[-114.67381,62.376755],[-114.650408,62.372046],[-114.622296,62.354972],[-114.598011,62.355561],[-114.422129,62.379993],[-114.383125,62.378522],[-114.365758,62.392357],[-114.352217,62.40943],[-114.340884,62.417672],[-114.313655,62.417083],[-114.264938,62.411196],[-114.241242,62.403837],[-114.243008,62.399127],[-114.245952,62.387353],[-114.248012,62.382937],[-114.23874,62.382643],[-114.230939,62.381171],[-114.214455,62.376755],[-114.247276,62.366747],[-114.255519,62.362332],[-114.248601,62.359682],[-114.228143,62.34938],[-114.248895,62.340549],[-114.258757,62.334956],[-114.2617,62.328185],[-114.253016,62.318471],[-114.239181,62.317588],[-114.214455,62.321415],[-114.138803,62.294039],[-114.143955,62.291095],[-114.153816,62.283148],[-114.159261,62.280498],[-114.142041,62.273139],[-114.12276,62.2752],[-114.083463,62.28668],[-114.066242,62.286974],[-114.054321,62.282853],[-114.043282,62.275789],[-113.926567,62.218976],[-113.892273,62.211617],[-113.897277,62.200726],[-113.8961,62.194544],[-113.884914,62.184241],[-113.850768,62.163636],[-113.825305,62.160692],[-113.772614,62.16393],[-113.74774,62.157454],[-113.770848,62.154805],[-113.791012,62.148918],[-113.799696,62.138615],[-113.788657,62.122719],[-113.777766,62.117421],[-113.752597,62.113005],[-113.741559,62.109178],[-113.73994,62.10388],[-113.742589,62.096815],[-113.741117,62.091222],[-113.564499,62.062963],[-113.535504,62.047656],[-113.579806,62.041769],[-113.593346,62.036765],[-113.587312,62.023224],[-113.567884,62.012921],[-113.543746,62.010272],[-113.497972,62.012921],[-113.477367,62.017337],[-113.449402,62.036765],[-113.426148,62.040297],[-113.404806,62.035882],[-113.388027,62.027051],[-113.357855,62.00674],[-113.320912,61.996437],[-113.269693,61.993199],[-113.218768,61.999086],[-113.146649,62.033821],[-113.105144,62.030583],[-113.015362,62.012921],[-113.020955,62.025579],[-113.023752,62.029994],[-113.028903,62.034116],[-112.965468,62.064435],[-112.93191,62.075327],[-112.897911,62.068262],[-112.909833,62.054721],[-112.919105,62.040297],[-112.88231,62.035587],[-112.756764,62.056193],[-112.723206,62.065907],[-112.706575,62.068262],[-112.64255,62.062375],[-112.439145,62.079448],[-112.411622,62.086807],[-112.33494,62.118892],[-112.289755,62.145091],[-112.271063,62.160692],[-112.256933,62.167463],[-112.205861,62.170701],[-112.194528,62.176293],[-112.181135,62.190423],[-112.172451,62.197782],[-112.129768,62.221626],[-111.972578,62.277555],[-111.961833,62.283148],[-111.955063,62.291684],[-111.952708,62.304342],[-111.949764,62.313761],[-111.942258,62.321415],[-111.932397,62.326419],[-111.892511,62.331423],[-111.866606,62.339666],[-111.816123,62.362332],[-111.784185,62.371162],[-111.755631,62.374989],[-111.728697,62.382054],[-111.702498,62.400305],[-111.668794,62.387647]],[[-116.509759,61.108635],[-116.461336,61.122175],[-116.46634,61.134833],[-116.530217,61.134539],[-116.554208,61.139543],[-116.5651,61.145725],[-116.654586,61.176633],[-116.68049,61.190174],[-116.696092,61.19194],[-116.778661,61.187524],[-116.843715,61.17575],[-116.895818,61.154261],[-116.907003,61.122175],[-116.897878,61.109812],[-116.885809,61.103631],[-116.870944,61.101276],[-116.852693,61.101276],[-116.836798,61.099215],[-116.808244,61.09009],[-116.780721,61.085086],[-116.756583,61.071839],[-116.742601,61.067718],[-116.726411,61.068013],[-116.714048,61.071839],[-116.702126,61.076843],[-116.687849,61.081259],[-116.653703,61.085086],[-116.554208,61.081259],[-116.538901,61.084203],[-116.528598,61.090973],[-116.509759,61.108635]],[[-113.244672,61.903124],[-113.078651,61.924612],[-113.073941,61.926378],[-113.069378,61.930499],[-113.098226,61.944923],[-113.140762,61.950811],[-113.312965,61.94404],[-113.378313,61.949633],[-113.398919,61.94404],[-113.398919,61.937858],[-113.378461,61.931088],[-113.350349,61.9096],[-113.330038,61.903124],[-113.244672,61.903124]],[[-113.168726,61.789499],[-113.050981,61.802157],[-112.994168,61.800685],[-112.942655,61.810693],[-112.925876,61.807455],[-112.933382,61.800685],[-112.891141,61.804806],[-112.809749,61.823645],[-112.748227,61.830416],[-112.61856,61.861913],[-112.596924,61.862207],[-112.580145,61.871038],[-112.562189,61.876336],[-112.594569,61.88399],[-113.001969,61.823056],[-113.129134,61.81923],[-113.174466,61.811282],[-113.199634,61.793031],[-113.168726,61.789499]],[[-112.713639,61.656741],[-112.692298,61.643494],[-112.650498,61.644377],[-112.606785,61.654091],[-112.579556,61.667043],[-112.546882,61.713553],[-112.53496,61.725622],[-112.518181,61.732392],[-112.482416,61.736808],[-112.466521,61.745933],[-112.468728,61.758591],[-112.490953,61.757119],[-112.53496,61.745933],[-112.552033,61.748288],[-112.557921,61.754175],[-112.560864,61.760946],[-112.569695,61.766539],[-112.580734,61.76801],[-112.635927,61.763595],[-112.658299,61.75653],[-112.679787,61.746227],[-112.711873,61.726505],[-112.775014,61.705016],[-112.716141,61.706783],[-112.702748,61.701484],[-112.705691,61.694125],[-112.719379,61.685],[-112.747786,61.67087],[-112.734981,61.6641],[-112.720704,61.663511],[-112.692592,61.67087],[-112.692592,61.663511],[-112.698332,61.662334],[-112.713639,61.656741]],[[-112.233531,61.806278],[-112.290344,61.796564],[-112.453274,61.708254],[-112.461811,61.707371],[-112.468875,61.710904],[-112.475793,61.715908],[-112.484035,61.717968],[-112.491394,61.715908],[-112.505818,61.707077],[-112.510675,61.705016],[-112.512,61.699129],[-112.53496,61.663511],[-112.552622,61.628187],[-112.558804,61.622595],[-112.575435,61.619357],[-112.592803,61.613764],[-112.609434,61.61082],[-112.6243,61.61553],[-112.617529,61.61553],[-112.617529,61.622595],[-112.634897,61.6223],[-112.663156,61.611703],[-112.678904,61.608759],[-112.678904,61.6014],[-112.660359,61.598751],[-112.661978,61.592569],[-112.675519,61.586093],[-112.692592,61.582267],[-112.663009,61.570786],[-112.627391,61.573141],[-112.562189,61.589037],[-112.502139,61.592275],[-112.474027,61.597279],[-112.42531,61.625244],[-112.368939,61.630542],[-112.335381,61.643494],[-112.319927,61.647321],[-112.308447,61.655269],[-112.308889,61.67087],[-112.316836,61.677935],[-112.328611,61.677935],[-112.340974,61.672342],[-112.350541,61.663511],[-112.368203,61.67352],[-112.406912,61.678818],[-112.422219,61.68706],[-112.418392,61.694714],[-112.402644,61.705016],[-112.383951,61.714142],[-112.370705,61.717968],[-112.327728,61.720912],[-112.306975,61.725328],[-112.28843,61.732392],[-112.283573,61.737102],[-112.283573,61.741812],[-112.284456,61.746816],[-112.28166,61.752115],[-112.275184,61.755941],[-112.267678,61.757413],[-112.260466,61.760063],[-112.253695,61.766539],[-112.263998,61.773015],[-112.261938,61.780374],[-112.252371,61.787438],[-112.240743,61.793031],[-112.240155,61.799213],[-112.237505,61.803923],[-112.233531,61.806278]],[[-112.312127,61.868977],[-112.158763,61.930499],[-112.048818,61.951399],[-111.93902,61.984957],[-111.93902,61.992316],[-111.967279,61.99261],[-112.079285,61.966706],[-112.175836,61.958464],[-112.187169,61.95552],[-112.227055,61.937858],[-112.459161,61.896353],[-112.514355,61.876336],[-112.555271,61.850138],[-112.578673,61.839541],[-112.762209,61.81452],[-112.816814,61.796858],[-112.870977,61.790088],[-112.897322,61.781257],[-112.919989,61.766539],[-112.933382,61.745933],[-112.904534,61.754175],[-112.706133,61.773898],[-112.678904,61.780079],[-112.715994,61.766539],[-112.727327,61.759768],[-112.702601,61.752409],[-112.674783,61.760946],[-112.646524,61.773603],[-112.620915,61.780079],[-112.51406,61.793031],[-112.496546,61.797741],[-112.449742,61.820996],[-112.435612,61.831593],[-112.414712,61.841307],[-112.355104,61.843368],[-112.333174,61.852199],[-112.312127,61.868977]],[[-111.788306,62.008506],[-111.788158,62.012921],[-111.817595,62.012038],[-111.852035,62.00409],[-111.885593,61.992021],[-111.911791,61.978775],[-111.934605,61.958464],[-111.945202,61.951399],[-111.960509,61.944629],[-112.091059,61.90224],[-112.117846,61.889288],[-112.184961,61.841601],[-112.212779,61.83542],[-112.191584,61.829827],[-112.136538,61.845428],[-112.11034,61.848372],[-112.117846,61.841601],[-112.075311,61.850138],[-111.993919,61.893998],[-111.952708,61.909894],[-111.878823,61.927556],[-111.85704,61.937858],[-111.839083,61.953754],[-111.812885,61.988783],[-111.794487,61.999381],[-111.78963,62.005562],[-111.788306,62.008506]],[[-111.99333,62.036176],[-112.000542,62.019692],[-111.988179,62.012038],[-111.972725,62.017926],[-111.957418,62.027934],[-111.945202,62.034116],[-111.929012,62.033232],[-111.916207,62.028523],[-111.913116,62.021458],[-111.926068,62.012921],[-111.892658,62.016748],[-111.858217,62.02764],[-111.825543,62.044124],[-111.798167,62.064729],[-111.780652,62.074738],[-111.719277,62.088573],[-111.70765,62.095638],[-111.671443,62.122719],[-111.664084,62.124485],[-111.660993,62.125957],[-111.657902,62.12949],[-111.7677,62.128901],[-111.801846,62.122719],[-111.966249,62.055015],[-111.99333,62.036176]],[[-112.774425,61.95346],[-112.760885,61.937858],[-112.765153,61.93256],[-112.770746,61.921963],[-112.775014,61.916664],[-112.752643,61.916664],[-112.711873,61.927556],[-112.689501,61.930499],[-112.611642,61.934032],[-112.55586,61.954932],[-112.469611,61.956109],[-112.402791,61.994082],[-112.353779,62.004679],[-112.173923,62.019692],[-112.129326,62.029406],[-112.096063,62.047656],[-112.100184,62.057959],[-112.112842,62.059137],[-112.128296,62.053249],[-112.140954,62.04383],[-112.152287,62.040003],[-112.281071,62.019103],[-112.321693,62.017337],[-112.343182,62.034116],[-112.316689,62.039708],[-112.246925,62.068262],[-112.185844,62.082097],[-112.062064,62.0924],[-112.033658,62.100642],[-112.027771,62.116538],[-112.052203,62.131844],[-112.088115,62.127429],[-112.151551,62.109178],[-112.181723,62.107412],[-112.275331,62.085041],[-112.319191,62.081214],[-112.333174,62.077976],[-112.359225,62.064435],[-112.36732,62.061491],[-112.378947,62.058548],[-112.406912,62.044713],[-112.418834,62.040297],[-112.67964,62.023224],[-112.741015,62.00674],[-112.728946,62.000558],[-112.715553,61.998498],[-112.686263,61.999381],[-112.686263,61.992316],[-112.715553,61.984957],[-112.752054,61.970827],[-112.774425,61.95346]],[[-111.838642,62.189834],[-111.863368,62.17806],[-111.7677,62.17806],[-111.750774,62.181003],[-111.720308,62.194838],[-111.668058,62.201609],[-111.630968,62.2125],[-111.597999,62.229573],[-111.575922,62.252534],[-111.612276,62.265191],[-111.624639,62.275494],[-111.616986,62.28668],[-111.622284,62.288446],[-111.631704,62.293156],[-111.637297,62.294039],[-111.629202,62.306108],[-111.61728,62.312584],[-111.60683,62.320237],[-111.602709,62.334956],[-111.614484,62.343492],[-111.647747,62.345847],[-111.685867,62.342609],[-111.712507,62.334956],[-111.717217,62.329657],[-111.721927,62.321415],[-111.725312,62.311995],[-111.726784,62.304342],[-111.72016,62.300221],[-111.705148,62.301693],[-111.678361,62.30758],[-111.726048,62.269313],[-111.754601,62.252534],[-111.791102,62.240759],[-111.800375,62.229279],[-111.808028,62.215738],[-111.816123,62.204552],[-111.838642,62.189834]],[[-111.384732,62.300809],[-111.390914,62.294039],[-111.376343,62.29816],[-111.351469,62.311701],[-111.260069,62.328185],[-111.260069,62.334956],[-111.25639,62.34673],[-111.188686,62.400305],[-111.177206,62.406486],[-111.147033,62.41414],[-111.134081,62.420616],[-111.089338,62.451818],[-111.088749,62.46271],[-111.110679,62.457411],[-111.157042,62.437394],[-111.335721,62.355561],[-111.368248,62.336133],[-111.376637,62.328185],[-111.380906,62.318766],[-111.384732,62.300809]]]}},{"type":"Feature","properties":{"name":"McLeod Bay","scalerank":0},"geometry":{"type":"Polygon","coordinates":[[[-111.702498,62.400305],[-111.691018,62.415906],[-111.657902,62.478311],[-111.631704,62.517167],[-111.613895,62.533946],[-111.592995,62.541011],[-111.581515,62.542188],[-111.567238,62.545426],[-111.541776,62.554257],[-111.529707,62.562499],[-111.524997,62.571036],[-111.520729,62.588403],[-111.47937,62.653163],[-111.473483,62.674652],[-111.460384,62.693197],[-111.430653,62.7035],[-111.376637,62.712331],[-111.355149,62.725871],[-111.31747,62.760018],[-111.266545,62.771792],[-111.192365,62.807999],[-110.746698,62.917797],[-110.450421,62.953709],[-110.341947,62.945173],[-110.23318,62.953709],[-110.128386,62.944584],[-109.924245,62.951354],[-109.93234,62.944289],[-109.940582,62.938697],[-109.949413,62.934281],[-109.95898,62.931632],[-109.95898,62.924861],[-109.818127,62.932515],[-109.790751,62.928099],[-109.774266,62.922507],[-109.69832,62.924861],[-109.680953,62.922507],[-109.642833,62.913087],[-109.622522,62.911026],[-109.635915,62.894542],[-109.643127,62.889832],[-109.620608,62.882767],[-109.533918,62.87688],[-109.522732,62.87482],[-109.506248,62.8654],[-109.495651,62.863339],[-109.331543,62.855686],[-109.257804,62.861867],[-109.231606,62.855686],[-109.225424,62.841556],[-109.225424,62.848915],[-109.20423,62.840673],[-109.088251,62.835375],[-108.964765,62.801228],[-108.991552,62.787393],[-109.163902,62.725577],[-109.105177,62.727049],[-109.079273,62.73323],[-109.031291,62.759134],[-108.9368,62.793869],[-108.914723,62.797696],[-108.902507,62.792986],[-108.910749,62.773853],[-108.932091,62.758546],[-108.988314,62.744711],[-109.013041,62.732936],[-108.992877,62.72175],[-108.984487,62.714685],[-108.978453,62.70556],[-109.015837,62.68466],[-109.237788,62.598706],[-109.285622,62.586637],[-109.335222,62.582222],[-109.29931,62.61519],[-109.198932,62.639917],[-109.163902,62.664055],[-109.26119,62.643155],[-109.280029,62.643449],[-109.275761,62.658168],[-109.211736,62.698201],[-109.233519,62.694374],[-109.282973,62.679067],[-109.300487,62.684366],[-109.300487,62.690548],[-109.293128,62.71027],[-109.294306,62.719395],[-109.306669,62.729698],[-109.322565,62.73323],[-109.35568,62.732936],[-109.663585,62.767082],[-109.734969,62.796519],[-109.774266,62.807999],[-109.84094,62.79799],[-109.944703,62.822128],[-110.199328,62.827574],[-110.453953,62.83302],[-110.487363,62.829487],[-110.513267,62.814769],[-110.566106,62.832137],[-110.633368,62.83773],[-110.699011,62.82831],[-110.746698,62.801228],[-110.723738,62.794164],[-110.699158,62.794164],[-110.650441,62.801228],[-110.627628,62.799757],[-110.610408,62.793869],[-110.594365,62.786216],[-110.575378,62.780034],[-110.575378,62.773853],[-110.81661,62.759723],[-111.118186,62.693933],[-111.419762,62.628142],[-111.459207,62.602533],[-111.46583,62.592819],[-111.470981,62.574568],[-111.476574,62.56456],[-111.654517,62.407369],[-111.668794,62.387647],[-111.702498,62.400305]]]}},{"type":"Feature","properties":{"name":"Lake Winnipeg","scalerank":0},"geometry":{"type":"Polygon","coordinates":[[[-96.28032,51.24096],[-96.263394,51.222416],[-96.260451,51.217117],[-96.263836,51.204754],[-96.272225,51.202693],[-96.294008,51.206814],[-96.316233,51.203282],[-96.335661,51.196217],[-96.351262,51.184148],[-96.362154,51.164426],[-96.343903,51.157655],[-96.329038,51.145587],[-96.31741,51.131163],[-96.308285,51.117328],[-96.384084,51.121449],[-96.403806,51.117328],[-96.419996,51.101138],[-96.42029,51.082887],[-96.403806,51.048446],[-96.390854,51.009002],[-96.349937,50.77616],[-96.349202,50.757026],[-96.350085,50.752905],[-96.375253,50.723763],[-96.379963,50.713754],[-96.375841,50.703157],[-96.346847,50.669011],[-96.294008,50.623973],[-96.394975,50.624268],[-96.424264,50.630155],[-96.450463,50.642224],[-96.479899,50.662241],[-96.503743,50.68785],[-96.520227,50.731711],[-96.53524,50.732888],[-96.551283,50.72494],[-96.561585,50.71346],[-96.561144,50.699919],[-96.55717,50.684024],[-96.558053,50.670483],[-96.571741,50.66489],[-96.591316,50.664301],[-96.59735,50.661358],[-96.594701,50.610138],[-96.590433,50.598364],[-96.581896,50.583057],[-96.603532,50.567455],[-96.613099,50.55627],[-96.616043,50.541846],[-96.566589,50.481207],[-96.568208,50.465017],[-96.605446,50.42881],[-96.650483,50.399962],[-96.708914,50.387893],[-96.769995,50.387893],[-96.904667,50.419096],[-96.917766,50.42881],[-96.932043,50.466194],[-96.936164,50.494159],[-96.938224,50.500929],[-96.969574,50.558919],[-96.96928,50.569222],[-96.962951,50.573343],[-96.952501,50.582762],[-96.942492,50.594242],[-96.938224,50.603368],[-96.943523,50.608666],[-96.966777,50.619852],[-96.972959,50.623973],[-96.974578,50.63457],[-96.97237,50.658414],[-96.97605,50.668422],[-96.981054,50.676076],[-96.984292,50.684318],[-96.986058,50.693443],[-96.986647,50.702863],[-96.984734,50.713754],[-96.972959,50.739953],[-96.972518,50.749961],[-96.974284,50.771155],[-96.972959,50.780869],[-96.960743,50.802064],[-96.948527,50.815016],[-96.94573,50.828851],[-96.974431,50.871239],[-96.976933,50.888018],[-96.971487,50.90568],[-96.959271,50.925697],[-96.915705,50.978682],[-96.91026,50.997521],[-96.915558,51.004586],[-96.93896,51.025192],[-96.944995,51.035494],[-96.944111,51.048741],[-96.938666,51.053745],[-96.931307,51.056394],[-96.924536,51.062576],[-96.922476,51.07435],[-96.923506,51.085536],[-96.920709,51.093778],[-96.907169,51.097016],[-96.882295,51.095545],[-96.869049,51.096428],[-96.859776,51.100254],[-96.844764,51.113501],[-96.841084,51.119094],[-96.835785,51.130868],[-96.834166,51.140288],[-96.834902,51.149708],[-96.834166,51.16001],[-96.828426,51.172079],[-96.756307,51.237134],[-96.738498,51.248025],[-96.691547,51.254207],[-96.671383,51.261272],[-96.666673,51.268925],[-96.662552,51.2807],[-96.656812,51.291297],[-96.647098,51.296007],[-96.641652,51.300128],[-96.619428,51.326326],[-96.611922,51.34546],[-96.630172,51.35223],[-96.657548,51.348403],[-96.677565,51.336334],[-96.671383,51.343105],[-96.679625,51.337806],[-96.688309,51.33604],[-96.696993,51.337806],[-96.705529,51.343105],[-96.69611,51.353702],[-96.698465,51.362533],[-96.707737,51.36842],[-96.718481,51.370481],[-96.734377,51.367243],[-96.759987,51.35017],[-96.773675,51.343105],[-96.776765,51.320144],[-96.798254,51.293357],[-96.893481,51.212113],[-96.921004,51.196511],[-96.951912,51.186209],[-96.982232,51.189152],[-96.988708,51.210052],[-96.979141,51.26451],[-96.961332,51.287176],[-96.92748,51.30837],[-96.907757,51.327504],[-96.932043,51.343105],[-96.870079,51.41493],[-96.826955,51.437007],[-96.802081,51.489109],[-96.777501,51.500884],[-96.761753,51.511187],[-96.744974,51.53503],[-96.731581,51.562406],[-96.725988,51.582717],[-96.733641,51.612742],[-96.753805,51.609504],[-96.778973,51.59979],[-96.801639,51.610682],[-96.792808,51.618041],[-96.7828,51.631287],[-96.775146,51.6463],[-96.773675,51.659252],[-96.78177,51.669849],[-96.795016,51.67397],[-96.828426,51.678386],[-96.825483,51.721068],[-96.855655,51.73402],[-96.898779,51.725189],[-96.97134,51.682801],[-97.057147,51.672498],[-97.095856,51.659252],[-97.089527,51.642179],[-97.101302,51.620985],[-97.120877,51.602145],[-97.137509,51.590371],[-97.137509,51.582717],[-97.132799,51.57212],[-97.121024,51.529143],[-97.120141,51.518251],[-97.203593,51.453491],[-97.238181,51.437301],[-97.269089,51.440245],[-97.287782,51.473508],[-97.287193,51.490287],[-97.277184,51.526788],[-97.274682,51.545922],[-97.277773,51.553281],[-97.298231,51.573003],[-97.301469,51.580068],[-97.302205,51.589193],[-97.296171,51.644534],[-97.282925,51.676914],[-97.225818,51.783474],[-97.221255,51.807023],[-97.233324,51.835282],[-97.239947,51.870311],[-97.245982,51.880614],[-97.296024,51.942136],[-97.308681,51.964213],[-97.305002,51.973927],[-97.311625,51.978048],[-97.330612,51.999242],[-97.336057,52.008073],[-97.337823,52.022497],[-97.334438,52.031623],[-97.335321,52.03957],[-97.349745,52.04899],[-97.371823,52.052817],[-97.397432,52.048696],[-97.420834,52.040748],[-97.45498,52.019554],[-97.503109,52.001597],[-97.521065,51.987468],[-97.530632,51.96333],[-97.532398,51.941253],[-97.538727,51.925063],[-97.562423,51.918587],[-97.584353,51.923591],[-97.587886,51.93566],[-97.580379,51.951261],[-97.568899,51.967157],[-97.576406,51.977165],[-97.585678,51.984524],[-97.597011,51.989823],[-97.610405,51.994238],[-97.603193,52.00719],[-97.595245,52.016316],[-97.585825,52.022792],[-97.575081,52.028385],[-97.568605,52.031034],[-97.552268,52.034861],[-97.544909,52.035449],[-97.541229,52.038099],[-97.536519,52.051934],[-97.534164,52.056349],[-97.515325,52.07195],[-97.508407,52.079015],[-97.500607,52.089907],[-97.48633,52.12052],[-97.479413,52.130823],[-97.484122,52.132295],[-97.486772,52.134061],[-97.489274,52.136122],[-97.493101,52.138477],[-97.504875,52.136122],[-97.548294,52.138477],[-97.562423,52.135827],[-97.573168,52.131412],[-97.608638,52.112278],[-97.623062,52.107274],[-97.637928,52.10433],[-97.651321,52.10433],[-97.666628,52.108157],[-97.671632,52.113161],[-97.673399,52.12052],[-97.684879,52.142892],[-97.68532,52.148191],[-97.689441,52.148485],[-97.760678,52.130823],[-97.767154,52.124642],[-97.774513,52.114044],[-97.778487,52.101681],[-97.774218,52.089907],[-97.763474,52.086963],[-97.725501,52.086374],[-97.712255,52.083725],[-97.737864,52.041042],[-97.774218,52.001892],[-97.76995,51.985113],[-97.778487,51.964508],[-97.805274,51.929184],[-97.805421,51.913583],[-97.789672,51.896215],[-97.75376,51.870311],[-97.780253,51.863246],[-97.804538,51.869134],[-97.828087,51.879142],[-97.87754,51.888562],[-97.909037,51.898864],[-97.928759,51.912111],[-97.91831,51.925357],[-97.93082,51.932127],[-97.941123,51.931539],[-97.951278,51.927712],[-97.962611,51.925357],[-97.97468,51.927712],[-97.99661,51.937132],[-98.010445,51.939192],[-98.032228,51.945963],[-98.041207,51.963624],[-98.048566,52.086963],[-98.059899,52.109923],[-98.086097,52.12052],[-98.115681,52.127291],[-98.137464,52.138477],[-98.142321,52.155844],[-98.132312,52.19264],[-98.144528,52.2156],[-98.143351,52.228552],[-98.144823,52.234439],[-98.149533,52.239149],[-98.16116,52.245625],[-98.164692,52.248275],[-98.202371,52.295373],[-98.217972,52.305676],[-98.237842,52.309208],[-98.295979,52.31274],[-98.324974,52.320688],[-98.416226,52.364843],[-98.436538,52.379855],[-98.461853,52.421655],[-98.466416,52.432546],[-98.465385,52.444615],[-98.461706,52.454329],[-98.462,52.461689],[-98.473186,52.467281],[-98.467151,52.481411],[-98.465385,52.494363],[-98.470095,52.504077],[-98.497618,52.510553],[-98.507774,52.517618],[-98.528379,52.536163],[-98.609182,52.578257],[-98.630818,52.597685],[-98.661873,52.635658],[-98.673648,52.642134],[-98.706617,52.646549],[-98.720157,52.652436],[-98.727222,52.66009],[-98.737819,52.676574],[-98.747533,52.683639],[-98.788303,52.702184],[-98.802138,52.713664],[-98.818622,52.73427],[-98.826276,52.747222],[-98.829514,52.758408],[-98.825687,52.768122],[-98.819064,52.780485],[-98.816856,52.791082],[-98.841141,52.801973],[-98.880586,52.832293],[-98.891477,52.844068],[-98.908403,52.892932],[-98.890594,52.923546],[-98.851002,52.941502],[-98.733109,52.978592],[-98.709707,52.98183],[-98.65893,52.982713],[-98.52205,53.005085],[-98.482606,53.019214],[-98.445957,53.040997],[-98.443455,53.043646],[-98.441395,53.046884],[-98.439923,53.051005],[-98.43904,53.056304],[-98.544422,53.057187],[-98.585633,53.06749],[-98.606974,53.070139],[-98.696608,53.071611],[-98.738261,53.077498],[-98.781679,53.091039],[-98.795956,53.081619],[-98.804493,53.067196],[-98.811116,53.051889],[-98.819211,53.039231],[-98.83702,53.032461],[-98.857037,53.038053],[-98.875287,53.049239],[-98.887798,53.060131],[-98.925329,53.06955],[-99.011872,53.040408],[-99.042339,53.050122],[-99.055585,53.066018],[-99.070156,53.103402],[-99.083403,53.118415],[-99.096943,53.125185],[-99.124614,53.132839],[-99.138596,53.138432],[-99.140804,53.142553],[-99.15508,53.161686],[-99.158466,53.162864],[-99.164794,53.169929],[-99.192906,53.174344],[-99.206153,53.191712],[-99.221754,53.190828],[-99.239269,53.188179],[-99.25119,53.19024],[-99.252956,53.20849],[-99.239121,53.232334],[-99.206153,53.268541],[-99.211451,53.270012],[-99.221312,53.274134],[-99.226611,53.275311],[-99.22249,53.282081],[-99.209391,53.297094],[-99.206153,53.302687],[-99.206741,53.310929],[-99.209979,53.315344],[-99.21307,53.318877],[-99.213659,53.323881],[-99.199235,53.366858],[-99.193201,53.378338],[-99.183339,53.388052],[-99.170387,53.397766],[-99.144778,53.412779],[-99.104744,53.423376],[-99.093558,53.430441],[-99.085905,53.441038],[-99.07678,53.458111],[-99.072511,53.474301],[-99.07987,53.481366],[-99.087818,53.487253],[-99.080901,53.500205],[-99.062797,53.519339],[-99.061325,53.536706],[-99.057057,53.547598],[-99.027179,53.579978],[-99.028651,53.586748],[-99.039395,53.592635],[-99.056027,53.60441],[-99.045724,53.619423],[-99.011431,53.658573],[-98.990972,53.670642],[-98.982877,53.680945],[-98.976254,53.692131],[-98.973458,53.700667],[-98.975518,53.710676],[-98.980081,53.715385],[-98.986557,53.719506],[-98.993916,53.728043],[-98.999803,53.738051],[-99.007015,53.753653],[-99.010106,53.771315],[-99.004513,53.786621],[-98.970661,53.802517],[-98.954766,53.814292],[-98.961242,53.85668],[-98.923563,53.879641],[-98.871608,53.894064],[-98.833193,53.899363],[-98.792277,53.897597],[-98.744001,53.889943],[-98.705145,53.871398],[-98.69234,53.837841],[-98.65422,53.850793],[-98.376929,53.857269],[-98.276551,53.840196],[-98.114062,53.778085],[-98.066669,53.765722],[-98.04518,53.752181],[-98.03635,53.739818],[-98.025017,53.712736],[-98.013978,53.700667],[-97.989546,53.691542],[-97.96423,53.692425],[-97.885046,53.70626],[-97.87857,53.720095],[-97.886813,53.735991],[-97.904622,53.749237],[-98.005147,53.768371],[-98.031934,53.777202],[-98.090218,53.837841],[-98.131871,53.857269],[-98.241669,53.885822],[-98.27449,53.920263],[-98.279641,53.961768],[-98.288031,53.976192],[-98.312169,53.981785],[-98.31835,53.992088],[-98.307753,54.014459],[-98.281996,54.050077],[-98.279494,54.055376],[-98.280525,54.059791],[-98.279641,54.062735],[-98.263599,54.065384],[-98.25624,54.0698],[-98.249469,54.075393],[-98.232543,54.094821],[-98.228422,54.103652],[-98.224154,54.137798],[-98.216795,54.158992],[-98.205903,54.178126],[-98.192657,54.194021],[-98.15439,54.225224],[-98.149385,54.234938],[-98.152182,54.243769],[-98.156156,54.251717],[-98.15439,54.25937],[-98.106997,54.312061],[-98.090218,54.324425],[-98.04989,54.344736],[-98.038852,54.356216],[-98.035025,54.375644],[-98.034583,54.394778],[-98.030315,54.408613],[-98.017952,54.415383],[-97.993372,54.413911],[-97.976741,54.405964],[-97.923019,54.373289],[-97.911539,54.362103],[-97.9214,54.344441],[-97.944802,54.335316],[-97.993372,54.324425],[-97.979096,54.312945],[-97.960256,54.308823],[-97.940681,54.309118],[-97.825732,54.324425],[-97.798503,54.317949],[-97.802477,54.302642],[-97.822494,54.284391],[-97.864588,54.256132],[-97.886077,54.24789],[-97.909331,54.243769],[-97.935677,54.242591],[-97.957313,54.237293],[-98.000437,54.214038],[-98.027519,54.207857],[-98.079327,54.207857],[-98.091248,54.205502],[-98.114503,54.196376],[-98.127455,54.194021],[-98.149238,54.186662],[-98.156597,54.168412],[-98.157922,54.12514],[-98.162632,54.114249],[-98.175731,54.098059],[-98.17838,54.08805],[-98.174112,54.077159],[-98.155273,54.063029],[-98.151004,54.05361],[-98.163809,54.055965],[-98.192068,54.042424],[-98.233573,54.015931],[-98.223859,54.003862],[-98.210024,53.994443],[-98.14497,53.967361],[-98.131282,53.958824],[-98.117005,53.94705],[-98.099343,53.928799],[-98.08801,53.924973],[-98.068435,53.926444],[-98.050773,53.933215],[-98.03841,53.943812],[-98.036202,53.956175],[-98.048566,53.967655],[-98.031051,53.988261],[-98.004558,53.999152],[-97.977182,54.0071],[-97.936413,54.033593],[-97.910067,54.04213],[-97.882691,54.043013],[-97.836035,54.025056],[-97.814988,54.035359],[-97.781136,54.071272],[-97.771716,54.078336],[-97.760383,54.084812],[-97.748314,54.089228],[-97.736687,54.090994],[-97.734921,54.085401],[-97.729328,54.058908],[-97.725795,54.050077],[-97.737423,54.033299],[-97.754349,54.015342],[-97.773482,54.001213],[-97.791733,53.995326],[-97.846632,53.995326],[-97.859584,53.993559],[-97.881514,53.984434],[-97.890934,53.981785],[-97.941859,53.988261],[-97.968793,53.984729],[-97.98042,53.964417],[-97.975269,53.944106],[-97.963494,53.927033],[-97.95172,53.915553],[-97.941711,53.910843],[-97.938326,53.908194],[-97.935088,53.904367],[-97.93185,53.899363],[-97.949512,53.885528],[-97.956724,53.874342],[-97.954222,53.862862],[-97.942447,53.848144],[-97.933764,53.843434],[-97.91095,53.839901],[-97.901531,53.834308],[-97.898293,53.827244],[-97.899323,53.811348],[-97.89844,53.803695],[-97.881808,53.778674],[-97.833827,53.741878],[-97.815282,53.721273],[-97.821464,53.708615],[-97.818226,53.702139],[-97.811897,53.697429],[-97.808512,53.690659],[-97.815282,53.649448],[-97.819992,53.641794],[-97.829559,53.634141],[-97.836182,53.62531],[-97.83265,53.614713],[-97.806451,53.599406],[-97.802183,53.594402],[-97.792174,53.575268],[-97.768625,53.561139],[-97.741102,53.54907],[-97.719761,53.536118],[-97.705043,53.519339],[-97.696212,53.505209],[-97.685615,53.49314],[-97.665009,53.481366],[-97.671927,53.474595],[-97.664862,53.464293],[-97.668689,53.453401],[-97.675901,53.441332],[-97.678697,53.426908],[-97.672515,53.411896],[-97.660888,53.403654],[-97.630274,53.392762],[-97.604665,53.378044],[-97.591713,53.366564],[-97.58244,53.351846],[-97.579349,53.336244],[-97.582293,53.325647],[-97.586856,53.31505],[-97.589358,53.299743],[-97.585384,53.292678],[-97.558891,53.265303],[-97.547116,53.257649],[-97.516944,53.247641],[-97.503698,53.238515],[-97.463223,53.202309],[-97.418626,53.173755],[-97.425102,53.166102],[-97.44247,53.150206],[-97.446002,53.141964],[-97.441145,53.131073],[-97.423483,53.122242],[-97.424808,53.111056],[-97.418626,53.111056],[-97.426574,53.088095],[-97.4226,53.066901],[-97.409648,53.048945],[-97.390809,53.035993],[-97.376238,53.031577],[-97.344888,53.025985],[-97.332672,53.01892],[-97.33017,53.0095],[-97.338118,53.001847],[-97.349304,52.996842],[-97.383891,52.987423],[-97.387277,52.982713],[-97.389043,52.976237],[-97.389779,52.97035],[-97.390809,52.9677],[-97.435111,52.963874],[-97.435111,52.947389],[-97.41583,52.930611],[-97.391692,52.914126],[-97.377121,52.899408],[-97.394341,52.888222],[-97.402289,52.880569],[-97.405086,52.872032],[-97.39493,52.855548],[-97.35784,52.83141],[-97.345035,52.800502],[-97.320309,52.766355],[-97.308681,52.754581],[-97.28837,52.742806],[-97.241861,52.723673],[-97.222874,52.710426],[-97.205801,52.694236],[-97.197559,52.684228],[-97.192113,52.672748],[-97.191672,52.662445],[-97.197412,52.644783],[-97.198295,52.63919],[-97.185932,52.620056],[-97.151344,52.588559],[-97.139128,52.547054],[-97.113518,52.510847],[-97.103362,52.487887],[-97.102185,52.479645],[-97.103362,52.450208],[-97.098947,52.440494],[-97.08938,52.434018],[-97.079813,52.432252],[-97.075398,52.436079],[-97.063476,52.433135],[-97.04184,52.421949],[-97.031832,52.405171],[-97.05494,52.385448],[-97.043754,52.379855],[-97.03507,52.373674],[-97.029477,52.36602],[-97.027564,52.354246],[-97.033451,52.350713],[-97.04655,52.346298],[-97.060385,52.340116],[-97.068627,52.330108],[-97.055234,52.327753],[-97.046845,52.322454],[-97.005192,52.284187],[-97.000335,52.27565],[-97.009019,52.250924],[-97.035806,52.245331],[-97.067008,52.246214],[-97.089086,52.240915],[-97.078783,52.235617],[-97.069069,52.225903],[-97.05494,52.206769],[-97.047728,52.200293],[-97.041104,52.197055],[-97.036395,52.19264],[-97.034481,52.182631],[-97.034187,52.175272],[-97.033157,52.169974],[-97.031096,52.164969],[-97.027564,52.158788],[-97.011079,52.140832],[-96.966777,52.11169],[-96.951912,52.097266],[-96.965894,52.080487],[-96.959566,52.070184],[-96.928216,52.052817],[-96.914086,52.041337],[-96.885239,52.026324],[-96.869343,52.014844],[-96.834019,51.973338],[-96.825336,51.967157],[-96.820626,51.95862],[-96.832253,51.939781],[-96.856244,51.911816],[-96.864044,51.900336],[-96.86743,51.892977],[-96.869343,51.88444],[-96.868607,51.880908],[-96.864192,51.871488],[-96.863161,51.867073],[-96.787363,51.864129],[-96.749242,51.850883],[-96.731875,51.840875],[-96.715391,51.826745],[-96.686248,51.790538],[-96.677565,51.782002],[-96.680656,51.778469],[-96.684041,51.776703],[-96.691841,51.775231],[-96.710386,51.77582],[-96.723044,51.774643],[-96.734671,51.77111],[-96.743355,51.764929],[-96.75145,51.762279],[-96.787363,51.768461],[-96.7828,51.75757],[-96.774999,51.750799],[-96.759398,51.741085],[-96.720983,51.692221],[-96.54098,51.542684],[-96.573949,51.509715],[-96.579247,51.494114],[-96.551577,51.487343],[-96.542304,51.479395],[-96.496531,51.41964],[-96.486375,51.400211],[-96.479458,51.391086],[-96.471068,51.387848],[-96.462237,51.388731],[-96.455173,51.386671],[-96.452229,51.374013],[-96.445459,51.359],[-96.428533,51.349581],[-96.407191,51.344577],[-96.386733,51.343105],[-96.371279,51.337806],[-96.356855,51.32456],[-96.334925,51.296007],[-96.28032,51.24096]],[[-96.602502,51.186209],[-96.599411,51.200044],[-96.619575,51.202104],[-96.648128,51.200044],[-96.670794,51.202988],[-96.694049,51.205637],[-96.713919,51.19239],[-96.729667,51.171491],[-96.740264,51.151474],[-96.756013,51.108202],[-96.768376,51.086125],[-96.784272,51.076411],[-96.803111,51.075528],[-96.824158,51.070818],[-96.841673,51.060515],[-96.850062,51.041676],[-96.832106,51.013417],[-96.785596,51.011651],[-96.731581,51.024897],[-96.691841,51.041676],[-96.662405,51.071112],[-96.629583,51.150296],[-96.602502,51.186209]],[[-96.360682,51.219472],[-96.334925,51.24096],[-96.336397,51.262449],[-96.36966,51.267159],[-96.441632,51.261272],[-96.467094,51.253029],[-96.548486,51.213585],[-96.568208,51.199161],[-96.571299,51.180321],[-96.558642,51.177083],[-96.526703,51.186209],[-96.495648,51.191507],[-96.429563,51.195628],[-96.394092,51.204459],[-96.360682,51.219472]],[[-97.116314,51.70635],[-97.082904,51.747267],[-97.090999,51.759336],[-97.106012,51.762868],[-97.123085,51.760513],[-97.137509,51.754626],[-97.150166,51.746678],[-97.154876,51.739908],[-97.159733,51.693398],[-97.163413,51.680152],[-97.171066,51.665434],[-97.197853,51.630699],[-97.205654,51.616863],[-97.198295,51.616863],[-97.205212,51.601557],[-97.198442,51.598613],[-97.184754,51.603028],[-97.171066,51.610682],[-97.15885,51.62069],[-97.149872,51.63217],[-97.143102,51.645122],[-97.137509,51.659252],[-97.136626,51.665728],[-97.138245,51.679563],[-97.137509,51.685745],[-97.13324,51.693987],[-97.1275,51.698697],[-97.121466,51.701935],[-97.116314,51.70635]],[[-97.232735,52.319216],[-97.219342,52.336878],[-97.225376,52.340116],[-97.226259,52.344532],[-97.225524,52.350419],[-97.226259,52.358072],[-97.257756,52.365137],[-97.305149,52.349536],[-97.343858,52.321277],[-97.349745,52.289191],[-97.333114,52.275945],[-97.313686,52.277417],[-97.277773,52.289191],[-97.27012,52.299494],[-97.262172,52.306559],[-97.241125,52.312446],[-97.232735,52.319216]],[[-97.89844,52.33364],[-97.89844,52.374557],[-97.902414,52.379561],[-97.925227,52.398989],[-97.929054,52.411058],[-97.928171,52.420772],[-97.925963,52.429603],[-97.925227,52.439317],[-97.923755,52.438728],[-97.921548,52.442849],[-97.91934,52.448736],[-97.91831,52.453741],[-97.92037,52.457862],[-97.92979,52.465515],[-97.93185,52.470519],[-97.933616,52.491714],[-97.938768,52.508492],[-97.959226,52.542344],[-97.977624,52.54676],[-98.002498,52.534985],[-98.019276,52.516735],[-98.013978,52.501428],[-98.024869,52.483766],[-98.008385,52.458451],[-98.013978,52.439317],[-98.031493,52.449325],[-98.044592,52.452563],[-98.052687,52.447559],[-98.055483,52.432546],[-98.052245,52.422538],[-98.038263,52.402227],[-98.035025,52.388686],[-98.021779,52.361605],[-97.969676,52.316861],[-97.966144,52.295962],[-97.925963,52.310385],[-97.906535,52.320394],[-97.89844,52.33364]]]}},{"type":"Feature","properties":{"name":"Lake Erie","scalerank":0},"geometry":{"type":"Polygon","coordinates":[[[-83.076765,42.30436],[-83.078825,42.303477],[-83.090011,42.285226],[-83.098253,42.262855],[-83.102374,42.243427],[-83.112971,42.138044],[-83.12401,42.090063],[-83.123568,42.072107],[-83.10679,42.055622],[-83.051449,42.045025],[-83.02319,42.030307],[-83.010827,42.027069],[-82.989486,42.023537],[-82.983746,42.020593],[-82.959019,42.003225],[-82.918838,41.988802],[-82.874242,41.984386],[-82.829352,41.989685],[-82.712489,42.035311],[-82.667598,42.044142],[-82.622708,42.03796],[-82.582233,42.016766],[-82.548675,41.98733],[-82.523066,41.952006],[-82.506581,41.913739],[-82.499075,41.913739],[-82.502166,41.922864],[-82.506581,41.928163],[-82.499075,41.955244],[-82.486712,42.035017],[-82.468755,42.051501],[-82.457717,42.065631],[-82.386922,42.125975],[-82.369996,42.136572],[-82.123025,42.235773],[-82.08461,42.254907],[-82.061208,42.261383],[-81.92374,42.263738],[-81.925948,42.268153],[-81.929186,42.279633],[-81.931247,42.284343],[-81.855595,42.32526],[-81.859127,42.301416],[-81.871932,42.287581],[-81.886945,42.275218],[-81.8971,42.256379],[-81.873993,42.250491],[-81.856625,42.259028],[-81.845734,42.277573],[-81.837492,42.322905],[-81.818799,42.359406],[-81.814531,42.377068],[-81.79319,42.404738],[-81.656899,42.482745],[-81.635263,42.502173],[-81.567413,42.550448],[-81.550487,42.565461],[-81.540184,42.571643],[-81.505302,42.582534],[-81.478956,42.60049],[-81.458056,42.609027],[-81.417287,42.620213],[-81.35915,42.649355],[-81.229041,42.669666],[-80.932469,42.666722],[-80.778958,42.636403],[-80.755556,42.634342],[-80.703601,42.611676],[-80.577466,42.590776],[-80.553622,42.58224],[-80.511234,42.572231],[-80.358312,42.579296],[-80.331378,42.576352],[-80.251605,42.558102],[-80.152551,42.551331],[-80.124881,42.544267],[-80.109721,42.542501],[-80.088233,42.553098],[-80.073662,42.556924],[-80.058355,42.558691],[-80.046139,42.558102],[-80.095592,42.571348],[-80.300028,42.582534],[-80.328581,42.58901],[-80.341092,42.60314],[-80.443383,42.599607],[-80.453833,42.618152],[-80.443972,42.637286],[-80.403938,42.671726],[-80.387012,42.67938],[-80.379212,42.684973],[-80.370381,42.688211],[-80.358018,42.671138],[-80.347862,42.6679],[-80.334763,42.679674],[-80.318426,42.720591],[-80.303413,42.729422],[-80.287959,42.735603],[-80.231735,42.777697],[-80.187728,42.792416],[-79.874819,42.832449],[-79.834638,42.832449],[-79.796076,42.845401],[-79.775029,42.848639],[-79.734849,42.863357],[-79.717334,42.867184],[-79.695698,42.862474],[-79.64286,42.845107],[-79.625051,42.849228],[-79.606212,42.858648],[-79.57913,42.861591],[-79.495531,42.85747],[-79.484492,42.859531],[-79.476103,42.864829],[-79.469038,42.871894],[-79.460354,42.878076],[-79.446961,42.880725],[-79.368512,42.873071],[-79.202933,42.880136],[-79.156129,42.873366],[-79.113004,42.853643],[-79.094901,42.850111],[-79.087248,42.863357],[-79.07665,42.870422],[-78.965381,42.88985],[-78.943451,42.898975],[-78.925789,42.911339],[-78.915339,42.931944],[-78.926966,42.945779],[-78.970532,42.961969],[-79.019838,42.98964],[-79.04221,43.009951],[-79.042504,43.027613],[-79.031907,43.055283],[-79.053543,43.073828],[-79.075473,43.08884],[-79.066201,43.106208],[-79.026167,43.086485],[-78.914897,43.076477],[-78.887963,43.051456],[-78.893114,43.029379],[-78.927997,43.002003],[-78.936386,42.979631],[-78.932118,42.9708],[-78.913426,42.957848],[-78.90901,42.952255],[-78.901651,42.908101],[-78.896205,42.897209],[-78.875011,42.867184],[-78.869418,42.854526],[-78.867505,42.845696],[-78.867505,42.822441],[-78.87089,42.798303],[-78.880604,42.780641],[-78.895911,42.767689],[-78.915928,42.757386],[-78.993934,42.731188],[-79.031318,42.714115],[-79.059283,42.688505],[-79.08033,42.65171],[-79.096373,42.634342],[-79.117714,42.626983],[-79.12213,42.622862],[-79.138761,42.59578],[-79.150683,42.581062],[-79.156129,42.576941],[-79.169228,42.571643],[-79.235166,42.556924],[-79.255918,42.535436],[-79.308315,42.509826],[-79.358063,42.494519],[-79.368365,42.489809],[-79.37543,42.483333],[-79.383967,42.473914],[-79.394122,42.465671],[-79.423853,42.454486],[-79.470804,42.407093],[-79.526733,42.383838],[-79.542776,42.370003],[-79.560144,42.358229],[-79.628436,42.338801],[-79.703499,42.294352],[-79.731463,42.284343],[-79.751775,42.27198],[-79.889095,42.229591],[-79.932956,42.205454],[-79.974167,42.195445],[-80.019204,42.167186],[-80.061887,42.155412],[-80.111046,42.131568],[-80.135478,42.125975],[-80.135478,42.133629],[-80.129297,42.138044],[-80.116639,42.151291],[-80.111635,42.15394],[-80.087203,42.154529],[-80.076753,42.158061],[-80.067333,42.167186],[-80.089557,42.174251],[-80.10825,42.166009],[-80.12444,42.153351],[-80.149608,42.141282],[-80.16256,42.118322],[-80.173157,42.113023],[-80.181988,42.110963],[-80.210688,42.092418],[-80.375827,42.023537],[-80.439262,42.013823],[-80.454275,42.007052],[-80.47017,41.997044],[-80.780577,41.919037],[-80.812369,41.90167],[-80.85093,41.897549],[-80.869328,41.893428],[-80.87757,41.888423],[-80.890081,41.876649],[-80.895968,41.872822],[-80.931733,41.867229],[-80.957196,41.85516],[-81.026224,41.845446],[-81.348406,41.729467],[-81.672206,41.522234],[-81.709002,41.513404],[-81.743001,41.497508],[-81.766697,41.495447],[-81.799077,41.508105],[-81.807761,41.509577],[-81.819094,41.505456],[-81.839111,41.492209],[-81.852063,41.489266],[-81.877525,41.490149],[-81.99792,41.511932],[-82.04075,41.511049],[-82.173214,41.48279],[-82.250926,41.450115],[-82.294345,41.44099],[-82.363079,41.438929],[-82.37971,41.431276],[-82.39384,41.420973],[-82.438436,41.39919],[-82.458158,41.393597],[-82.504815,41.395658],[-82.546468,41.411554],[-82.616379,41.454531],[-82.625799,41.458946],[-82.643608,41.465128],[-82.650673,41.46866],[-82.659945,41.477785],[-82.666863,41.486322],[-82.674074,41.492504],[-82.684672,41.495447],[-82.67172,41.473959],[-82.629773,41.445994],[-82.60902,41.427744],[-82.657149,41.454236],[-82.683936,41.464539],[-82.708957,41.46866],[-82.720878,41.467777],[-82.73648,41.463067],[-82.746194,41.46189],[-82.759587,41.462773],[-82.767388,41.465717],[-82.787699,41.476019],[-82.829057,41.470721],[-82.87851,41.446877],[-82.925609,41.432453],[-82.959019,41.454531],[-82.968439,41.447466],[-82.979477,41.443639],[-82.98875,41.445994],[-82.992576,41.458063],[-83.00229,41.460124],[-83.061458,41.46189],[-83.045268,41.468366],[-83.009061,41.469543],[-82.992576,41.476019],[-82.979183,41.46866],[-82.971971,41.472781],[-82.96682,41.481907],[-82.959019,41.489266],[-82.949894,41.492504],[-82.939738,41.49427],[-82.914423,41.495447],[-82.867472,41.50369],[-82.845394,41.504573],[-82.821845,41.495447],[-82.800062,41.508694],[-82.766358,41.51517],[-82.69836,41.51723],[-82.704688,41.533715],[-82.71087,41.543134],[-82.721026,41.548139],[-82.758999,41.551671],[-82.769448,41.550788],[-82.785638,41.543723],[-82.793439,41.548139],[-82.799768,41.554615],[-82.804478,41.558147],[-82.815811,41.574926],[-82.828174,41.586406],[-82.845836,41.591704],[-82.84407,41.586111],[-82.846425,41.573454],[-82.850987,41.559619],[-82.855991,41.550788],[-82.868944,41.541957],[-82.884545,41.536364],[-82.918102,41.530771],[-82.937825,41.53136],[-82.972707,41.541368],[-82.989486,41.543723],[-83.018922,41.553731],[-83.069994,41.601713],[-83.095604,41.619669],[-83.122244,41.619669],[-83.156096,41.626145],[-83.218501,41.646162],[-83.244847,41.660291],[-83.291503,41.697675],[-83.314758,41.708861],[-83.326091,41.70945],[-83.349493,41.703268],[-83.366272,41.701502],[-83.381726,41.702974],[-83.459144,41.721519],[-83.464589,41.729172],[-83.466208,41.746246],[-83.462382,41.759492],[-83.453109,41.76744],[-83.441776,41.769206],[-83.432062,41.763613],[-83.424556,41.763613],[-83.423967,41.790106],[-83.420729,41.810417],[-83.412634,41.82749],[-83.370834,41.877532],[-83.354056,41.889601],[-83.335805,41.887246],[-83.326385,41.914916],[-83.309607,41.935227],[-83.287088,41.94347],[-83.260153,41.934344],[-83.253972,41.946708],[-83.252794,41.95966],[-83.25721,41.972317],[-83.266924,41.98262],[-83.237046,41.985269],[-83.221297,41.994689],[-83.199367,42.03796],[-83.194363,42.030601],[-83.1898,42.025303],[-83.178173,42.016766],[-83.182147,42.023831],[-83.183472,42.029718],[-83.185091,42.044142],[-83.188034,42.050912],[-83.197307,42.061215],[-83.199367,42.065336],[-83.196865,42.079466],[-83.191125,42.088002],[-83.187887,42.095361],[-83.191861,42.105664],[-83.187445,42.11008],[-83.178173,42.125975],[-83.146087,42.232829],[-83.125482,42.268448],[-83.081622,42.30907],[-83.076765,42.30436]],[[-78.981718,42.979043],[-78.964351,42.976393],[-78.91269,43.037032],[-78.908569,43.049396],[-78.917399,43.058521],[-78.943304,43.065291],[-78.958905,43.070884],[-78.975536,43.069707],[-78.993051,43.066174],[-79.011449,43.065291],[-79.00983,43.050867],[-79.023076,43.017015],[-79.022046,43.010539],[-79.01189,43.004358],[-78.998055,42.991111],[-78.981718,42.979043]],[[-83.14491,42.107725],[-83.141819,42.137161],[-83.143438,42.194856],[-83.150944,42.188675],[-83.16684,42.132451],[-83.169784,42.102426],[-83.157715,42.092418],[-83.14491,42.107725]],[[-82.638309,41.747423],[-82.622708,41.749778],[-82.628742,41.759786],[-82.644344,41.824546],[-82.644344,41.838087],[-82.67746,41.808062],[-82.684377,41.795404],[-82.685849,41.744479],[-82.683494,41.733588],[-82.67481,41.729467],[-82.6623,41.732999],[-82.638309,41.747423]]]}},{"type":"Feature","properties":{"name":"Lake Ontario","scalerank":0},"geometry":{"type":"Polygon","coordinates":[[[-76.087236,43.970461],[-76.120057,43.96634],[-76.133451,43.956626],[-76.140515,43.941613],[-76.141693,43.92925],[-76.145814,43.916887],[-76.161268,43.901285],[-76.204834,43.874498],[-76.215873,43.860369],[-76.243249,43.874498],[-76.238244,43.880974],[-76.228972,43.901285],[-76.278425,43.883918],[-76.291671,43.874498],[-76.303152,43.858603],[-76.297264,43.851538],[-76.282399,43.846534],[-76.266798,43.835936],[-76.261058,43.831227],[-76.248253,43.823868],[-76.243249,43.819158],[-76.240158,43.811799],[-76.240011,43.804145],[-76.238686,43.796492],[-76.225292,43.777064],[-76.216461,43.749688],[-76.209691,43.737325],[-76.218964,43.717896],[-76.220435,43.69523],[-76.216609,43.671093],[-76.209691,43.648132],[-76.201154,43.661967],[-76.191735,43.671387],[-76.180843,43.674331],[-76.168186,43.668443],[-76.210427,43.623406],[-76.215431,43.601328],[-76.188055,43.58661],[-76.207336,43.573364],[-76.246339,43.538334],[-76.266798,43.53127],[-76.33406,43.520967],[-76.359964,43.524499],[-76.401469,43.536274],[-76.419278,43.533919],[-76.471234,43.495357],[-76.490367,43.484171],[-76.594867,43.447376],[-76.633134,43.427065],[-76.667869,43.401455],[-76.712759,43.338755],[-76.736897,43.351119],[-76.751027,43.353768],[-76.757208,43.342582],[-76.762507,43.338461],[-76.826973,43.316678],[-76.930147,43.300783],[-76.935299,43.297839],[-76.941333,43.289008],[-76.941775,43.281649],[-76.940597,43.275467],[-76.942216,43.270463],[-76.945896,43.264281],[-76.945601,43.261338],[-76.947073,43.259277],[-76.956346,43.256922],[-76.966501,43.256039],[-76.975774,43.2581],[-76.983722,43.263104],[-76.990492,43.270463],[-76.98799,43.27429],[-76.983133,43.284298],[-77.366689,43.297839],[-77.412463,43.290774],[-77.538009,43.256922],[-77.583194,43.257217],[-77.624699,43.271346],[-77.69623,43.319033],[-77.701087,43.320799],[-77.723606,43.325215],[-77.7239,43.335812],[-77.748774,43.344643],[-78.106573,43.394096],[-78.226968,43.379966],[-78.380185,43.396156],[-78.689414,43.361422],[-78.754175,43.338167],[-78.862059,43.324332],[-78.990696,43.286947],[-79.059283,43.278116],[-79.079005,43.271346],[-79.174379,43.259572],[-79.195574,43.249858],[-79.230603,43.228958],[-79.291242,43.210413],[-79.309492,43.198933],[-79.330392,43.190102],[-79.353206,43.193928],[-79.395005,43.209824],[-79.444458,43.213651],[-79.544984,43.20953],[-79.593701,43.216006],[-79.692313,43.241321],[-79.740442,43.261926],[-79.772527,43.291657],[-79.774735,43.329336],[-79.748684,43.362305],[-79.683041,43.41529],[-79.616956,43.49418],[-79.611804,43.51508],[-79.609155,43.536568],[-79.601207,43.558645],[-79.589286,43.571009],[-79.570888,43.582195],[-79.549694,43.590142],[-79.529088,43.59338],[-79.508188,43.600151],[-79.495089,43.615458],[-79.484639,43.633708],[-79.470804,43.648132],[-79.447255,43.651959],[-79.386174,43.6446],[-79.371456,43.6446],[-79.355119,43.659612],[-79.33834,43.670504],[-79.280203,43.699057],[-79.200872,43.754103],[-79.156129,43.772648],[-79.135082,43.784423],[-79.128459,43.792076],[-79.116684,43.81121],[-79.107706,43.819158],[-79.09652,43.825045],[-79.088425,43.826517],[-79.062668,43.825634],[-79.041032,43.829755],[-78.977303,43.860369],[-78.952723,43.865667],[-78.878396,43.860369],[-78.854847,43.863312],[-78.810692,43.876853],[-78.670134,43.897164],[-78.607434,43.915415],[-78.582119,43.914532],[-78.501316,43.901285],[-78.480122,43.904523],[-78.422426,43.92925],[-78.279512,43.958686],[-78.020766,43.97782],[-78.001633,43.982235],[-77.906553,43.985768],[-77.803231,44.019031],[-77.782184,44.021386],[-77.718307,44.008434],[-77.675183,44.004313],[-77.68475,44.01491],[-77.701528,44.020208],[-77.737147,44.025507],[-77.725961,44.03787],[-77.708888,44.044641],[-77.69049,44.043169],[-77.675183,44.031689],[-77.660759,44.037576],[-77.61631,44.045524],[-77.600709,44.045229],[-77.531828,44.017854],[-77.541836,44.010494],[-77.553316,44.005785],[-77.566121,44.003724],[-77.579515,44.004313],[-77.563766,43.991066],[-77.491794,43.95221],[-77.47737,43.948678],[-77.439103,43.949561],[-77.360066,43.968106],[-77.318414,43.972227],[-77.291626,43.956626],[-77.271904,43.965162],[-77.250563,43.970167],[-77.264251,43.947795],[-77.283973,43.94544],[-77.325773,43.962513],[-77.300457,43.923363],[-77.256156,43.921008],[-77.207144,43.938081],[-77.168141,43.956626],[-77.181534,43.935726],[-77.236286,43.88068],[-77.219949,43.876264],[-77.168141,43.874498],[-77.16711,43.871849],[-77.168141,43.867139],[-77.168288,43.862429],[-77.164903,43.860369],[-77.130609,43.860369],[-77.122809,43.861841],[-77.116333,43.865079],[-77.110298,43.870671],[-77.085424,43.887156],[-76.976362,43.915415],[-76.924849,43.937198],[-76.90807,43.942202],[-76.864946,43.942791],[-76.849786,43.946912],[-76.856556,43.959569],[-76.887317,43.965751],[-76.971064,43.951622],[-77.003591,43.962513],[-77.02979,43.94073],[-77.041564,43.938081],[-77.044508,43.956626],[-77.036413,43.97105],[-77.013011,43.988123],[-77.017279,43.997248],[-76.991375,44.012849],[-76.927351,44.032866],[-76.901152,44.052],[-76.898209,44.05877],[-76.895854,44.074077],[-76.890555,44.082319],[-76.884668,44.087323],[-76.871274,44.096154],[-76.852582,44.112344],[-76.850227,44.115877],[-76.876867,44.113522],[-76.890997,44.108223],[-76.920728,44.084674],[-77.009037,44.049645],[-77.028759,44.051705],[-77.062611,44.05877],[-77.081892,44.055827],[-77.12119,44.044641],[-77.133994,44.045229],[-77.108238,44.073194],[-77.091606,44.105574],[-77.066291,44.182403],[-77.082628,44.179754],[-77.141648,44.163858],[-77.171526,44.150906],[-77.185361,44.148257],[-77.247177,44.148257],[-77.262337,44.144724],[-77.287652,44.127063],[-77.298985,44.120881],[-77.298985,44.113522],[-77.290449,44.114111],[-77.264251,44.113522],[-77.264251,44.10734],[-77.306492,44.094683],[-77.327686,44.094977],[-77.340049,44.10734],[-77.33166,44.110578],[-77.326656,44.114699],[-77.318855,44.127063],[-77.324595,44.130301],[-77.327686,44.133833],[-77.330041,44.137365],[-77.333132,44.140898],[-77.325037,44.141781],[-77.305314,44.148257],[-77.305314,44.154438],[-77.389355,44.147962],[-77.40687,44.14914],[-77.415112,44.148257],[-77.42409,44.143547],[-77.443077,44.130006],[-77.452938,44.127063],[-77.490175,44.120881],[-77.552433,44.090267],[-77.586432,44.079376],[-77.583636,44.099392],[-77.572891,44.114405],[-77.555965,44.123825],[-77.508573,44.128829],[-77.376698,44.172395],[-77.345348,44.177693],[-77.336223,44.181226],[-77.327097,44.180931],[-77.315764,44.1721],[-77.306492,44.168274],[-77.293981,44.168862],[-77.271757,44.175633],[-77.263367,44.180637],[-77.255125,44.187702],[-77.246442,44.193883],[-77.236286,44.195355],[-77.224953,44.190351],[-77.204936,44.172689],[-77.192279,44.168568],[-77.17079,44.171806],[-77.038473,44.215077],[-77.014188,44.217138],[-76.99947,44.215077],[-77.002266,44.210073],[-77.020959,44.199182],[-77.034794,44.187113],[-77.039651,44.180637],[-77.044508,44.168568],[-77.049218,44.141486],[-77.039356,44.136188],[-77.021989,44.143547],[-76.921758,44.203009],[-76.914987,44.194178],[-76.90704,44.187702],[-76.897914,44.183581],[-76.887464,44.182403],[-76.896148,44.170334],[-76.906745,44.166802],[-76.931913,44.168568],[-76.946337,44.166507],[-76.974008,44.156793],[-76.986812,44.154438],[-77.003738,44.146491],[-77.072472,44.092916],[-77.063494,44.088795],[-77.053339,44.085852],[-77.042594,44.084969],[-77.031556,44.085557],[-77.034499,44.082025],[-77.036707,44.078787],[-77.039651,44.075549],[-77.044508,44.072605],[-77.044508,44.066424],[-76.973713,44.076726],[-76.962674,44.082319],[-76.953255,44.098509],[-76.931325,44.110578],[-76.887464,44.127063],[-76.836687,44.164152],[-76.794593,44.172689],[-76.73675,44.203009],[-76.695686,44.217138],[-76.659332,44.22332],[-76.65109,44.227146],[-76.637991,44.235977],[-76.63019,44.233622],[-76.624009,44.227146],[-76.616502,44.22332],[-76.544236,44.22538],[-76.523042,44.23009],[-76.503466,44.23951],[-76.486541,44.254228],[-76.477121,44.259232],[-76.468584,44.255111],[-76.460489,44.247752],[-76.452394,44.243925],[-76.441356,44.24628],[-76.407651,44.264236],[-76.332588,44.292201],[-76.322433,44.299266],[-76.315221,44.306036],[-76.307273,44.310746],[-76.260322,44.320165],[-76.235742,44.33194],[-76.168186,44.332529],[-76.151701,44.339299],[-76.108283,44.36226],[-76.089002,44.367264],[-76.009523,44.374623],[-75.973905,44.38522],[-75.941525,44.40141],[-75.844532,44.487659],[-75.811858,44.504437],[-75.791988,44.497078],[-75.779184,44.48236],[-75.772266,44.463815],[-75.770205,44.446153],[-75.780803,44.432318],[-75.845415,44.40141],[-75.84674,44.398172],[-75.847623,44.392579],[-75.849095,44.386103],[-75.852922,44.381099],[-75.856601,44.379333],[-75.908998,44.363731],[-75.914297,44.357255],[-75.923863,44.347836],[-76.053825,44.265708],[-76.183493,44.223025],[-76.357462,44.131478],[-76.366146,44.117349],[-76.3607,44.09586],[-76.347012,44.088795],[-76.32935,44.084969],[-76.311541,44.072605],[-76.306537,44.061125],[-76.309186,44.053472],[-76.313013,44.046996],[-76.311541,44.039048],[-76.304329,44.033455],[-76.295204,44.032572],[-76.28755,44.037282],[-76.284165,44.048762],[-76.274746,44.062008],[-76.209691,44.085557],[-76.201007,44.072017],[-76.161268,44.077315],[-76.146991,44.066424],[-76.154351,44.061419],[-76.157147,44.058181],[-76.161268,44.045229],[-76.153615,44.051117],[-76.145372,44.055532],[-76.136394,44.058181],[-76.126533,44.05877],[-76.132715,44.045818],[-76.144342,44.032572],[-76.158325,44.022269],[-76.18467,44.012555],[-76.201743,44.00078],[-76.212193,43.9893],[-76.206011,43.983707],[-76.143901,43.983707],[-76.125356,43.988123],[-76.097833,44.006962],[-76.08179,44.011083],[-76.065158,44.007845],[-76.057946,43.999603],[-76.060301,43.988417],[-76.071929,43.976348],[-76.087236,43.970461]],[[-76.05147,44.340182],[-76.05147,44.332529],[-76.038371,44.329291],[-76.037488,44.319871],[-76.038665,44.308391],[-76.030865,44.299266],[-76.02174,44.300737],[-75.993039,44.319577],[-75.975377,44.324875],[-75.9533,44.337239],[-75.933283,44.35284],[-75.918712,44.370796],[-75.916063,44.373445],[-75.914444,44.376389],[-75.914297,44.381099],[-75.927837,44.38051],[-75.93814,44.376095],[-75.955213,44.360493],[-75.960659,44.376095],[-75.973022,44.36903],[-75.99613,44.340182],[-76.003047,44.346364],[-76.000398,44.348424],[-75.999221,44.348424],[-75.99819,44.349602],[-75.99613,44.353723],[-76.007757,44.353723],[-76.017618,44.351368],[-76.025566,44.347247],[-76.030865,44.340182],[-76.03322,44.340771],[-76.037488,44.34136],[-76.043522,44.34136],[-76.05147,44.340182]],[[-76.158325,44.285136],[-76.160091,44.276011],[-76.15803,44.267769],[-76.150671,44.264236],[-76.126533,44.268652],[-76.08856,44.29014],[-76.065158,44.299266],[-76.065305,44.303387],[-76.066777,44.306625],[-76.071929,44.312806],[-76.078552,44.313395],[-76.086205,44.309863],[-76.095331,44.307508],[-76.106075,44.312806],[-76.117849,44.305447],[-76.143753,44.299266],[-76.154498,44.292201],[-76.158325,44.285136]],[[-76.640493,44.175633],[-76.636813,44.198887],[-76.660068,44.200654],[-76.716145,44.182403],[-76.794298,44.162681],[-76.815198,44.1512],[-76.814609,44.132361],[-76.778403,44.122942],[-76.736456,44.120881],[-76.719383,44.124119],[-76.703193,44.124708],[-76.658891,44.163269],[-76.640493,44.175633]],[[-76.313896,44.288963],[-76.353194,44.264236],[-76.275481,44.269535],[-76.238686,44.279838],[-76.205864,44.301915],[-76.195414,44.312806],[-76.241924,44.310746],[-76.279161,44.303681],[-76.313896,44.288963]],[[-76.416187,44.222731],[-76.435027,44.22332],[-76.406032,44.215372],[-76.252815,44.216255],[-76.222054,44.219787],[-76.195414,44.230679],[-76.181285,44.240982],[-76.190705,44.244514],[-76.225881,44.243925],[-76.244279,44.242748],[-76.271508,44.238038],[-76.359964,44.237155],[-76.379686,44.233622],[-76.416187,44.222731]],[[-76.408534,44.13501],[-76.359964,44.154438],[-76.379686,44.161798],[-76.365262,44.177988],[-76.356284,44.184758],[-76.353782,44.187407],[-76.350986,44.189173],[-76.346276,44.189173],[-76.367912,44.200948],[-76.401322,44.210956],[-76.435468,44.214194],[-76.459606,44.206247],[-76.499345,44.166507],[-76.502289,44.150023],[-76.469173,44.148257],[-76.473441,44.140603],[-76.47771,44.134716],[-76.483008,44.130006],[-76.489631,44.127063],[-76.489631,44.120881],[-76.480064,44.125296],[-76.471086,44.126768],[-76.456074,44.127063],[-76.448862,44.125591],[-76.441356,44.122058],[-76.433261,44.120292],[-76.42443,44.124119],[-76.408534,44.13501]],[[-76.215873,44.031689],[-76.212782,44.042874],[-76.223968,44.043758],[-76.241335,44.038165],[-76.256201,44.031689],[-76.274451,44.019325],[-76.280338,44.008728],[-76.277395,43.976348],[-76.24163,43.996954],[-76.228236,44.009317],[-76.215873,44.031689]]]}},{"type":"Feature","properties":{"name":"Lake Saint Clair","scalerank":0},"geometry":{"type":"Polygon","coordinates":[[[-83.081622,42.30907],[-83.061899,42.32732],[-83.042618,42.340861],[-82.979624,42.359406],[-82.947686,42.363527],[-82.937972,42.366176],[-82.923842,42.374419],[-82.905739,42.387665],[-82.889991,42.403266],[-82.883367,42.41769],[-82.881307,42.430348],[-82.872329,42.449776],[-82.869679,42.461845],[-82.871151,42.472147],[-82.880424,42.486277],[-82.883367,42.49658],[-82.881307,42.516008],[-82.873801,42.538674],[-82.863498,42.557513],[-82.852606,42.565461],[-82.808305,42.579296],[-82.795058,42.581651],[-82.785197,42.581945],[-82.778132,42.586066],[-82.773422,42.599607],[-82.797707,42.610793],[-82.814339,42.631693],[-82.814781,42.652004],[-82.791231,42.661129],[-82.766799,42.665545],[-82.747665,42.675847],[-82.728826,42.689388],[-82.705277,42.702046],[-82.692914,42.695276],[-82.650673,42.681735],[-82.631392,42.68144],[-82.631539,42.669371],[-82.639634,42.654653],[-82.644344,42.640524],[-82.638751,42.633459],[-82.629331,42.626394],[-82.625357,42.616092],[-82.636985,42.599607],[-82.616673,42.582828],[-82.60902,42.579296],[-82.637132,42.568405],[-82.644932,42.561634],[-82.644344,42.551331],[-82.635807,42.541912],[-82.602544,42.515713],[-82.592536,42.51012],[-82.521741,42.51277],[-82.48627,42.505411],[-82.465665,42.482745],[-82.446089,42.497168],[-82.435345,42.50129],[-82.420921,42.502761],[-82.415917,42.496874],[-82.417095,42.483628],[-82.422687,42.469793],[-82.43093,42.461845],[-82.418566,42.444772],[-82.410471,42.424166],[-82.407528,42.402383],[-82.41106,42.3806],[-82.438878,42.339095],[-82.478764,42.32526],[-82.575462,42.32526],[-82.587531,42.322316],[-82.611964,42.313191],[-82.626387,42.310836],[-82.773422,42.310836],[-82.847013,42.329675],[-82.947686,42.343216],[-82.972118,42.338801],[-82.995079,42.324671],[-83.007589,42.319373],[-83.01745,42.322022],[-83.030549,42.328498],[-83.043207,42.323788],[-83.054982,42.315546],[-83.076765,42.30436],[-83.081622,42.30907]]]}},{"type":"Feature","properties":{"name":"Lake Okeechobee","scalerank":1},"geometry":{"type":"Polygon","coordinates":[[[-80.628391,27.011555],[-80.61853,26.977703],[-80.614703,26.937964],[-80.620443,26.897342],[-80.636044,26.866139],[-80.659005,26.839941],[-80.687411,26.814036],[-80.691826,26.80079],[-80.694181,26.748982],[-80.701393,26.746921],[-80.705956,26.743389],[-80.710666,26.74074],[-80.718319,26.7428],[-80.722882,26.74751],[-80.726709,26.755164],[-80.732007,26.769587],[-80.735687,26.752514],[-80.728328,26.724844],[-80.725237,26.69894],[-80.741721,26.687754],[-80.756292,26.689815],[-80.781313,26.699234],[-80.814135,26.703356],[-80.824437,26.708948],[-80.848134,26.728671],[-80.860497,26.735147],[-80.883457,26.743095],[-80.895968,26.748982],[-80.930997,26.778418],[-80.941006,26.795492],[-80.951014,26.821984],[-80.965585,26.847594],[-80.985307,26.858485],[-80.978684,26.879091],[-80.988398,26.88174],[-81.020042,26.872026],[-81.037704,26.876147],[-81.056838,26.885861],[-81.069201,26.897047],[-81.067288,26.906761],[-81.067288,26.913532],[-81.074058,26.922068],[-81.077885,26.945617],[-81.087746,26.955037],[-81.094664,26.950327],[-81.099079,26.954448],[-81.101287,26.964162],[-81.102023,26.975642],[-81.08598,26.979175],[-81.032994,27.003018],[-80.976477,27.043641],[-80.957932,27.050705],[-80.963966,27.062185],[-80.960287,27.065718],[-80.952044,27.066895],[-80.941153,27.071899],[-80.931439,27.072194],[-80.927171,27.074254],[-80.924521,27.079553],[-80.923197,27.09015],[-80.920106,27.095154],[-80.845043,27.172572],[-80.818403,27.190823],[-80.788525,27.196415],[-80.751877,27.187879],[-80.73392,27.162269],[-80.679169,27.113405],[-80.656944,27.078081],[-80.628391,27.011555]]]}},{"type":"Feature","properties":{"name":"Lago de Nicaragua","scalerank":1},"geometry":{"type":"Polygon","coordinates":[[[-84.782016,11.162696],[-84.778631,11.141207],[-84.766415,11.108827],[-84.767739,11.090282],[-84.776423,11.080863],[-84.819547,11.049366],[-84.851486,11.048188],[-84.857226,11.045833],[-84.862377,11.042301],[-84.888281,11.031115],[-84.898143,11.029055],[-84.918601,11.032881],[-84.934202,11.051721],[-84.956132,11.056136],[-84.972764,11.057313],[-85.15262,11.097936],[-85.168663,11.09823],[-85.185295,11.095286],[-85.201485,11.094109],[-85.22474,11.105],[-85.235925,11.105884],[-85.257414,11.104706],[-85.265803,11.108827],[-85.28582,11.130316],[-85.295976,11.138852],[-85.332918,11.15151],[-85.367359,11.159163],[-85.408864,11.162401],[-85.497174,11.193604],[-85.511303,11.203612],[-85.523519,11.215681],[-85.535588,11.224807],[-85.562817,11.241291],[-85.578124,11.247767],[-85.59505,11.252183],[-85.628018,11.255421],[-85.750327,11.375521],[-85.768283,11.406429],[-85.795659,11.508868],[-85.802724,11.525058],[-85.833485,11.576866],[-85.850263,11.59129],[-85.850263,11.576866],[-85.858211,11.583931],[-85.863215,11.591879],[-85.865276,11.601298],[-85.86454,11.611896],[-85.859683,11.609246],[-85.849822,11.60748],[-85.844082,11.604831],[-85.856739,11.663704],[-85.86454,11.680188],[-85.859389,11.684898],[-85.858506,11.689608],[-85.860566,11.694906],[-85.86454,11.701088],[-85.87131,11.701088],[-85.872194,11.688725],[-85.870722,11.678422],[-85.86454,11.659582],[-85.878817,11.67018],[-85.912521,11.70462],[-85.919145,11.717867],[-85.916201,11.726992],[-85.909136,11.737],[-85.901188,11.744948],[-85.885146,11.753485],[-85.884998,11.76467],[-85.891769,11.783215],[-85.891327,11.829431],[-85.898245,11.854157],[-85.916054,11.865049],[-85.927387,11.874763],[-85.918556,11.892425],[-85.904279,11.899784],[-85.898686,11.878589],[-85.891769,11.878589],[-85.901777,11.90832],[-85.911344,11.917151],[-85.929742,11.920095],[-85.936659,11.928337],[-85.937984,11.946882],[-85.936218,11.967193],[-85.933421,11.981028],[-85.922088,12.012525],[-85.890297,12.07493],[-85.87131,12.097891],[-85.844523,12.089648],[-85.817589,12.09583],[-85.795364,12.110254],[-85.775642,12.119968],[-85.775201,12.118202],[-85.759599,12.106427],[-85.69322,12.071104],[-85.669671,12.062861],[-85.661576,12.057268],[-85.658485,12.046083],[-85.653923,12.040195],[-85.643473,12.038723],[-85.631992,12.039901],[-85.624339,12.043139],[-85.624339,12.036369],[-85.618157,12.036369],[-85.59505,12.052264],[-85.563111,12.028421],[-85.518221,11.974846],[-85.511009,11.96837],[-85.491728,11.938934],[-85.480542,11.912441],[-85.432561,11.865049],[-85.410189,11.886243],[-85.367506,11.877706],[-85.323204,11.855923],[-85.295976,11.837673],[-85.287734,11.825309],[-85.280963,11.809119],[-85.272132,11.795284],[-85.257414,11.789397],[-85.245639,11.787337],[-85.237692,11.782038],[-85.223709,11.765848],[-85.215614,11.761432],[-85.193831,11.757606],[-85.186178,11.755251],[-85.147322,11.696084],[-85.110379,11.652812],[-85.108024,11.648985],[-85.105522,11.641626],[-85.103609,11.638388],[-85.100518,11.636328],[-85.092717,11.633973],[-85.089921,11.632207],[-85.072995,11.616311],[-85.065636,11.606303],[-85.057688,11.580104],[-85.046061,11.568624],[-85.02104,11.549785],[-84.9813,11.501509],[-84.958487,11.487379],[-84.925371,11.440281],[-84.917129,11.435866],[-84.910653,11.434688],[-84.904766,11.432922],[-84.898143,11.426152],[-84.894757,11.418204],[-84.89255,11.407901],[-84.891225,11.388473],[-84.886221,11.368162],[-84.874593,11.356682],[-84.8612,11.346673],[-84.850897,11.330778],[-84.853252,11.326951],[-84.859287,11.323713],[-84.862672,11.319003],[-84.857226,11.310172],[-84.845157,11.312527],[-84.835443,11.312527],[-84.826171,11.306346],[-84.797764,11.278381],[-84.788345,11.264251],[-84.782016,11.241291],[-84.782016,11.162696]],[[-85.878228,11.707858],[-85.781971,11.711096],[-85.786681,11.743771],[-85.792126,11.761727],[-85.799338,11.76938],[-85.822446,11.762316],[-85.834368,11.761432],[-85.844082,11.76938],[-85.87131,11.74848],[-85.87396,11.738472],[-85.872488,11.731407],[-85.867042,11.724048],[-85.857622,11.71404],[-85.863804,11.713451],[-85.878228,11.707858]],[[-85.452577,11.427329],[-85.448751,11.441459],[-85.456404,11.45706],[-85.465971,11.470306],[-85.468915,11.480315],[-85.472447,11.486202],[-85.484074,11.488263],[-85.499234,11.490912],[-85.512039,11.495622],[-85.523666,11.498271],[-85.535588,11.494444],[-85.549718,11.506808],[-85.552956,11.521526],[-85.552661,11.538304],[-85.555458,11.557144],[-85.561492,11.566858],[-85.571648,11.574806],[-85.584305,11.580693],[-85.590193,11.583931],[-85.597699,11.59129],[-85.609768,11.585991],[-85.652156,11.585403],[-85.672762,11.576866],[-85.685714,11.560087],[-85.702198,11.521231],[-85.713678,11.508868],[-85.67497,11.485908],[-85.658485,11.480903],[-85.638763,11.479432],[-85.607413,11.486791],[-85.590193,11.488263],[-85.566349,11.474427],[-85.547363,11.418793],[-85.525285,11.406429],[-85.515719,11.405252],[-85.505416,11.399953],[-85.497615,11.398776],[-85.494083,11.401131],[-85.481278,11.410256],[-85.476862,11.412611],[-85.463469,11.416732],[-85.452577,11.427329]]]}},{"type":"Feature","properties":{"name":"Wollaston Lake","scalerank":2},"geometry":{"type":"Polygon","coordinates":[[[-103.640454,58.388121],[-103.620879,58.407255],[-103.571131,58.434631],[-103.557885,58.456414],[-103.548759,58.453765],[-103.540076,58.44876],[-103.533305,58.44199],[-103.530509,58.432865],[-103.524327,58.420502],[-103.509903,58.418147],[-103.482822,58.422268],[-103.387006,58.422562],[-103.369492,58.425506],[-103.351977,58.434631],[-103.229963,58.464067],[-103.210241,58.476725],[-103.194786,58.497919],[-103.207886,58.503512],[-103.242473,58.513815],[-103.249391,58.521468],[-103.244976,58.528533],[-103.215834,58.559441],[-103.18728,58.572393],[-103.170207,58.569155],[-103.168882,58.554143],[-103.188016,58.532066],[-103.173151,58.521174],[-103.152692,58.518525],[-103.130909,58.521468],[-103.077482,58.540013],[-103.072037,58.545312],[-103.06821,58.546489],[-103.062911,58.544134],[-103.059968,58.539425],[-103.057613,58.532066],[-103.024938,58.530299],[-102.920439,58.552082],[-102.930448,58.53707],[-102.934716,58.532066],[-102.975632,58.510871],[-102.967096,58.499391],[-102.927798,58.463184],[-102.907929,58.457003],[-102.868189,58.457003],[-102.848761,58.446111],[-102.838017,58.443462],[-102.804165,58.442579],[-102.796953,58.439635],[-102.79401,58.428155],[-102.786651,58.422562],[-102.776789,58.418441],[-102.766487,58.411671],[-102.76737,58.399602],[-102.780911,58.383412],[-102.81123,58.353975],[-102.836545,58.320712],[-102.85406,58.307171],[-102.873341,58.305405],[-102.879081,58.31924],[-102.873488,58.340434],[-102.871133,58.357213],[-102.886587,58.356919],[-102.922205,58.339257],[-102.988143,58.292453],[-103.016696,58.264489],[-102.986377,58.244177],[-103.006688,58.232403],[-103.037155,58.221511],[-103.037155,58.202966],[-103.020376,58.198845],[-102.915876,58.217096],[-102.893063,58.21533],[-102.897184,58.199728],[-102.920292,58.179712],[-102.950906,58.158517],[-102.98358,58.141739],[-103.013605,58.134968],[-103.046869,58.117306],[-103.064236,58.112891],[-103.071301,58.127315],[-103.064236,58.137618],[-103.016696,58.168526],[-103.048782,58.177946],[-103.084841,58.161755],[-103.146952,58.120544],[-103.191696,58.11083],[-103.236145,58.107004],[-103.245564,58.099056],[-103.277356,58.045482],[-103.268966,58.046365],[-103.243209,58.045482],[-103.253954,58.024287],[-103.290013,57.988964],[-103.304731,57.96983],[-103.293693,57.964826],[-103.282065,57.96306],[-103.256897,57.963648],[-103.276914,57.933623],[-103.301199,57.90507],[-103.305026,57.889763],[-103.287658,57.877694],[-103.249391,57.860327],[-103.245564,57.854145],[-103.246006,57.850318],[-103.248066,57.845314],[-103.249391,57.836189],[-103.246153,57.825297],[-103.237911,57.825592],[-103.22805,57.830301],[-103.20347,57.837955],[-103.184631,57.849435],[-103.15387,57.874162],[-103.174623,57.836483],[-103.292368,57.719621],[-103.329164,57.699604],[-103.407759,57.668107],[-103.39569,57.678704],[-103.374937,57.702253],[-103.34609,57.722859],[-103.318272,57.758182],[-103.288541,57.776138],[-103.275737,57.786441],[-103.270438,57.801748],[-103.276914,57.811168],[-103.304437,57.797038],[-103.310766,57.808813],[-103.317242,57.841193],[-103.335051,57.86121],[-103.36228,57.871218],[-103.397162,57.874162],[-103.473255,57.866803],[-103.515055,57.867391],[-103.537426,57.880343],[-103.526093,57.887997],[-103.524033,57.895062],[-103.530214,57.900066],[-103.544197,57.902126],[-103.557002,57.899477],[-103.571425,57.893001],[-103.59571,57.8774],[-103.614991,57.854734],[-103.626177,57.846786],[-103.638982,57.84237],[-103.66783,57.838544],[-103.68137,57.833245],[-103.700798,57.8147],[-103.717136,57.79174],[-103.734356,57.772312],[-103.757169,57.764364],[-103.772329,57.767308],[-103.791315,57.780848],[-103.804856,57.784675],[-103.821488,57.782026],[-103.851366,57.764364],[-103.866378,57.758182],[-103.860049,57.773784],[-103.850335,57.789974],[-103.839297,57.804692],[-103.8287,57.815878],[-103.810743,57.824414],[-103.766294,57.831185],[-103.746866,57.843253],[-103.732148,57.855028],[-103.68137,57.880343],[-103.667388,57.893295],[-103.647666,57.921554],[-103.632947,57.935684],[-103.715517,57.949225],[-103.727586,57.955701],[-103.737594,57.957467],[-103.746866,57.953051],[-103.758788,57.933329],[-103.76394,57.928913],[-103.778363,57.926853],[-103.800588,57.928619],[-103.821488,57.933918],[-103.832232,57.943043],[-103.82605,57.956878],[-103.80677,57.967475],[-103.783956,57.974246],[-103.767325,57.9766],[-103.749663,57.984254],[-103.731854,58.017517],[-103.718902,58.024876],[-103.692115,58.023699],[-103.68137,58.024876],[-103.670479,58.028409],[-103.655319,58.036945],[-103.625,58.040772],[-103.585555,58.050191],[-103.56804,58.052252],[-103.555088,58.059905],[-103.555383,58.07639],[-103.567893,58.090814],[-103.592031,58.093169],[-103.538309,58.111125],[-103.516821,58.12496],[-103.530509,58.14115],[-103.557885,58.141444],[-103.585849,58.126432],[-103.632947,58.093169],[-103.652523,58.088164],[-103.659882,58.090814],[-103.660912,58.096407],[-103.660912,58.099939],[-103.66415,58.104649],[-103.664003,58.10877],[-103.666505,58.112008],[-103.677985,58.113185],[-103.69447,58.112302],[-103.701093,58.110536],[-103.708746,58.107004],[-103.710365,58.102294],[-103.709924,58.095524],[-103.711248,58.089048],[-103.725525,58.084632],[-103.743481,58.072269],[-103.755845,58.067265],[-103.784987,58.059905],[-103.798674,58.058434],[-103.78587,58.070208],[-103.753342,58.109947],[-103.742304,58.11554],[-103.695058,58.127315],[-103.667241,58.140267],[-103.655761,58.14792],[-103.643839,58.158812],[-103.6328,58.172058],[-103.630593,58.180595],[-103.630593,58.189426],[-103.626177,58.202966],[-103.64222,58.211503],[-103.646341,58.219156],[-103.64119,58.228282],[-103.608368,58.26861],[-103.595269,58.280384],[-103.555383,58.292453],[-103.556413,58.306583],[-103.571131,58.316002],[-103.58894,58.309232],[-103.601892,58.299518],[-103.636333,58.284505],[-103.664739,58.2639],[-103.679899,58.257718],[-103.691379,58.25919],[-103.695058,58.271259],[-103.688141,58.280384],[-103.594239,58.36575],[-103.596888,58.381645],[-103.640454,58.388121]],[[-103.503869,58.066087],[-103.578637,58.017811],[-103.592031,58.003976],[-103.581875,58.00221],[-103.578049,57.998383],[-103.579668,57.992202],[-103.585849,57.98396],[-103.566568,57.978367],[-103.531686,57.98396],[-103.444407,58.013102],[-103.429248,58.01634],[-103.410703,58.017517],[-103.401136,58.02311],[-103.40717,58.035768],[-103.42807,58.058434],[-103.414971,58.071091],[-103.408348,58.076096],[-103.400105,58.079628],[-103.420269,58.084043],[-103.450589,58.080805],[-103.503869,58.066087]]]}},{"type":"Feature","properties":{"name":"Reindeer Lake","scalerank":2},"geometry":{"type":"Polygon","coordinates":[[[-101.515734,57.928913],[-101.539724,57.910074],[-101.550321,57.899477],[-101.547083,57.894767],[-101.532954,57.890352],[-101.525889,57.880343],[-101.526919,57.868863],[-101.536339,57.860327],[-101.53104,57.839132],[-101.544728,57.816172],[-101.58123,57.781437],[-101.591974,57.775844],[-101.618467,57.772312],[-101.629064,57.767308],[-101.638042,57.757888],[-101.662768,57.71079],[-101.669097,57.703136],[-101.679694,57.696071],[-101.708836,57.692245],[-101.724143,57.687535],[-101.725026,57.678998],[-101.720611,57.668696],[-101.720905,57.656332],[-101.725909,57.645735],[-101.735182,57.64132],[-101.749017,57.637787],[-101.753874,57.629251],[-101.756376,57.618065],[-101.762852,57.607173],[-101.77757,57.597459],[-101.829378,57.571555],[-101.848512,57.566257],[-101.86117,57.565668],[-101.875888,57.563019],[-101.890459,57.557426],[-101.902822,57.548301],[-101.925341,57.511799],[-101.934172,57.503557],[-101.961695,57.497376],[-102.053978,57.503557],[-102.085475,57.501202],[-102.094895,57.494138],[-102.084887,57.462641],[-102.082826,57.44439],[-102.08577,57.430555],[-102.09357,57.417014],[-102.105492,57.401119],[-102.119769,57.387283],[-102.155975,57.359908],[-102.167456,57.346661],[-102.14214,57.339596],[-102.120063,57.338125],[-102.070757,57.339891],[-102.025278,57.332237],[-102.009235,57.332237],[-101.997608,57.336064],[-101.983184,57.342834],[-101.968318,57.347839],[-101.95463,57.346661],[-101.948154,57.339596],[-101.949921,57.331354],[-101.950362,57.322229],[-101.940354,57.311926],[-101.893108,57.311926],[-101.888104,57.309571],[-101.877801,57.301035],[-101.872061,57.298091],[-101.868087,57.299563],[-101.86117,57.303095],[-101.85278,57.305745],[-101.844685,57.305745],[-101.836149,57.299857],[-101.831145,57.291615],[-101.824963,57.27101],[-101.848512,57.252759],[-101.861464,57.247166],[-101.898113,57.237158],[-101.908857,57.235686],[-101.913714,57.239807],[-101.913714,57.257763],[-101.917393,57.261884],[-101.926813,57.264534],[-101.939029,57.260707],[-101.988777,57.229799],[-102.043676,57.209782],[-102.057658,57.201834],[-102.067225,57.190354],[-102.066342,57.182112],[-102.060896,57.171809],[-102.057658,57.154736],[-102.059718,57.148554],[-102.068697,57.132953],[-102.070757,57.123828],[-102.068402,57.119412],[-102.00482,57.070253],[-101.986863,57.048176],[-101.988041,57.027865],[-101.974647,57.038462],[-101.961695,57.044938],[-101.951687,57.041111],[-101.947713,57.0208],[-101.956691,56.988714],[-101.978768,56.982238],[-102.036464,56.989598],[-102.058688,56.981061],[-102.083709,56.964577],[-102.122565,56.931608],[-102.135664,56.915123],[-102.160832,56.874501],[-102.173196,56.860077],[-102.196303,56.848891],[-102.220147,56.850069],[-102.272691,56.860077],[-102.298301,56.859783],[-102.314785,56.856251],[-102.329945,56.846242],[-102.351875,56.825931],[-102.373805,56.813273],[-102.401181,56.803559],[-102.424583,56.792079],[-102.434444,56.774417],[-102.423847,56.75911],[-102.398826,56.762643],[-102.369389,56.772946],[-102.345693,56.777361],[-102.320819,56.760288],[-102.315815,56.75911],[-102.2905,56.76382],[-102.257825,56.764703],[-102.24193,56.762937],[-102.228389,56.75705],[-102.253116,56.755284],[-102.267392,56.74557],[-102.278725,56.734678],[-102.293885,56.729674],[-102.35894,56.739682],[-102.379839,56.736444],[-102.432383,56.702887],[-102.441214,56.691995],[-102.448868,56.676983],[-102.502736,56.640187],[-102.479334,56.624586],[-102.45711,56.625469],[-102.434002,56.632534],[-102.407068,56.634006],[-102.418548,56.610162],[-102.43989,56.598682],[-102.466824,56.596033],[-102.548657,56.605158],[-102.574708,56.600154],[-102.571618,56.578665],[-102.582215,56.571012],[-102.581037,56.565124],[-102.578388,56.559237],[-102.585306,56.552172],[-102.59811,56.548934],[-102.646975,56.552172],[-102.658161,56.550406],[-102.670671,56.54658],[-102.682446,56.540692],[-102.691424,56.534216],[-102.703198,56.529506],[-102.717475,56.528918],[-102.726306,56.526563],[-102.722332,56.516554],[-102.733959,56.507135],[-102.750591,56.500659],[-102.7684,56.497126],[-102.783854,56.496832],[-102.79401,56.501542],[-102.806373,56.509784],[-102.820355,56.513905],[-102.835074,56.507135],[-102.882908,56.465924],[-102.898656,56.459153],[-102.938395,56.460036],[-102.955174,56.448556],[-102.93869,56.435899],[-102.922941,56.427068],[-102.912933,56.417059],[-102.914257,56.400575],[-102.926474,56.383796],[-102.945902,56.368195],[-102.967685,56.357009],[-102.98623,56.352888],[-103.059673,56.362013],[-103.071301,56.369667],[-103.071448,56.38203],[-103.073803,56.397043],[-103.079984,56.411172],[-103.092348,56.42118],[-103.088374,56.437959],[-103.11104,56.44002],[-103.139593,56.428245],[-103.164761,56.388506],[-103.2176,56.354654],[-103.236292,56.339053],[-103.225253,56.324923],[-103.220838,56.313149],[-103.224076,56.300491],[-103.236292,56.284007],[-103.251304,56.270172],[-103.263962,56.266345],[-103.278092,56.270172],[-103.297814,56.277825],[-103.293546,56.280769],[-103.292221,56.284007],[-103.291779,56.287245],[-103.290308,56.290777],[-103.294429,56.298136],[-103.289719,56.323746],[-103.290308,56.339053],[-103.297814,56.34965],[-103.307086,56.358186],[-103.307969,56.367312],[-103.290308,56.380264],[-103.303407,56.390567],[-103.251893,56.435899],[-103.227608,56.471517],[-103.189635,56.480348],[-103.181099,56.490062],[-103.192284,56.499776],[-103.263079,56.510373],[-103.272646,56.491828],[-103.288836,56.469456],[-103.304143,56.457976],[-103.310766,56.472694],[-103.299874,56.498304],[-103.297814,56.507135],[-103.301935,56.518909],[-103.320038,56.533922],[-103.325043,56.544519],[-103.322541,56.557177],[-103.314004,56.569246],[-103.302377,56.57896],[-103.290308,56.58573],[-103.276325,56.588674],[-103.267053,56.587496],[-103.258516,56.58779],[-103.2463,56.596033],[-103.224223,56.600743],[-103.209652,56.580431],[-103.194786,56.537749],[-103.184631,56.53245],[-103.173445,56.532156],[-103.162701,56.535982],[-103.15387,56.544519],[-103.148719,56.55806],[-103.151957,56.568068],[-103.157991,56.577488],[-103.161229,56.589262],[-103.16064,56.599565],[-103.158727,56.611045],[-103.155342,56.621937],[-103.150338,56.630179],[-103.1471,56.63901],[-103.148277,56.663736],[-103.146952,56.674922],[-103.141507,56.684048],[-103.125611,56.698471],[-103.119724,56.70848],[-103.116191,56.721726],[-103.116633,56.729674],[-103.118546,56.736444],[-103.120607,56.756167],[-103.1262,56.78001],[-103.129879,56.78472],[-103.140035,56.790607],[-103.135472,56.803854],[-103.119724,56.825931],[-103.118252,56.830052],[-103.112217,56.839472],[-103.113984,56.869497],[-103.084841,56.886864],[-103.05408,56.882449],[-103.051431,56.846242],[-103.065708,56.818866],[-103.06821,56.806209],[-103.065119,56.78472],[-103.060409,56.774123],[-103.055847,56.76853],[-103.053933,56.762643],[-103.057613,56.749985],[-103.06247,56.744687],[-103.084989,56.729674],[-103.071154,56.699354],[-103.068651,56.666091],[-103.081162,56.635477],[-103.112217,56.612811],[-103.106772,56.604864],[-103.100884,56.598093],[-103.084989,56.58573],[-103.08911,56.580431],[-103.094408,56.570129],[-103.098529,56.565124],[-103.093525,56.558943],[-103.093672,56.554233],[-103.096175,56.549818],[-103.098529,56.544519],[-103.105447,56.519498],[-103.106036,56.507135],[-103.110304,56.504485],[-103.119724,56.502719],[-103.128996,56.498009],[-103.133264,56.486529],[-103.127083,56.475932],[-103.112659,56.475049],[-103.022436,56.50478],[-102.986377,56.523913],[-102.970039,56.526857],[-102.959148,56.535099],[-102.955174,56.561592],[-102.942369,56.596033],[-102.886146,56.65049],[-102.873341,56.684931],[-102.86554,56.699943],[-102.826979,56.723787],[-102.81123,56.736444],[-102.806667,56.745275],[-102.799308,56.765881],[-102.793863,56.774417],[-102.785179,56.78001],[-102.765309,56.788841],[-102.756037,56.797966],[-102.759716,56.78472],[-102.773257,56.760582],[-102.776348,56.743803],[-102.773404,56.734973],[-102.767664,56.725847],[-102.764573,56.715545],[-102.769578,56.702298],[-102.782088,56.691407],[-102.831688,56.667563],[-102.878787,56.631651],[-102.886293,56.623409],[-102.873341,56.596621],[-102.842874,56.605747],[-102.807698,56.627824],[-102.768253,56.646663],[-102.752799,56.674628],[-102.738816,56.681104],[-102.699077,56.685814],[-102.678325,56.69229],[-102.667139,56.702298],[-102.674792,56.70377],[-102.684065,56.707302],[-102.691865,56.712601],[-102.695103,56.719077],[-102.697164,56.728791],[-102.701727,56.734089],[-102.706436,56.738211],[-102.708791,56.743803],[-102.706142,56.75705],[-102.697458,56.767647],[-102.684065,56.776478],[-102.649183,56.791785],[-102.630638,56.795906],[-102.611504,56.795906],[-102.592076,56.791196],[-102.567202,56.776478],[-102.555428,56.778833],[-102.550571,56.801499],[-102.558666,56.864787],[-102.556752,56.890986],[-102.540268,56.918361],[-102.53806,56.929253],[-102.537766,56.968109],[-102.540268,56.976645],[-102.544242,56.980178],[-102.542328,56.997545],[-102.543653,57.004021],[-102.553956,57.009614],[-102.579713,57.013147],[-102.592076,57.017562],[-102.587808,57.03228],[-102.588544,57.046999],[-102.583981,57.059067],[-102.564259,57.065249],[-102.576622,57.074963],[-102.604586,57.077024],[-102.615625,57.082617],[-102.625781,57.093214],[-102.635347,57.097924],[-102.647122,57.099395],[-102.663754,57.09969],[-102.676411,57.096746],[-102.697753,57.083794],[-102.708791,57.079084],[-102.726895,57.077318],[-102.744851,57.079673],[-102.76163,57.08556],[-102.776348,57.092625],[-102.765604,57.099984],[-102.747353,57.12265],[-102.738816,57.12736],[-102.727189,57.128832],[-102.712765,57.13207],[-102.687597,57.141195],[-102.701579,57.153853],[-102.744262,57.159446],[-102.749708,57.174753],[-102.735726,57.187116],[-102.685095,57.197419],[-102.673909,57.205661],[-102.669494,57.243339],[-102.675823,57.253642],[-102.698489,57.257175],[-102.742054,57.243339],[-102.763249,57.243634],[-102.763396,57.264534],[-102.769578,57.264534],[-102.770166,57.276603],[-102.783413,57.283373],[-102.818,57.291321],[-102.813143,57.298091],[-102.804312,57.319285],[-102.851852,57.310749],[-102.935599,57.273365],[-102.983139,57.264534],[-102.92353,57.312515],[-102.906751,57.332237],[-102.910136,57.345189],[-102.914552,57.353726],[-102.922058,57.35873],[-102.951495,57.362851],[-102.956204,57.369033],[-102.951936,57.377864],[-102.941486,57.387578],[-102.929417,57.391699],[-102.916024,57.392876],[-102.905132,57.397586],[-102.90057,57.411716],[-102.904838,57.425551],[-102.915141,57.435559],[-102.941486,57.4491],[-102.919409,57.456753],[-102.868631,57.463818],[-102.776789,57.49296],[-102.756037,57.503557],[-102.695839,57.542708],[-102.689805,57.548301],[-102.666844,57.579798],[-102.65978,57.596576],[-102.666844,57.604819],[-102.695103,57.599814],[-102.690688,57.610411],[-102.686714,57.626013],[-102.685095,57.641908],[-102.687597,57.655155],[-102.698636,57.663397],[-102.71409,57.669284],[-102.725129,57.676349],[-102.722332,57.688418],[-102.715415,57.693128],[-102.696134,57.694305],[-102.687597,57.696071],[-102.682004,57.700487],[-102.674498,57.712261],[-102.667139,57.716383],[-102.651096,57.719915],[-102.634612,57.720798],[-102.620776,57.719326],[-102.612534,57.716383],[-102.607089,57.706963],[-102.603703,57.694305],[-102.59811,57.682825],[-102.585306,57.675466],[-102.568821,57.677526],[-102.556311,57.688124],[-102.536883,57.716383],[-102.448721,57.79851],[-102.448279,57.816466],[-102.431795,57.837072],[-102.408098,57.853556],[-102.374541,57.86327],[-102.351139,57.876222],[-102.338187,57.880343],[-102.332888,57.879755],[-102.315668,57.875045],[-102.30772,57.874162],[-102.305218,57.876811],[-102.30198,57.889763],[-102.29727,57.894767],[-102.256648,57.900949],[-102.245757,57.90507],[-102.232216,57.913901],[-102.218381,57.918905],[-102.204693,57.920966],[-102.191152,57.92126],[-102.146409,57.943043],[-102.137283,57.953051],[-102.126245,57.975717],[-102.11918,57.98396],[-102.141846,57.991907],[-102.158625,57.994262],[-102.16775,58.001916],[-102.167456,58.024876],[-102.161421,58.041949],[-102.150235,58.051369],[-102.112851,58.066087],[-102.09622,58.044304],[-102.079882,58.051663],[-102.068844,58.06962],[-102.067666,58.079628],[-102.072523,58.081983],[-102.078263,58.087576],[-102.082973,58.095524],[-102.084887,58.103471],[-102.0241,58.127609],[-101.998049,58.133202],[-101.971704,58.133497],[-101.951245,58.124077],[-101.955661,58.112891],[-101.97082,58.092874],[-102.003053,58.058434],[-101.995841,58.047837],[-101.998343,58.040183],[-102.016153,58.024876],[-102.047061,57.987198],[-102.063251,57.972185],[-102.062073,57.966886],[-102.05074,57.960116],[-102.043528,57.958644],[-102.031607,57.962177],[-102.022923,57.960116],[-102.017036,57.955995],[-102.007616,57.945987],[-102.003053,57.943043],[-101.975383,57.943337],[-101.953159,57.955406],[-101.9327,57.969536],[-101.885602,57.98131],[-101.870148,57.994851],[-101.861759,58.014573],[-101.858373,58.038711],[-101.859404,58.108181],[-101.855283,58.120544],[-101.835413,58.129375],[-101.810098,58.147332],[-101.786254,58.160578],[-101.770358,58.155279],[-101.773008,58.137323],[-101.790522,58.116718],[-101.828054,58.082866],[-101.834088,58.063438],[-101.824374,58.04401],[-101.796998,58.011335],[-101.79744,58.008097],[-101.798323,57.991024],[-101.796998,57.98396],[-101.790817,57.977484],[-101.783016,57.975423],[-101.775363,57.972479],[-101.770358,57.963648],[-101.770653,57.947753],[-101.778159,57.935978],[-101.790375,57.927736],[-101.803769,57.92126],[-101.811569,57.919494],[-101.831292,57.917433],[-101.837915,57.915078],[-101.839828,57.910369],[-101.840859,57.894473],[-101.844685,57.887702],[-101.881628,57.862976],[-101.940354,57.81264],[-101.941531,57.795272],[-101.933878,57.784969],[-101.920779,57.781437],[-101.906208,57.784675],[-101.882806,57.804986],[-101.860434,57.832068],[-101.835413,57.851201],[-101.803769,57.846786],[-101.810539,57.837955],[-101.810834,57.832362],[-101.806712,57.827947],[-101.800384,57.822354],[-101.789051,57.815878],[-101.780956,57.81941],[-101.770358,57.833245],[-101.725174,57.871512],[-101.707659,57.880343],[-101.718845,57.888586],[-101.730325,57.899183],[-101.736507,57.911546],[-101.731502,57.925087],[-101.716343,57.935684],[-101.704715,57.933918],[-101.695443,57.925087],[-101.669244,57.894767],[-101.661591,57.893884],[-101.642457,57.894767],[-101.628769,57.897416],[-101.615376,57.90507],[-101.604484,57.916256],[-101.59845,57.928913],[-101.576961,57.913901],[-101.56033,57.91655],[-101.542079,57.925087],[-101.515734,57.928913]],[[-102.150088,57.069076],[-102.171282,57.10175],[-102.185118,57.109109],[-102.207931,57.09969],[-102.216026,57.093214],[-102.220147,57.087621],[-102.221472,57.080556],[-102.222502,57.056418],[-102.225445,57.049942],[-102.277106,56.990775],[-102.282994,56.976645],[-102.279903,56.968109],[-102.266215,56.953979],[-102.263124,56.945443],[-102.265037,56.936023],[-102.269747,56.928075],[-102.282994,56.921894],[-102.294768,56.905115],[-102.284024,56.892752],[-102.261799,56.890397],[-102.238986,56.903938],[-102.206606,56.937789],[-102.187325,56.950447],[-102.166573,56.955451],[-102.139785,56.958689],[-102.133015,56.967226],[-102.139491,57.000489],[-102.135223,57.038756],[-102.137725,57.052591],[-102.150088,57.069076]],[[-102.459612,57.459991],[-102.434444,57.490017],[-102.45343,57.495021],[-102.468885,57.493549],[-102.483308,57.485895],[-102.499057,57.472943],[-102.512598,57.464701],[-102.527905,57.462052],[-102.561021,57.462641],[-102.587808,57.459403],[-102.620776,57.449983],[-102.648741,57.435265],[-102.660368,57.415542],[-102.65713,57.40524],[-102.641382,57.408478],[-102.621512,57.417014],[-102.605764,57.421724],[-102.582951,57.417014],[-102.553809,57.397881],[-102.536883,57.394348],[-102.519957,57.402885],[-102.503325,57.43497],[-102.492139,57.44233],[-102.474772,57.447334],[-102.459612,57.459991]]]}},{"type":"Feature","properties":{"name":"Lake of the Woods","scalerank":2},"geometry":{"type":"Polygon","coordinates":[[[-94.3306,49.090925],[-94.320738,49.069142],[-94.410078,49.006442],[-94.435688,48.994079],[-94.446579,48.986131],[-94.451142,48.975534],[-94.458059,48.966998],[-94.474102,48.964348],[-94.505746,48.965526],[-94.532975,48.961699],[-94.562558,48.95434],[-94.591259,48.941977],[-94.615544,48.923726],[-94.64969,48.874862],[-94.671473,48.85926],[-94.697524,48.869857],[-94.735203,48.853962],[-94.7876,48.854256],[-94.838672,48.866325],[-94.871935,48.886636],[-94.878853,48.893407],[-94.902991,48.910774],[-94.930366,48.94492],[-94.945526,48.958461],[-94.965101,48.969941],[-94.98762,48.9773],[-95.0122,48.979067],[-95.017645,48.976712],[-95.020589,48.967586],[-95.026476,48.965526],[-95.057237,48.965526],[-95.067687,48.962288],[-95.076224,48.954046],[-95.08373,48.944037],[-95.107574,48.918428],[-95.122733,48.906653],[-95.141426,48.898999],[-95.188524,48.893701],[-95.229882,48.883104],[-95.252401,48.882809],[-95.273889,48.889285],[-95.294789,48.90106],[-95.313334,48.916073],[-95.327611,48.93138],[-95.327611,48.937561],[-95.32349,48.945803],[-95.327905,48.969353],[-95.327611,48.979067],[-95.319369,48.989958],[-95.308477,48.995257],[-95.250046,49.007031],[-95.236064,49.014685],[-95.231942,49.027637],[-95.270357,49.053246],[-95.280365,49.061783],[-95.291257,49.087098],[-95.290374,49.112413],[-95.279188,49.136257],[-95.259318,49.157157],[-95.227085,49.171581],[-95.163208,49.175996],[-95.135685,49.191892],[-95.124794,49.185121],[-95.123764,49.178645],[-95.127296,49.170698],[-95.129504,49.160689],[-95.126266,49.150975],[-95.118024,49.150681],[-95.107868,49.154802],[-95.098448,49.157157],[-95.079756,49.159806],[-94.971725,49.192775],[-94.94479,49.215147],[-94.933016,49.247527],[-94.930366,49.291093],[-94.933604,49.307871],[-94.942435,49.322589],[-94.955387,49.334364],[-94.971283,49.342901],[-94.992183,49.344078],[-95.042078,49.335541],[-95.057237,49.339074],[-95.06548,49.343195],[-95.076224,49.344961],[-95.085055,49.348199],[-95.088587,49.355853],[-95.083877,49.367038],[-95.073575,49.370571],[-95.047671,49.369982],[-95.023827,49.374398],[-94.963482,49.395297],[-94.956859,49.389704],[-94.94744,49.384406],[-94.936842,49.382345],[-94.927128,49.386761],[-94.920064,49.395886],[-94.915501,49.409721],[-94.910497,49.417375],[-94.926981,49.422968],[-94.932574,49.428561],[-94.930514,49.435625],[-94.914765,49.457408],[-94.907259,49.461824],[-94.882532,49.46565],[-94.873113,49.46565],[-94.863104,49.464179],[-94.854273,49.467122],[-94.848386,49.480074],[-94.847944,49.490966],[-94.85133,49.499208],[-94.858394,49.504506],[-94.868844,49.506567],[-94.856481,49.517753],[-94.843235,49.521874],[-94.81424,49.520991],[-94.808353,49.519519],[-94.804379,49.51687],[-94.799374,49.514515],[-94.790102,49.513632],[-94.783184,49.515692],[-94.769938,49.525112],[-94.762726,49.527173],[-94.737999,49.529527],[-94.710771,49.536592],[-94.686191,49.547778],[-94.66956,49.561907],[-94.672798,49.565734],[-94.677066,49.575448],[-94.658227,49.583102],[-94.6335,49.598114],[-94.616133,49.616365],[-94.619076,49.634027],[-94.638504,49.643152],[-94.663084,49.644035],[-94.724753,49.63491],[-94.749921,49.627845],[-94.759047,49.62343],[-94.766847,49.614599],[-94.770527,49.605768],[-94.776267,49.598703],[-94.811443,49.592521],[-94.834845,49.583396],[-94.855598,49.570444],[-94.868844,49.555137],[-94.859866,49.553077],[-94.855892,49.550427],[-94.853243,49.546306],[-94.848386,49.540713],[-94.914029,49.523346],[-94.94479,49.519225],[-94.954799,49.514515],[-94.962158,49.506861],[-94.965101,49.496559],[-94.969958,49.487433],[-94.981439,49.485667],[-94.995127,49.48655],[-95.006018,49.486256],[-95.016615,49.481546],[-95.036926,49.470066],[-95.047671,49.46565],[-95.083877,49.45888],[-95.112283,49.445045],[-95.136421,49.447105],[-95.154525,49.459469],[-95.15688,49.480074],[-95.145105,49.492143],[-95.103747,49.523346],[-95.094769,49.53777],[-95.100067,49.558964],[-95.113902,49.568972],[-95.15688,49.58163],[-95.182195,49.598997],[-95.178663,49.613127],[-95.115669,49.654043],[-95.097124,49.650217],[-95.080051,49.639031],[-95.060623,49.630789],[-94.986884,49.635793],[-94.958184,49.621369],[-94.948323,49.620192],[-94.944202,49.616365],[-94.950825,49.603413],[-94.958037,49.598997],[-94.992477,49.589283],[-94.989092,49.582219],[-94.984677,49.576626],[-94.978789,49.57221],[-94.971283,49.568089],[-94.965101,49.575448],[-94.957595,49.568089],[-94.941699,49.57486],[-94.902843,49.567795],[-94.882532,49.568089],[-94.866342,49.575154],[-94.851624,49.585751],[-94.815712,49.622841],[-94.809824,49.631672],[-94.814387,49.638442],[-94.834109,49.643741],[-94.852066,49.644624],[-94.868108,49.643446],[-94.884446,49.643741],[-94.902991,49.649922],[-94.822924,49.693488],[-94.656608,49.712622],[-94.5421,49.696432],[-94.516343,49.70173],[-94.513988,49.713799],[-94.52959,49.722336],[-94.561087,49.732639],[-94.564325,49.747946],[-94.556524,49.760603],[-94.533122,49.780914],[-94.543866,49.791512],[-94.554905,49.795927],[-94.563736,49.802403],[-94.567121,49.818887],[-94.572567,49.834194],[-94.596558,49.85009],[-94.602003,49.860098],[-94.606272,49.87305],[-94.616869,49.882764],[-94.629085,49.888652],[-94.63924,49.890712],[-94.644539,49.895716],[-94.694139,49.92162],[-94.706503,49.945464],[-94.699143,49.966658],[-94.677949,49.983437],[-94.649102,49.993151],[-94.623639,49.994328],[-94.597588,49.989619],[-94.573303,49.979905],[-94.529442,49.947525],[-94.520906,49.916911],[-94.530473,49.886885],[-94.561087,49.869812],[-94.561087,49.863631],[-94.55255,49.856566],[-94.542247,49.839787],[-94.533122,49.836255],[-94.520023,49.835372],[-94.508837,49.831839],[-94.501184,49.82448],[-94.49824,49.811823],[-94.497357,49.792395],[-94.493383,49.780326],[-94.45541,49.734994],[-94.444666,49.72734],[-94.431125,49.725868],[-94.406545,49.726457],[-94.386234,49.722336],[-94.369456,49.715566],[-94.353118,49.714388],[-94.334426,49.726457],[-94.31073,49.699376],[-94.298219,49.693488],[-94.272904,49.691722],[-94.295423,49.666112],[-94.322357,49.654632],[-94.351941,49.647567],[-94.38226,49.63697],[-94.357092,49.620486],[-94.275112,49.610183],[-94.251857,49.589283],[-94.392122,49.603413],[-94.415376,49.599586],[-94.415671,49.590166],[-94.401541,49.578686],[-94.365482,49.559258],[-94.352677,49.550427],[-94.328245,49.527173],[-94.323535,49.520991],[-94.320886,49.516281],[-94.31647,49.511571],[-94.306462,49.506567],[-94.299838,49.50539],[-94.276437,49.506567],[-94.255831,49.504506],[-94.218594,49.495676],[-94.200343,49.493615],[-94.195192,49.49126],[-94.173703,49.476248],[-94.164725,49.471832],[-94.12896,49.472421],[-94.111298,49.470066],[-94.095991,49.46565],[-94.067585,49.45211],[-94.095255,49.446811],[-94.158249,49.459763],[-94.177383,49.445045],[-94.149124,49.429149],[-94.100112,49.388527],[-94.073767,49.376164],[-94.036235,49.37322],[-94.016955,49.36851],[-94.015777,49.359091],[-94.024902,49.356441],[-94.044919,49.364684],[-94.053309,49.362623],[-94.057724,49.354675],[-94.05743,49.34555],[-94.052573,49.338485],[-94.0433,49.335247],[-94.024461,49.321412],[-94.025933,49.289621],[-94.037854,49.256063],[-94.049776,49.236046],[-94.07097,49.219856],[-94.103203,49.200723],[-94.135142,49.191892],[-94.155747,49.205727],[-94.140146,49.218385],[-94.10232,49.236046],[-94.087455,49.246644],[-94.079948,49.254591],[-94.075239,49.262245],[-94.074944,49.270193],[-94.080537,49.280201],[-94.08981,49.284911],[-94.114978,49.286088],[-94.125575,49.291093],[-94.14412,49.305811],[-94.16134,49.312875],[-94.179296,49.314936],[-94.200343,49.314936],[-94.220802,49.324356],[-94.218447,49.34555],[-94.209763,49.368805],[-94.210941,49.389999],[-94.206378,49.391176],[-94.196664,49.396769],[-94.214767,49.408838],[-94.222568,49.416786],[-94.231104,49.416492],[-94.287917,49.380285],[-94.308228,49.37322],[-94.328245,49.376164],[-94.31647,49.391471],[-94.278644,49.411782],[-94.265545,49.424734],[-94.258039,49.457114],[-94.249061,49.46565],[-94.224628,49.46565],[-94.26893,49.48184],[-94.318678,49.48655],[-94.509131,49.472421],[-94.573744,49.45888],[-94.595086,49.45888],[-94.607449,49.463296],[-94.614367,49.468005],[-94.62202,49.469772],[-94.636149,49.46565],[-94.66956,49.434742],[-94.681776,49.426794],[-94.739618,49.42179],[-94.759047,49.417375],[-94.763609,49.411193],[-94.773323,49.383817],[-94.780682,49.372926],[-94.803937,49.35232],[-94.808941,49.341134],[-94.802318,49.333187],[-94.792162,49.326416],[-94.783626,49.313759],[-94.776414,49.320235],[-94.766406,49.335247],[-94.747713,49.346139],[-94.736528,49.349965],[-94.731671,49.345844],[-94.72858,49.334658],[-94.721809,49.331715],[-94.714892,49.335836],[-94.711801,49.345844],[-94.702087,49.36645],[-94.679274,49.367627],[-94.632911,49.355853],[-94.568593,49.348494],[-94.561087,49.342901],[-94.580367,49.333187],[-94.607155,49.331126],[-94.622609,49.326122],[-94.608185,49.308166],[-94.590965,49.297863],[-94.553139,49.282556],[-94.52694,49.263717],[-94.519287,49.260479],[-94.51443,49.255474],[-94.512517,49.242817],[-94.507071,49.236341],[-94.494413,49.233691],[-94.468215,49.232808],[-94.443488,49.236341],[-94.425532,49.244583],[-94.388442,49.266955],[-94.346054,49.281378],[-94.322799,49.284322],[-94.306462,49.280201],[-94.309552,49.276374],[-94.313968,49.266955],[-94.295276,49.258418],[-94.28777,49.237224],[-94.281294,49.226038],[-94.265545,49.246644],[-94.260394,49.233397],[-94.261424,49.221034],[-94.26113,49.211614],[-94.251857,49.205727],[-94.255684,49.196013],[-94.261866,49.188065],[-94.269961,49.181883],[-94.279822,49.178351],[-94.279822,49.170698],[-94.247,49.178645],[-94.012392,49.184533],[-94.012392,49.178351],[-94.02711,49.175702],[-94.042859,49.170992],[-94.053603,49.163044],[-94.053309,49.150975],[-94.115272,49.119478],[-94.132051,49.105937],[-94.150154,49.095635],[-94.17282,49.092985],[-94.21462,49.095635],[-94.220949,49.098578],[-94.233018,49.111236],[-94.238316,49.115651],[-94.249355,49.120067],[-94.260835,49.123011],[-94.273051,49.123894],[-94.286592,49.123011],[-94.310141,49.117418],[-94.32589,49.107115],[-94.3306,49.090925]],[[-94.514871,49.117418],[-94.49824,49.130075],[-94.506188,49.143616],[-94.524144,49.136551],[-94.561087,49.10947],[-94.602592,49.095929],[-94.621873,49.084449],[-94.633206,49.055601],[-94.639387,49.047359],[-94.643067,49.039411],[-94.63924,49.03058],[-94.631145,49.02852],[-94.615102,49.043238],[-94.605094,49.047359],[-94.58861,49.039706],[-94.566238,49.025282],[-94.548576,49.017039],[-94.54681,49.027637],[-94.531797,49.033818],[-94.51649,49.047653],[-94.506924,49.064138],[-94.509131,49.078562],[-94.522525,49.095929],[-94.523702,49.107409],[-94.514871,49.117418]],[[-94.461297,49.150975],[-94.436865,49.178351],[-94.446137,49.183061],[-94.450553,49.189243],[-94.449964,49.196602],[-94.443783,49.205727],[-94.44864,49.205727],[-94.451436,49.207493],[-94.453791,49.209848],[-94.457323,49.212497],[-94.480725,49.218679],[-94.488673,49.219268],[-94.498681,49.217501],[-94.504127,49.213675],[-94.507807,49.209259],[-94.512517,49.205727],[-94.515607,49.202195],[-94.516343,49.197485],[-94.519434,49.193658],[-94.52959,49.191892],[-94.536802,49.193069],[-94.551961,49.197779],[-94.561087,49.198073],[-94.576394,49.193364],[-94.607302,49.17894],[-94.622462,49.178351],[-94.63144,49.184238],[-94.639535,49.193658],[-94.650868,49.202195],[-94.66956,49.205727],[-94.683984,49.201311],[-94.719896,49.182767],[-94.738588,49.178351],[-94.752865,49.182767],[-94.768613,49.19042],[-94.781565,49.191892],[-94.786864,49.178351],[-94.784215,49.171286],[-94.777739,49.162161],[-94.769791,49.154213],[-94.762726,49.150975],[-94.752276,49.148915],[-94.746094,49.14391],[-94.731229,49.115063],[-94.721809,49.086804],[-94.711801,49.074735],[-94.696494,49.083566],[-94.672062,49.102111],[-94.656608,49.10947],[-94.644686,49.110353],[-94.628938,49.10947],[-94.612453,49.111236],[-94.598471,49.119478],[-94.572272,49.143027],[-94.544161,49.158334],[-94.512958,49.165105],[-94.477782,49.163927],[-94.482491,49.154508],[-94.485288,49.150975],[-94.473072,49.145088],[-94.461297,49.150975]]]}},{"type":"Feature","properties":{"name":"Lake Nipigon","scalerank":2},"geometry":{"type":"Polygon","coordinates":[[[-88.941823,50.050258],[-88.927546,50.050846],[-88.900317,50.048491],[-88.878682,50.054379],[-88.858665,50.065859],[-88.843947,50.083226],[-88.835999,50.11855],[-88.826138,50.136801],[-88.82393,50.147398],[-88.823783,50.170947],[-88.821869,50.181838],[-88.817748,50.192435],[-88.803766,50.206565],[-88.764321,50.218928],[-88.745776,50.229525],[-88.690583,50.272797],[-88.673804,50.281333],[-88.658792,50.285455],[-88.645987,50.286338],[-88.633476,50.284866],[-88.619052,50.281333],[-88.581521,50.260728],[-88.576958,50.257196],[-88.571218,50.248659],[-88.566508,50.238356],[-88.564448,50.229525],[-88.558708,50.2204],[-88.545756,50.224816],[-88.50425,50.251308],[-88.494095,50.254546],[-88.482026,50.253958],[-88.474225,50.248365],[-88.469221,50.238651],[-88.462745,50.22982],[-88.451265,50.225993],[-88.424625,50.221872],[-88.411378,50.21098],[-88.390773,50.174185],[-88.39092,50.170947],[-88.390479,50.168298],[-88.386358,50.164471],[-88.378557,50.161822],[-88.372522,50.162999],[-88.366488,50.16506],[-88.358393,50.164471],[-88.349415,50.158584],[-88.331606,50.140922],[-88.321156,50.137389],[-88.276707,50.13268],[-88.265963,50.140039],[-88.269642,50.164471],[-88.275235,50.176834],[-88.280975,50.182427],[-88.297018,50.192435],[-88.301286,50.193613],[-88.312914,50.191847],[-88.317476,50.192435],[-88.318801,50.197145],[-88.317476,50.203916],[-88.316888,50.209803],[-88.321156,50.212452],[-88.328515,50.218634],[-88.333078,50.231292],[-88.338523,50.240417],[-88.348532,50.23659],[-88.359865,50.228937],[-88.369284,50.229231],[-88.431248,50.269559],[-88.440962,50.281333],[-88.427274,50.293108],[-88.412262,50.299878],[-88.396219,50.301056],[-88.316005,50.267793],[-88.301433,50.239239],[-88.293191,50.232763],[-88.228431,50.225993],[-88.214155,50.220694],[-88.205471,50.208037],[-88.198848,50.193319],[-88.190753,50.181838],[-88.176329,50.165943],[-88.160286,50.141805],[-88.149983,50.116195],[-88.152927,50.096178],[-88.167792,50.086464],[-88.178389,50.09294],[-88.194579,50.117373],[-88.203705,50.124437],[-88.21283,50.128264],[-88.224752,50.13003],[-88.242266,50.130325],[-88.212388,50.077928],[-88.208267,50.0585],[-88.211211,50.036717],[-88.234907,49.986381],[-88.207826,49.991385],[-88.193402,50.008164],[-88.183541,50.025825],[-88.170441,50.034362],[-88.160433,50.036422],[-88.15484,50.040249],[-88.147628,50.040838],[-88.132468,50.034362],[-88.125845,50.029063],[-88.103326,50.006397],[-88.098322,49.996683],[-88.086989,49.999333],[-88.061085,49.996683],[-88.033415,49.989913],[-88.016489,49.97961],[-88.011043,49.956061],[-88.023995,49.945758],[-88.043423,49.951057],[-88.057406,49.973429],[-88.065501,49.959888],[-88.086106,49.938694],[-88.084781,49.931334],[-88.094643,49.923681],[-88.10524,49.918088],[-88.127906,49.925447],[-88.154104,49.925153],[-88.179861,49.919854],[-88.20135,49.911318],[-88.187073,49.900721],[-88.158667,49.896894],[-88.101855,49.897777],[-88.098322,49.886885],[-88.098911,49.862159],[-88.10524,49.822714],[-88.113482,49.813294],[-88.120988,49.812411],[-88.12923,49.813],[-88.139975,49.80829],[-88.147923,49.797988],[-88.152191,49.784152],[-88.149247,49.772378],[-88.112893,49.75972],[-88.107006,49.740292],[-88.11201,49.691722],[-88.110686,49.681714],[-88.105829,49.66258],[-88.10524,49.657576],[-88.110391,49.646979],[-88.128642,49.625785],[-88.132468,49.619897],[-88.136001,49.611361],[-88.144243,49.603707],[-88.154546,49.598114],[-88.163818,49.596054],[-88.173532,49.590755],[-88.173974,49.578098],[-88.164996,49.545717],[-88.162494,49.541008],[-88.160727,49.536003],[-88.160433,49.527173],[-88.16426,49.516575],[-88.170589,49.510099],[-88.172502,49.50274],[-88.155723,49.476542],[-88.146304,49.455348],[-88.139828,49.432976],[-88.139975,49.417375],[-88.146156,49.404128],[-88.160727,49.414431],[-88.16632,49.430621],[-88.169706,49.448283],[-88.177212,49.462118],[-88.197523,49.474776],[-88.208414,49.468594],[-88.216509,49.453287],[-88.228137,49.438275],[-88.264491,49.462118],[-88.269642,49.469183],[-88.274499,49.479486],[-88.28701,49.47978],[-88.321156,49.472421],[-88.345882,49.474187],[-88.345882,49.468594],[-88.352358,49.45211],[-88.360601,49.438275],[-88.395777,49.393531],[-88.424183,49.36645],[-88.43478,49.367333],[-88.447291,49.38264],[-88.457741,49.401773],[-88.463039,49.416786],[-88.4651,49.420024],[-88.46716,49.424734],[-88.468338,49.430915],[-88.465836,49.438569],[-88.455092,49.45211],[-88.45465,49.45888],[-88.464806,49.466828],[-88.478199,49.461529],[-88.503073,49.438275],[-88.511757,49.470949],[-88.504398,49.498619],[-88.504692,49.521874],[-88.53663,49.540713],[-88.534276,49.561024],[-88.54708,49.574271],[-88.563418,49.571622],[-88.571365,49.54454],[-88.569305,49.527761],[-88.563418,49.524229],[-88.554734,49.522757],[-88.54399,49.513632],[-88.541487,49.501563],[-88.543842,49.490671],[-88.542812,49.482429],[-88.529713,49.480074],[-88.539133,49.46565],[-88.557236,49.45417],[-88.591235,49.438275],[-88.622585,49.414137],[-88.634212,49.41031],[-88.647017,49.414725],[-88.659527,49.421201],[-88.670566,49.424734],[-88.683077,49.426206],[-88.69073,49.430032],[-88.697648,49.434448],[-88.708539,49.438275],[-88.745776,49.438275],[-88.764027,49.444456],[-88.782866,49.45888],[-88.797731,49.477131],[-88.804649,49.493615],[-88.787576,49.498914],[-88.772563,49.508628],[-88.759758,49.520991],[-88.749456,49.534532],[-88.743568,49.54925],[-88.738417,49.5675],[-88.731205,49.582807],[-88.719136,49.589283],[-88.689553,49.587812],[-88.680574,49.589283],[-88.673363,49.594288],[-88.672332,49.600469],[-88.670272,49.606062],[-88.660116,49.609594],[-88.64584,49.607534],[-88.614048,49.592816],[-88.594915,49.589283],[-88.581227,49.595465],[-88.577253,49.609889],[-88.580491,49.626668],[-88.588144,49.640503],[-88.604923,49.649334],[-88.627295,49.6511],[-88.649813,49.648156],[-88.667475,49.643741],[-88.715015,49.614599],[-88.725907,49.613127],[-88.734737,49.627551],[-88.741508,49.642269],[-88.749897,49.650217],[-88.763732,49.643741],[-88.759758,49.630494],[-88.760936,49.598703],[-88.756373,49.58163],[-88.773888,49.578686],[-88.780511,49.569267],[-88.783602,49.557492],[-88.790372,49.548072],[-88.799792,49.545129],[-88.80671,49.546012],[-88.812302,49.548072],[-88.817748,49.548072],[-88.841297,49.536298],[-88.848804,49.534532],[-88.854396,49.531588],[-88.903702,49.517164],[-88.916213,49.508922],[-88.930637,49.503623],[-88.944619,49.49597],[-88.955511,49.480074],[-88.97906,49.520991],[-88.982298,49.530999],[-88.98377,49.539241],[-88.988185,49.540419],[-88.994808,49.539241],[-89.002756,49.540713],[-89.012617,49.545129],[-89.018946,49.547189],[-89.024981,49.550427],[-89.034106,49.558375],[-89.042642,49.568678],[-89.049266,49.58163],[-89.049118,49.594288],[-89.037491,49.603413],[-89.020565,49.60253],[-89.007171,49.591638],[-88.989068,49.568089],[-88.975527,49.557492],[-88.962428,49.551605],[-88.948151,49.548955],[-88.930784,49.548072],[-88.919745,49.546012],[-88.917243,49.542774],[-88.915624,49.542185],[-88.907088,49.548072],[-88.903114,49.553371],[-88.900759,49.565146],[-88.896638,49.571916],[-88.891045,49.584574],[-88.891928,49.600469],[-88.896196,49.614599],[-88.900317,49.62343],[-88.919304,49.645801],[-88.918421,49.654043],[-88.907088,49.671705],[-88.924455,49.673177],[-88.941234,49.677887],[-88.933875,49.68554],[-88.942117,49.706146],[-88.925485,49.733522],[-88.917538,49.757071],[-88.951831,49.767374],[-88.955069,49.763547],[-88.95919,49.745885],[-88.961839,49.739409],[-88.968021,49.732933],[-88.989068,49.718804],[-88.99731,49.707029],[-89.004964,49.702614],[-89.017033,49.705263],[-89.021595,49.710856],[-89.025716,49.72057],[-89.030573,49.739409],[-89.03911,49.733522],[-89.04382,49.72528],[-89.051179,49.705263],[-89.059863,49.722042],[-89.059863,49.765313],[-89.064425,49.774144],[-89.076347,49.767668],[-89.086944,49.756777],[-89.096658,49.754716],[-89.105783,49.774144],[-89.101957,49.800048],[-89.088269,49.839493],[-89.069724,49.866574],[-89.051179,49.856566],[-89.051473,49.840082],[-89.05633,49.819476],[-89.054417,49.802109],[-89.025716,49.792689],[-89.007907,49.783269],[-88.991129,49.779148],[-88.988921,49.77591],[-88.985977,49.775321],[-88.97538,49.780914],[-88.971848,49.785919],[-88.961839,49.80829],[-88.950801,49.812706],[-88.94197,49.810351],[-88.936083,49.811234],[-88.933875,49.825658],[-88.938879,49.846263],[-88.951978,49.858038],[-88.989068,49.869812],[-88.984505,49.883647],[-88.975527,49.893067],[-88.963164,49.896305],[-88.948151,49.890712],[-88.931961,49.90337],[-88.882803,49.906608],[-88.867054,49.928685],[-88.856751,49.932806],[-88.849981,49.938105],[-88.855574,49.948408],[-88.867643,49.955472],[-88.878829,49.95665],[-88.887512,49.959888],[-88.892811,49.973429],[-88.889279,49.97755],[-88.881184,49.979021],[-88.875444,49.982554],[-88.879123,49.993151],[-88.887071,49.999038],[-88.91533,50.01199],[-88.936083,50.0167],[-88.943442,50.023176],[-88.947121,50.03289],[-88.948151,50.044665],[-88.941823,50.050258]],[[-88.405933,50.033184],[-88.407405,50.021999],[-88.399457,50.007575],[-88.38621,49.996095],[-88.337935,49.966658],[-88.317476,50.007575],[-88.333078,50.010518],[-88.344852,50.019349],[-88.356774,50.030535],[-88.37267,50.041132],[-88.394453,50.039955],[-88.405933,50.033184]],[[-88.461862,50.152108],[-88.462009,50.115901],[-88.449793,50.092352],[-88.427421,50.103243],[-88.433309,50.112957],[-88.438313,50.126792],[-88.441404,50.142394],[-88.440815,50.164471],[-88.441404,50.169769],[-88.443464,50.174479],[-88.447732,50.178895],[-88.461862,50.152108]],[[-88.495714,49.631672],[-88.495714,49.619014],[-88.483056,49.611949],[-88.45833,49.609594],[-88.389743,49.619897],[-88.390331,49.630789],[-88.375172,49.666995],[-88.37267,49.68554],[-88.39931,49.699964],[-88.423742,49.681125],[-88.45465,49.63697],[-88.449057,49.647273],[-88.448616,49.654927],[-88.452001,49.661403],[-88.45833,49.668173],[-88.466866,49.671117],[-88.473489,49.665229],[-88.482026,49.649922],[-88.495714,49.631672]],[[-88.64584,49.97284],[-88.6479,49.969602],[-88.646428,49.959005],[-88.643485,49.952234],[-88.63848,49.946936],[-88.62597,49.938694],[-88.624498,49.956355],[-88.61552,49.969307],[-88.591235,49.986381],[-88.56798,49.994034],[-88.564448,49.996683],[-88.562976,50.004337],[-88.554439,50.020821],[-88.550318,50.027297],[-88.56121,50.03966],[-88.576222,50.045548],[-88.634065,50.049963],[-88.640394,50.049374],[-88.63274,50.027297],[-88.632004,50.021116],[-88.63274,50.000216],[-88.631563,49.997272],[-88.628472,49.994623],[-88.625823,49.99109],[-88.62597,49.986381],[-88.628766,49.983731],[-88.633476,49.981082],[-88.637744,49.97961],[-88.639658,49.97961],[-88.642454,49.974312],[-88.64584,49.97284]],[[-88.722816,49.890712],[-88.763732,49.869812],[-88.715751,49.853034],[-88.70589,49.851562],[-88.673657,49.851267],[-88.660116,49.849207],[-88.647017,49.844791],[-88.639805,49.841259],[-88.622585,49.825658],[-88.613459,49.819182],[-88.601979,49.813589],[-88.589763,49.809762],[-88.578136,49.80829],[-88.615373,49.866869],[-88.646428,49.897777],[-88.641424,49.901015],[-88.638333,49.904547],[-88.635978,49.907785],[-88.63274,49.911318],[-88.667475,49.909846],[-88.681605,49.913673],[-88.687345,49.924858],[-88.697648,49.919266],[-88.722816,49.890712]]]}},{"type":"Feature","properties":{"name":"Lake Manitoba","scalerank":2},"geometry":{"type":"Polygon","coordinates":[[[-97.945538,50.432048],[-97.936413,50.396135],[-97.93185,50.353158],[-97.940534,50.33373],[-97.961139,50.321956],[-98.00706,50.309298],[-98.050479,50.288987],[-98.127897,50.238651],[-98.172199,50.219811],[-98.317467,50.18802],[-98.417404,50.186843],[-98.468329,50.194202],[-98.513219,50.21098],[-98.548985,50.240417],[-98.55811,50.254252],[-98.566941,50.272503],[-98.573564,50.292814],[-98.576213,50.312242],[-98.573564,50.33844],[-98.565616,50.352864],[-98.525288,50.384361],[-98.519695,50.38701],[-98.516899,50.39172],[-98.514691,50.404672],[-98.51631,50.415269],[-98.536916,50.459129],[-98.576949,50.497397],[-98.589901,50.514175],[-98.592698,50.534487],[-98.592109,50.554209],[-98.598291,50.569516],[-98.620957,50.575403],[-98.618455,50.585412],[-98.62655,50.607783],[-98.645095,50.644284],[-98.680124,50.681669],[-98.694106,50.702568],[-98.699699,50.730239],[-98.707941,50.75526],[-98.727958,50.774982],[-98.774762,50.808245],[-98.802138,50.843569],[-98.813324,50.851222],[-98.841435,50.864174],[-98.853652,50.873594],[-98.857184,50.886546],[-98.843054,50.909506],[-98.846881,50.92187],[-98.852916,50.934822],[-98.849825,50.948363],[-98.840994,50.959843],[-98.829514,50.966613],[-98.851738,50.976916],[-98.864101,50.973972],[-98.874846,50.96573],[-98.891477,50.959548],[-98.912966,50.966613],[-98.924888,50.985747],[-98.932835,51.005764],[-98.942697,51.014889],[-98.956826,51.023425],[-98.963597,51.04197],[-98.973752,51.060515],[-98.997743,51.069052],[-99.010106,51.076117],[-99.018348,51.093484],[-99.022175,51.11409],[-99.021881,51.130868],[-99.019231,51.140288],[-99.014227,51.151474],[-99.006868,51.160599],[-98.997743,51.164426],[-98.986115,51.161482],[-98.98067,51.154712],[-98.977726,51.145881],[-98.973458,51.137933],[-98.941814,51.107908],[-98.92165,51.09525],[-98.901486,51.089952],[-98.89236,51.079355],[-98.898248,51.031962],[-98.887798,51.02107],[-98.845115,51.021365],[-98.838345,51.030784],[-98.850561,51.055217],[-98.789039,51.091129],[-98.781679,51.103787],[-98.794484,51.118211],[-98.81612,51.109674],[-98.838639,51.095545],[-98.853652,51.093484],[-98.853946,51.113501],[-98.85689,51.12557],[-98.875434,51.136167],[-98.876612,51.14853],[-98.871019,51.172079],[-98.845998,51.226831],[-98.843202,51.250969],[-98.851591,51.263921],[-98.871166,51.263038],[-98.893244,51.254501],[-98.926359,51.23213],[-98.93416,51.224182],[-98.929009,51.220355],[-98.926212,51.216234],[-98.920914,51.206226],[-98.917087,51.194745],[-98.918853,51.186209],[-98.934749,51.184148],[-98.953441,51.196806],[-98.971103,51.212407],[-98.984055,51.220355],[-98.992591,51.228597],[-99.015699,51.27128],[-99.021881,51.289236],[-99.052642,51.279228],[-99.065152,51.282171],[-99.070304,51.299245],[-99.074719,51.308664],[-99.103714,51.35017],[-99.111367,51.373719],[-99.112545,51.389614],[-99.101653,51.415518],[-99.105774,51.432003],[-99.116813,51.456435],[-99.117402,51.471153],[-99.116666,51.478218],[-99.109307,51.493231],[-99.112839,51.499707],[-99.124319,51.508243],[-99.140068,51.534736],[-99.151401,51.54916],[-99.161851,51.555636],[-99.169651,51.554458],[-99.183192,51.550337],[-99.189374,51.549454],[-99.197322,51.551515],[-99.206888,51.555636],[-99.213953,51.560346],[-99.213659,51.562995],[-99.230585,51.556519],[-99.246628,51.53503],[-99.261493,51.52826],[-99.269882,51.546805],[-99.280038,51.556813],[-99.284159,51.567999],[-99.275181,51.590371],[-99.287986,51.602734],[-99.301232,51.635408],[-99.309327,51.644828],[-99.327283,51.645122],[-99.337733,51.633053],[-99.351274,51.623634],[-99.378208,51.631287],[-99.390277,51.6463],[-99.398814,51.652187],[-99.408822,51.64836],[-99.421921,51.640118],[-99.431341,51.642179],[-99.440761,51.6463],[-99.453271,51.644828],[-99.463427,51.639824],[-99.469608,51.633642],[-99.472846,51.625694],[-99.47579,51.600968],[-99.481089,51.596552],[-99.488742,51.593609],[-99.498015,51.586544],[-99.499486,51.579774],[-99.489772,51.565938],[-99.487417,51.555636],[-99.48992,51.546216],[-99.499045,51.529437],[-99.500958,51.518251],[-99.506404,51.501767],[-99.518473,51.502061],[-99.530395,51.51413],[-99.53584,51.531498],[-99.539078,51.551809],[-99.553061,51.586544],[-99.556299,51.607444],[-99.55571,51.627166],[-99.553797,51.635703],[-99.549528,51.644828],[-99.543052,51.651598],[-99.527598,51.663079],[-99.522152,51.672204],[-99.561892,51.682801],[-99.548645,51.719008],[-99.511997,51.760808],[-99.481236,51.788183],[-99.458423,51.802313],[-99.445176,51.807906],[-99.433107,51.809966],[-99.425454,51.806728],[-99.407939,51.789655],[-99.397931,51.782002],[-99.379091,51.77376],[-99.350833,51.765223],[-99.325664,51.765223],[-99.316098,51.782002],[-99.292696,51.735492],[-99.289458,51.723423],[-99.261493,51.678386],[-99.251632,51.650127],[-99.243095,51.63688],[-99.230438,51.631287],[-99.213512,51.633348],[-99.184811,51.642768],[-99.153609,51.645417],[-99.141245,51.648655],[-99.135064,51.656603],[-99.138596,51.672204],[-99.14728,51.683095],[-99.158318,51.691632],[-99.168032,51.70164],[-99.17598,51.731077],[-99.191729,51.758453],[-99.193201,51.775231],[-99.185841,51.788478],[-99.172742,51.79672],[-99.159643,51.794071],[-99.145366,51.756981],[-99.129324,51.731665],[-99.108129,51.713709],[-99.077368,51.718125],[-99.063386,51.714004],[-99.049992,51.707233],[-99.042339,51.700169],[-99.040867,51.687805],[-99.044841,51.674264],[-99.056027,51.651598],[-99.041161,51.642179],[-99.032919,51.626577],[-99.029387,51.607149],[-99.028651,51.586544],[-99.024824,51.566233],[-99.015405,51.552692],[-99.004072,51.540034],[-98.993916,51.522078],[-98.98847,51.479101],[-98.982436,51.455846],[-98.970073,51.445544],[-98.966982,51.435535],[-98.898836,51.34546],[-98.884265,51.339572],[-98.877937,51.361061],[-98.879703,51.383433],[-98.910758,51.503533],[-98.912524,51.580362],[-98.914732,51.586838],[-98.933719,51.603028],[-98.960506,51.616863],[-98.968748,51.623339],[-98.990825,51.64836],[-98.992297,51.665728],[-98.979051,51.687216],[-98.960653,51.705467],[-98.946229,51.713709],[-98.937545,51.711649],[-98.911788,51.701346],[-98.897659,51.700169],[-98.883677,51.703112],[-98.875582,51.707233],[-98.860275,51.723423],[-98.852033,51.725778],[-98.84173,51.721657],[-98.83231,51.715475],[-98.825981,51.710177],[-98.817592,51.699285],[-98.81509,51.692221],[-98.813912,51.684567],[-98.809644,51.672204],[-98.789627,51.633937],[-98.775203,51.613037],[-98.761516,51.603911],[-98.749447,51.601262],[-98.739291,51.594786],[-98.72369,51.579774],[-98.725897,51.572709],[-98.761221,51.542684],[-98.774468,51.527966],[-98.780355,51.513836],[-98.777558,51.499707],[-98.764901,51.483811],[-98.766667,51.471448],[-98.809644,51.41228],[-98.799489,51.404333],[-98.792277,51.400211],[-98.776528,51.39609],[-98.772701,51.389909],[-98.770199,51.381961],[-98.756511,51.360767],[-98.749005,51.329564],[-98.740763,51.316612],[-98.733257,51.312491],[-98.712651,51.306015],[-98.702937,51.299245],[-98.692634,51.29424],[-98.681743,51.296007],[-98.671146,51.300128],[-98.661873,51.302188],[-98.579304,51.296007],[-98.56282,51.290119],[-98.564292,51.275695],[-98.572534,51.259505],[-98.576213,51.247731],[-98.566352,51.230363],[-98.557374,51.225654],[-98.556932,51.220944],[-98.572828,51.202988],[-98.588282,51.19504],[-98.627874,51.192685],[-98.645095,51.186209],[-98.655103,51.171785],[-98.651129,51.141465],[-98.658782,51.123509],[-98.640238,51.113795],[-98.64274,51.10467],[-98.668349,51.086419],[-98.682332,51.079943],[-98.697344,51.084947],[-98.710738,51.094662],[-98.720157,51.103787],[-98.725603,51.099666],[-98.736789,51.088185],[-98.740763,51.082593],[-98.712945,51.078177],[-98.698522,51.074056],[-98.69234,51.065814],[-98.696608,51.056983],[-98.707205,51.046975],[-98.719716,51.039027],[-98.73046,51.035494],[-98.743412,51.038438],[-98.755187,51.043737],[-98.765637,51.04462],[-98.774762,51.035494],[-98.777411,51.022248],[-98.773732,51.00959],[-98.765489,50.999582],[-98.754451,50.994578],[-98.770199,50.976621],[-98.774762,50.972795],[-98.752537,50.963964],[-98.736789,50.962492],[-98.733993,50.95896],[-98.750624,50.942475],[-98.755481,50.925991],[-98.743118,50.909212],[-98.722659,50.895966],[-98.702937,50.890962],[-98.636852,50.888018],[-98.601676,50.902147],[-98.576361,50.897732],[-98.538388,50.884486],[-98.528821,50.883308],[-98.511012,50.878304],[-98.48864,50.876243],[-98.478779,50.873594],[-98.459498,50.863586],[-98.45523,50.858876],[-98.446987,50.846218],[-98.44213,50.843569],[-98.390617,50.83621],[-98.374868,50.825318],[-98.322177,50.773805],[-98.31732,50.767329],[-98.310844,50.762913],[-98.287884,50.758792],[-98.28023,50.753199],[-98.277434,50.746429],[-98.281996,50.739953],[-98.257417,50.718759],[-98.247261,50.71346],[-98.235487,50.711694],[-98.224007,50.712871],[-98.217236,50.710811],[-98.219297,50.699036],[-98.201193,50.679902],[-98.116417,50.616909],[-98.110088,50.610138],[-98.108763,50.604251],[-98.111118,50.588944],[-98.110088,50.583057],[-98.099049,50.57246],[-98.085656,50.563923],[-98.077855,50.554798],[-98.082859,50.541846],[-98.067111,50.528894],[-98.022514,50.510937],[-97.995874,50.492393],[-97.971295,50.481501],[-97.966144,50.476497],[-97.963347,50.467372],[-97.945538,50.432048]]]}},{"type":"Feature","properties":{"name":"Lake Winnipegosis","scalerank":2},"geometry":{"type":"Polygon","coordinates":[[[-99.635041,51.679563],[-99.609726,51.675736],[-99.604722,51.668672],[-99.604722,51.627461],[-99.610609,51.617158],[-99.624297,51.614803],[-99.65182,51.616863],[-99.657118,51.614803],[-99.660504,51.605972],[-99.665508,51.603911],[-99.673456,51.604795],[-99.692884,51.610682],[-99.69568,51.614214],[-99.705247,51.620985],[-99.715403,51.623045],[-99.729532,51.591548],[-99.751756,51.57889],[-99.778985,51.575947],[-99.802681,51.582717],[-99.803712,51.586544],[-99.801946,51.59979],[-99.802681,51.603911],[-99.80695,51.605678],[-99.819019,51.608621],[-99.823287,51.610682],[-99.854195,51.641296],[-99.875537,51.656014],[-99.921605,51.676031],[-99.940591,51.692809],[-99.94589,51.707822],[-99.940591,51.764929],[-99.943976,51.77111],[-99.9584,51.786417],[-99.960313,51.795837],[-99.95266,51.808789],[-99.939708,51.812321],[-99.925137,51.809378],[-99.912626,51.802607],[-99.911155,51.807317],[-99.909388,51.809966],[-99.907328,51.812321],[-99.90512,51.816148],[-99.909536,51.827923],[-99.904384,51.836753],[-99.885839,51.850883],[-99.891727,51.857653],[-99.908947,51.870017],[-99.912626,51.873843],[-99.914098,51.882674],[-99.917925,51.893566],[-99.926903,51.911816],[-99.932496,51.917704],[-99.938825,51.921825],[-99.943976,51.926535],[-99.946037,51.935954],[-99.943976,51.944785],[-99.935145,51.960975],[-99.933085,51.970395],[-99.943535,52.005718],[-99.96885,52.040159],[-100.000347,52.054289],[-100.029342,52.028385],[-100.02419,52.019848],[-100.021983,52.011311],[-100.021836,51.991],[-100.018598,51.985702],[-100.011533,51.980992],[-100.004615,51.974516],[-100.001377,51.96333],[-100.001377,51.922119],[-99.997109,51.910639],[-99.97827,51.903574],[-99.974001,51.895038],[-99.974001,51.860597],[-99.971794,51.853238],[-99.968114,51.844701],[-99.966495,51.83587],[-99.970911,51.826745],[-99.992988,51.81762],[-100.001819,51.810261],[-99.997992,51.799075],[-99.985187,51.785828],[-99.981949,51.777586],[-99.980772,51.764929],[-99.983715,51.744323],[-99.992546,51.726661],[-100.007706,51.715181],[-100.029342,51.713709],[-100.046562,51.723423],[-100.049947,51.739613],[-100.048034,51.760219],[-100.049653,51.782002],[-100.053185,51.786712],[-100.065254,51.791421],[-100.070258,51.795837],[-100.070994,51.800252],[-100.069228,51.811733],[-100.070258,51.816148],[-100.073938,51.818797],[-100.086154,51.824979],[-100.090717,51.829983],[-100.092041,51.836165],[-100.089539,51.846467],[-100.090717,51.850883],[-100.133252,51.899747],[-100.145321,51.918587],[-100.125157,51.92624],[-100.121772,51.94037],[-100.121625,51.957443],[-100.111175,51.973927],[-100.122508,51.986585],[-100.153269,52.010723],[-100.159598,52.025147],[-100.153269,52.070773],[-100.15165,52.132589],[-100.154741,52.165853],[-100.158273,52.178805],[-100.173286,52.206769],[-100.153122,52.22502],[-100.157832,52.24592],[-100.171961,52.266819],[-100.180056,52.285364],[-100.174611,52.308914],[-100.161511,52.337467],[-100.131633,52.385448],[-100.115738,52.399283],[-100.090128,52.414885],[-100.062163,52.427248],[-100.038909,52.432546],[-100.015654,52.443438],[-100.003585,52.46787],[-100.006676,52.49348],[-100.029342,52.507609],[-100.019775,52.522916],[-99.990044,52.542933],[-99.980772,52.556768],[-99.983274,52.568543],[-99.992546,52.584438],[-100.005351,52.597979],[-100.01845,52.603866],[-100.044207,52.6021],[-100.053921,52.604749],[-100.066873,52.614463],[-100.069523,52.620056],[-100.070847,52.628299],[-100.070111,52.635952],[-100.066873,52.63919],[-100.054068,52.643017],[-100.054216,52.65067],[-100.059809,52.657441],[-100.063341,52.659207],[-100.060103,52.695119],[-100.042294,52.737802],[-100.039939,52.753109],[-100.051861,52.77813],[-100.05083,52.792554],[-100.05348,52.804623],[-100.070258,52.809333],[-100.108673,52.809627],[-100.127218,52.8058],[-100.138551,52.795792],[-100.148118,52.802857],[-100.169606,52.811393],[-100.186679,52.820224],[-100.190948,52.821401],[-100.194922,52.823462],[-100.200515,52.830527],[-100.196099,52.839652],[-100.194186,52.847306],[-100.197129,52.85437],[-100.203311,52.85702],[-100.218176,52.858197],[-100.22112,52.861141],[-100.222298,52.862024],[-100.227302,52.87527],[-100.22789,52.878214],[-100.236721,52.888516],[-100.240107,52.894993],[-100.246877,52.898525],[-100.265422,52.899408],[-100.292356,52.868205],[-100.295594,52.862024],[-100.295005,52.855842],[-100.295741,52.848189],[-100.302953,52.837297],[-100.313109,52.829349],[-100.326208,52.822873],[-100.340632,52.818458],[-100.354467,52.816692],[-100.362415,52.813159],[-100.36683,52.804623],[-100.371835,52.782545],[-100.304131,52.800207],[-100.282495,52.795792],[-100.264539,52.778424],[-100.266599,52.760468],[-100.276608,52.742806],[-100.282495,52.727499],[-100.262037,52.693353],[-100.260123,52.688643],[-100.256591,52.67628],[-100.255119,52.672748],[-100.249968,52.670687],[-100.22789,52.665977],[-100.226713,52.648315],[-100.23731,52.636835],[-100.251881,52.624178],[-100.262037,52.603866],[-100.271456,52.609459],[-100.292356,52.628299],[-100.295447,52.637718],[-100.280582,52.652142],[-100.282495,52.659207],[-100.303395,52.661267],[-100.325914,52.650082],[-100.347255,52.643606],[-100.365064,52.659207],[-100.355497,52.68305],[-100.354467,52.687171],[-100.347402,52.690409],[-100.323412,52.713664],[-100.345783,52.723673],[-100.405981,52.73162],[-100.429971,52.744867],[-100.440127,52.769888],[-100.435417,52.798441],[-100.421876,52.824934],[-100.405981,52.844068],[-100.426439,52.851132],[-100.438214,52.856725],[-100.447045,52.864673],[-100.450724,52.874387],[-100.447486,52.881452],[-100.442335,52.8894],[-100.439538,52.902352],[-100.432179,52.923251],[-100.418197,52.934437],[-100.410102,52.943857],[-100.420257,52.960047],[-100.438214,52.970644],[-100.458378,52.972116],[-100.478983,52.965051],[-100.498558,52.950333],[-100.510038,52.947095],[-100.522696,52.953865],[-100.535207,52.962991],[-100.55699,52.972999],[-100.554635,52.984479],[-100.547423,52.995959],[-100.543154,53.001258],[-100.553016,53.008323],[-100.563318,53.008323],[-100.584071,53.001258],[-100.589664,52.99802],[-100.598053,52.989483],[-100.604677,52.987423],[-100.61336,52.989189],[-100.627784,52.998903],[-100.634996,53.001258],[-100.655602,52.998903],[-100.714474,52.984479],[-100.728162,52.974471],[-100.705055,52.949744],[-100.648978,52.930022],[-100.59982,52.903529],[-100.597759,52.857608],[-100.614391,52.844951],[-100.660459,52.839652],[-100.680328,52.830527],[-100.662813,52.817575],[-100.657809,52.794026],[-100.662519,52.769593],[-100.673558,52.754581],[-100.687687,52.754286],[-100.718154,52.764],[-100.740084,52.753992],[-100.826774,52.740746],[-100.84944,52.748694],[-100.851059,52.775186],[-100.833545,52.789905],[-100.808671,52.800796],[-100.798221,52.812571],[-100.823683,52.830527],[-100.835752,52.822285],[-100.906253,52.803151],[-100.9142,52.799324],[-100.919941,52.794909],[-100.926564,52.791082],[-100.936719,52.78961],[-100.957619,52.795792],[-100.924062,52.834059],[-100.93304,52.857608],[-100.948199,52.862024],[-100.985584,52.859374],[-101.001921,52.864673],[-101.010752,52.874681],[-101.016492,52.888222],[-101.01399,52.900291],[-100.99883,52.90559],[-100.990294,52.911477],[-100.966009,52.935026],[-100.960857,52.936792],[-100.965714,52.951216],[-100.977489,52.957398],[-100.993237,52.961224],[-101.00928,52.9677],[-100.994709,52.972705],[-100.979402,52.982124],[-100.969394,52.993604],[-100.97116,53.00479],[-100.986172,53.015387],[-101.042838,53.028339],[-101.069772,53.042175],[-101.097736,53.063074],[-101.114515,53.086624],[-101.108039,53.107818],[-101.083901,53.124597],[-101.055348,53.138726],[-101.024145,53.14844],[-100.991913,53.151972],[-100.955706,53.151089],[-100.933776,53.147263],[-100.919352,53.138432],[-100.919499,53.129601],[-100.947316,53.097221],[-100.930832,53.098104],[-100.919941,53.094277],[-100.910815,53.088684],[-100.899482,53.08368],[-100.869604,53.077793],[-100.837371,53.07691],[-100.745677,53.097809],[-100.724777,53.094277],[-100.708881,53.085446],[-100.693133,53.085446],[-100.662666,53.091039],[-100.657515,53.097809],[-100.653541,53.11135],[-100.646182,53.122536],[-100.631905,53.121947],[-100.622044,53.117237],[-100.610858,53.114588],[-100.601733,53.119004],[-100.597759,53.135194],[-100.588192,53.138137],[-100.569353,53.134311],[-100.556106,53.135194],[-100.563613,53.151972],[-100.556254,53.159331],[-100.561111,53.164336],[-100.566115,53.170812],[-100.57053,53.173755],[-100.57053,53.179937],[-100.531527,53.176405],[-100.426439,53.151972],[-100.405981,53.117532],[-100.39141,53.103108],[-100.368449,53.097221],[-100.083946,53.066312],[-100.035376,53.042763],[-100.008,53.015976],[-99.99446,53.008617],[-99.988278,53.00744],[-99.974296,53.009206],[-99.96782,53.008617],[-99.961491,53.004202],[-99.950158,52.990366],[-99.94324,52.987423],[-99.913804,52.984479],[-99.859641,52.971527],[-99.82991,52.9677],[-99.775306,52.966523],[-99.743661,52.961813],[-99.737774,52.950333],[-99.745869,52.942974],[-99.763678,52.930316],[-99.77192,52.922957],[-99.776336,52.915304],[-99.791643,52.879686],[-99.799738,52.869972],[-99.802681,52.864673],[-99.773981,52.875564],[-99.74322,52.904707],[-99.710398,52.926489],[-99.676105,52.916187],[-99.662417,52.899702],[-99.664919,52.893226],[-99.677135,52.888516],[-99.692884,52.878214],[-99.698035,52.870266],[-99.702745,52.852604],[-99.706572,52.844068],[-99.713342,52.836708],[-99.728355,52.825817],[-99.734389,52.816692],[-99.696269,52.794614],[-99.686702,52.782545],[-99.709221,52.754875],[-99.713342,52.748399],[-99.708632,52.735447],[-99.690676,52.726616],[-99.683317,52.711309],[-99.668746,52.698946],[-99.665508,52.690115],[-99.667716,52.684522],[-99.676988,52.675397],[-99.679196,52.66951],[-99.676399,52.665977],[-99.6633,52.658029],[-99.659326,52.652436],[-99.659326,52.617407],[-99.661534,52.612992],[-99.670954,52.601511],[-99.673014,52.597685],[-99.670365,52.591209],[-99.665802,52.587088],[-99.66124,52.58385],[-99.659326,52.580612],[-99.658149,52.565305],[-99.654028,52.559417],[-99.646521,52.555591],[-99.635188,52.545877],[-99.635483,52.537046],[-99.642695,52.523799],[-99.666244,52.493774],[-99.679784,52.481411],[-99.697593,52.458451],[-99.699654,52.453741],[-99.69936,52.444615],[-99.69465,52.439317],[-99.689204,52.435196],[-99.686702,52.429308],[-99.693178,52.40988],[-99.708779,52.396928],[-99.726883,52.385448],[-99.741307,52.371024],[-99.742778,52.364548],[-99.740571,52.350419],[-99.741307,52.344532],[-99.74896,52.331285],[-99.759704,52.320099],[-99.772509,52.312446],[-99.798855,52.306264],[-99.80695,52.298316],[-99.820049,52.278594],[-99.833295,52.273001],[-99.844334,52.276533],[-99.852723,52.276828],[-99.857875,52.261227],[-99.856256,52.245331],[-99.848602,52.232673],[-99.838741,52.22031],[-99.82991,52.206769],[-99.823729,52.188813],[-99.82314,52.176155],[-99.834326,52.114928],[-99.834031,52.083431],[-99.824023,52.058998],[-99.799002,52.04899],[-99.76618,52.059881],[-99.748813,52.05841],[-99.741307,52.038982],[-99.742484,51.988351],[-99.733212,51.96333],[-99.739835,51.94714],[-99.749843,51.930361],[-99.754847,51.915349],[-99.762206,51.906518],[-99.800327,51.908578],[-99.816958,51.905635],[-99.810041,51.892977],[-99.810776,51.880908],[-99.81475,51.86825],[-99.816958,51.854121],[-99.81475,51.840286],[-99.804889,51.821447],[-99.802681,51.809966],[-99.804889,51.804079],[-99.81475,51.791421],[-99.816958,51.78524],[-99.815781,51.777586],[-99.810776,51.765812],[-99.809599,51.758158],[-99.80224,51.744029],[-99.785608,51.744323],[-99.754553,51.754626],[-99.747194,51.749622],[-99.740571,51.739025],[-99.732476,51.731077],[-99.720112,51.733726],[-99.71555,51.742557],[-99.706572,51.778764],[-99.703628,51.832927],[-99.695533,51.860597],[-99.679196,51.87767],[-99.640487,51.85206],[-99.628859,51.83587],[-99.624591,51.813204],[-99.628859,51.802607],[-99.647552,51.782296],[-99.65182,51.771699],[-99.653586,51.740202],[-99.647404,51.692809],[-99.645638,51.685745],[-99.635041,51.679563]],[[-99.871563,52.374557],[-99.868325,52.386037],[-99.853754,52.40105],[-99.850516,52.408997],[-99.852135,52.418711],[-99.858316,52.436079],[-99.857875,52.44697],[-99.853459,52.45639],[-99.840213,52.473169],[-99.837416,52.484355],[-99.836828,52.494657],[-99.82991,52.522033],[-99.835945,52.536751],[-99.853459,52.534985],[-99.875684,52.526743],[-99.895553,52.522033],[-99.923076,52.519384],[-99.930877,52.510553],[-99.932349,52.49554],[-99.940591,52.473463],[-99.947361,52.465515],[-99.961785,52.455507],[-99.96782,52.44697],[-99.969439,52.438728],[-99.96782,52.408997],[-99.961491,52.387509],[-99.947361,52.372496],[-99.933232,52.360133],[-99.926903,52.347475],[-99.935881,52.31539],[-99.930877,52.305676],[-99.90512,52.309502],[-99.88893,52.319511],[-99.878627,52.334229],[-99.873182,52.353068],[-99.871563,52.374557]]]}},{"type":"Feature","properties":{"name":"Lake Athabasca","scalerank":2},"geometry":{"type":"Polygon","coordinates":[[[-109.180681,59.090474],[-109.203053,59.10166],[-109.211736,59.108136],[-109.236905,59.137867],[-109.246177,59.142282],[-109.276791,59.139927],[-109.298427,59.133157],[-109.341404,59.108136],[-109.392623,59.086648],[-109.656594,59.048969],[-109.920565,59.01129],[-109.92866,59.007169],[-109.951032,58.98833],[-109.962218,58.983914],[-109.974287,58.982737],[-110.211691,58.902081],[-110.275568,58.865874],[-110.29794,58.861165],[-110.303533,58.856749],[-110.318104,58.829668],[-110.329143,58.822897],[-110.369323,58.812595],[-110.385513,58.803764],[-110.397729,58.793461],[-110.421131,58.768146],[-110.44365,58.749306],[-110.450421,58.739004],[-110.445122,58.730761],[-110.472351,58.693083],[-110.479563,58.6713],[-110.462342,58.66188],[-110.451157,58.665118],[-110.442767,58.67336],[-110.427902,58.693083],[-110.413478,58.700147],[-110.392284,58.703091],[-110.37109,58.701914],[-110.356371,58.696615],[-110.34548,58.686312],[-110.346805,58.681897],[-110.354458,58.67807],[-110.362406,58.669239],[-110.370501,58.653932],[-110.369323,58.637742],[-110.374622,58.629206],[-110.398171,58.623907],[-110.40347,58.617431],[-110.409357,58.605657],[-110.42275,58.608011],[-110.445122,58.620964],[-110.507086,58.628323],[-110.54815,58.639803],[-110.564487,58.641275],[-110.58627,58.648045],[-110.598191,58.648045],[-110.603343,58.637742],[-110.60717,58.625085],[-110.617031,58.617726],[-110.630277,58.614782],[-110.644259,58.613899],[-110.660155,58.615665],[-110.705046,58.628323],[-110.770836,58.628323],[-110.785996,58.618903],[-110.781139,58.597709],[-110.760386,58.559441],[-110.761269,58.540013],[-110.771572,58.527061],[-110.804688,58.501452],[-110.818081,58.484967],[-110.826029,58.479669],[-110.839129,58.477608],[-110.853994,58.480257],[-110.855907,58.487617],[-110.852081,58.498214],[-110.849137,58.510871],[-110.85105,58.535598],[-110.849137,58.546489],[-110.83751,58.576515],[-110.836038,58.589761],[-110.836038,58.631561],[-110.842661,58.637448],[-110.858409,58.635093],[-110.876513,58.630089],[-110.890642,58.628323],[-110.89962,58.633032],[-110.907127,58.640686],[-110.916546,58.646868],[-110.931706,58.648045],[-110.944952,58.643924],[-110.955844,58.635387],[-110.963056,58.623907],[-110.965852,58.610661],[-110.976597,58.602124],[-111.026638,58.573865],[-111.041504,58.559441],[-111.043417,58.550022],[-111.045478,58.526767],[-111.048274,58.518525],[-111.059019,58.507928],[-111.067702,58.506456],[-111.085953,58.510871],[-111.117303,58.535892],[-111.123484,58.542663],[-111.119805,58.555026],[-111.102143,58.569744],[-111.096108,58.579753],[-111.099346,58.582107],[-111.115978,58.600358],[-111.074914,58.620964],[-111.094048,58.625673],[-111.131138,58.617431],[-111.147328,58.624496],[-111.159249,58.63627],[-111.16705,58.646279],[-111.164107,58.654815],[-111.143943,58.66188],[-111.175145,58.675421],[-111.287887,58.696615],[-111.293332,58.716926],[-111.295099,58.734588],[-111.303635,58.748129],[-111.329539,58.757254],[-111.319825,58.774033],[-111.30128,58.783453],[-111.214884,58.804058],[-111.191777,58.805824],[-111.171318,58.799643],[-111.1775,58.789634],[-111.166609,58.782275],[-111.148652,58.775799],[-111.134081,58.768146],[-111.135995,58.757843],[-111.150271,58.74283],[-111.168375,58.729584],[-111.181768,58.723697],[-111.185154,58.720459],[-111.184859,58.713394],[-111.181327,58.706035],[-111.174998,58.702797],[-111.163812,58.703091],[-111.155128,58.704563],[-111.129813,58.713394],[-111.112593,58.722519],[-111.106117,58.727229],[-111.097727,58.731056],[-111.078152,58.729584],[-111.06888,58.730761],[-111.037824,58.746951],[-111.012362,58.764908],[-110.983367,58.779331],[-110.910806,58.792578],[-110.847076,58.827607],[-110.814255,58.83997],[-110.820142,58.880593],[-110.785407,58.910912],[-110.705046,58.950357],[-110.692388,58.967724],[-110.677081,59.005992],[-110.667514,59.021887],[-110.577733,59.095773],[-110.560218,59.106076],[-110.539907,59.112257],[-110.450273,59.116967],[-110.389782,59.127859],[-110.170628,59.224116],[-110.143252,59.253846],[-110.133243,59.258262],[-110.105426,59.2615],[-110.079522,59.270331],[-110.056267,59.2824],[-110.026536,59.303594],[-110.005784,59.315074],[-109.986208,59.331559],[-109.97517,59.338329],[-109.96369,59.343627],[-109.952209,59.347749],[-109.922773,59.35393],[-109.855952,59.358051],[-109.828724,59.35393],[-109.845797,59.364822],[-109.861251,59.379834],[-109.867285,59.395436],[-109.855952,59.408388],[-109.82681,59.41192],[-109.794577,59.406621],[-109.765583,59.405738],[-109.746155,59.422223],[-109.834905,59.422223],[-109.820334,59.438118],[-109.770587,59.463139],[-109.759842,59.481095],[-109.749245,59.49287],[-109.697732,59.517302],[-109.605743,59.549094],[-109.565121,59.578824],[-109.539364,59.592954],[-109.511841,59.603257],[-109.486084,59.607672],[-109.225572,59.615031],[-109.216005,59.613854],[-109.198048,59.607672],[-109.184508,59.600902],[-109.154188,59.601196],[-109.149626,59.597958],[-109.146093,59.572348],[-109.135643,59.554981],[-109.11857,59.542618],[-109.095021,59.53202],[-109.073238,59.52525],[-109.063818,59.520835],[-109.054104,59.511415],[-109.063966,59.49287],[-109.045421,59.48139],[-109.014807,59.479329],[-108.988903,59.487866],[-108.966531,59.505822],[-108.947397,59.517597],[-108.925909,59.523778],[-108.83495,59.53202],[-108.819496,59.527016],[-108.798302,59.514359],[-108.755914,59.504056],[-108.767688,59.486983],[-108.863356,59.434586],[-108.899858,59.405444],[-108.947839,59.388665],[-108.951519,59.386605],[-108.952402,59.381895],[-108.950047,59.377185],[-108.944454,59.37483],[-108.935476,59.376007],[-108.910749,59.381306],[-108.815817,59.367765],[-108.777991,59.382778],[-108.728538,59.381306],[-108.715586,59.382778],[-108.67673,59.395436],[-108.617857,59.406327],[-108.604905,59.412214],[-108.589156,59.435175],[-108.579001,59.444006],[-108.560603,59.450187],[-108.443888,59.456958],[-108.411066,59.450776],[-108.399144,59.450187],[-108.39517,59.447832],[-108.383249,59.438413],[-108.375595,59.436352],[-108.354401,59.438413],[-108.33409,59.443711],[-108.291996,59.472853],[-108.283165,59.477269],[-108.262706,59.474031],[-108.227383,59.462256],[-108.204275,59.463139],[-108.164242,59.474619],[-108.145108,59.476091],[-108.122442,59.470498],[-108.124208,59.466083],[-108.12671,59.454603],[-108.128624,59.450187],[-108.101984,59.446949],[-108.070487,59.451953],[-108.04002,59.45372],[-108.016029,59.440179],[-108.006757,59.436647],[-107.96481,59.443711],[-107.948178,59.441356],[-107.895929,59.422223],[-107.86399,59.416041],[-107.772296,59.416041],[-107.742271,59.412214],[-107.727258,59.412509],[-107.7146,59.418985],[-107.704151,59.420456],[-107.663087,59.402206],[-107.649693,59.403383],[-107.614664,59.416041],[-107.597591,59.41869],[-107.522675,59.412214],[-107.319417,59.337151],[-107.25289,59.322433],[-107.189455,59.319784],[-107.164875,59.325671],[-107.114392,59.326554],[-107.051104,59.334797],[-106.999443,59.325377],[-106.922025,59.344805],[-106.888468,59.347749],[-106.899212,59.334797],[-106.905246,59.325083],[-106.90142,59.317723],[-106.882286,59.313014],[-106.865802,59.313897],[-106.825474,59.323905],[-106.806487,59.326554],[-106.649885,59.317429],[-106.635314,59.313014],[-106.644587,59.310953],[-106.652388,59.306832],[-106.658422,59.300945],[-106.662543,59.292997],[-106.640171,59.28917],[-106.319903,59.271214],[-106.094126,59.29388],[-106.018327,59.278867],[-106.018327,59.271214],[-106.385841,59.264738],[-106.753354,59.258262],[-106.799128,59.25208],[-106.796037,59.255613],[-106.793977,59.258851],[-106.79118,59.262089],[-106.786029,59.265032],[-106.80531,59.275629],[-106.908926,59.265032],[-106.905393,59.26827],[-106.895974,59.278867],[-106.932917,59.288876],[-107.090401,59.286521],[-107.108505,59.28917],[-107.124548,59.294763],[-107.142062,59.303005],[-107.163256,59.308892],[-107.257747,59.304477],[-107.29263,59.294763],[-107.313088,59.292997],[-107.383882,59.300945],[-107.450261,59.292997],[-107.459534,59.295646],[-107.462919,59.301828],[-107.46498,59.308304],[-107.47072,59.313014],[-107.490148,59.315663],[-107.513108,59.315368],[-107.53548,59.31213],[-107.553289,59.306832],[-107.548432,59.301533],[-107.546224,59.298295],[-107.544164,59.295646],[-107.539012,59.292997],[-107.539012,59.285638],[-107.590526,59.288876],[-107.612456,59.295057],[-107.635122,59.306832],[-107.62585,59.31007],[-107.61746,59.314191],[-107.609512,59.319784],[-107.601712,59.326554],[-107.626144,59.34245],[-107.669121,59.345688],[-107.758608,59.340095],[-107.7486,59.31949],[-107.757136,59.308598],[-107.77156,59.298884],[-107.779213,59.282105],[-107.784512,59.265032],[-107.797906,59.255318],[-107.834407,59.237951],[-107.814096,59.221172],[-107.806442,59.216757],[-107.834259,59.204099],[-107.901227,59.224704],[-107.926248,59.220289],[-107.949797,59.208514],[-108.039873,59.203804],[-108.194414,59.151996],[-108.601961,59.140811],[-108.639934,59.124621],[-108.669223,59.128153],[-108.680115,59.124326],[-108.691889,59.117261],[-108.707343,59.114612],[-108.738105,59.114318],[-108.851729,59.101366],[-108.866447,59.102838],[-108.876014,59.107253],[-108.892646,59.124326],[-108.906922,59.133157],[-108.919433,59.132274],[-108.944159,59.120499],[-109.054252,59.088414],[-109.113419,59.081055],[-109.170084,59.086942],[-109.180681,59.090474]]]}},{"type":"Feature","properties":{"name":"Lake Mistassini","scalerank":2},"geometry":{"type":"Polygon","coordinates":[[[-73.396159,50.821786],[-73.426478,50.807656],[-73.503013,50.751433],[-73.522735,50.747312],[-73.529653,50.747312],[-73.543341,50.733771],[-73.529211,50.757026],[-73.479022,50.787934],[-73.468131,50.818842],[-73.462243,50.827673],[-73.427214,50.863586],[-73.417353,50.875949],[-73.398808,50.895083],[-73.346706,50.934822],[-73.319182,50.943358],[-73.288716,50.962198],[-73.279443,50.966613],[-73.265167,50.968674],[-73.224544,50.980448],[-73.213653,50.986924],[-73.209973,51.002526],[-73.217627,51.014006],[-73.241618,51.027841],[-73.192312,51.081415],[-73.180095,51.089952],[-73.169351,51.089952],[-73.159932,51.086125],[-73.15375,51.078766],[-73.152867,51.069052],[-73.194372,51.041676],[-73.166555,51.047563],[-73.144625,51.065225],[-73.11195,51.109968],[-73.121075,51.109674],[-73.126963,51.111146],[-73.139179,51.117328],[-73.129023,51.134401],[-73.139768,51.152357],[-73.158901,51.166192],[-73.173619,51.172079],[-73.248977,51.10673],[-73.313884,51.065814],[-73.329044,51.039615],[-73.334342,51.035494],[-73.34332,51.032551],[-73.478728,50.934527],[-73.509047,50.905091],[-73.595149,50.79912],[-73.63268,50.767329],[-73.629295,50.78764],[-73.612222,50.803241],[-73.593236,50.817371],[-73.584257,50.832677],[-73.587495,50.848867],[-73.596326,50.844746],[-73.609278,50.835621],[-73.625174,50.83621],[-73.634594,50.82002],[-73.666091,50.780869],[-73.664766,50.768506],[-73.67551,50.758498],[-73.685224,50.746429],[-73.680514,50.727001],[-73.699207,50.720819],[-73.721578,50.709633],[-73.74027,50.694032],[-73.748071,50.675487],[-73.751898,50.670483],[-73.770148,50.652527],[-73.776036,50.644284],[-73.778538,50.633393],[-73.778832,50.617792],[-73.782806,50.610138],[-73.788399,50.606606],[-73.806208,50.598952],[-73.813861,50.592771],[-73.818718,50.584234],[-73.821956,50.573343],[-73.82387,50.561862],[-73.82284,50.518002],[-73.816805,50.506228],[-73.803411,50.507111],[-73.805766,50.491804],[-73.820926,50.46796],[-73.824459,50.455891],[-73.821956,50.443822],[-73.815922,50.433814],[-73.786191,50.40114],[-73.78575,50.394664],[-73.79149,50.388482],[-73.796494,50.382006],[-73.793109,50.373764],[-73.778979,50.366993],[-73.766469,50.369348],[-73.756166,50.374941],[-73.748071,50.377002],[-73.735119,50.369643],[-73.740565,50.363167],[-73.756166,50.358162],[-73.792078,50.356102],[-73.805619,50.357279],[-73.815628,50.363167],[-73.824459,50.377002],[-73.827255,50.38701],[-73.831229,50.422334],[-73.833437,50.429987],[-73.842709,50.453242],[-73.844917,50.466194],[-73.866258,50.426749],[-73.844034,50.376119],[-73.817247,50.329315],[-73.824459,50.301645],[-73.807533,50.252486],[-73.82961,50.217456],[-74.096009,50.082049],[-74.112494,50.062327],[-74.099542,50.064681],[-74.076287,50.072629],[-74.064071,50.075279],[-74.049794,50.07469],[-74.048322,50.06998],[-74.055534,50.062032],[-74.06775,50.051729],[-74.079231,50.045253],[-74.093213,50.04231],[-74.16857,50.039366],[-74.181375,50.041132],[-74.173869,50.054673],[-74.184171,50.051141],[-74.194769,50.049374],[-74.205071,50.050258],[-74.214785,50.054673],[-74.20095,50.062915],[-74.148553,50.0794],[-74.10749,50.087347],[-74.094979,50.099416],[-74.085265,50.115018],[-74.07143,50.130325],[-74.063777,50.135034],[-74.042141,50.142688],[-74.033016,50.14416],[-73.999164,50.181838],[-73.985034,50.192435],[-73.968108,50.200678],[-73.94868,50.205387],[-73.926897,50.205682],[-73.928958,50.200972],[-73.932196,50.189492],[-73.934256,50.185076],[-73.911443,50.187431],[-73.879946,50.195968],[-73.849921,50.207448],[-73.831229,50.219811],[-73.827108,50.228642],[-73.823134,50.242772],[-73.821662,50.257196],[-73.824459,50.267498],[-73.832554,50.270148],[-73.86876,50.274563],[-73.890102,50.281922],[-73.901435,50.300467],[-73.905703,50.324016],[-73.906439,50.346388],[-73.917478,50.36611],[-73.920863,50.378179],[-73.913504,50.383772],[-73.903642,50.380829],[-73.869791,50.364638],[-73.857869,50.356396],[-73.856103,50.374647],[-73.884803,50.407027],[-73.892751,50.42881],[-73.8876,50.438818],[-73.877738,50.448238],[-73.871262,50.458246],[-73.881418,50.480912],[-73.877738,50.490038],[-73.870527,50.498574],[-73.865375,50.507111],[-73.864639,50.513881],[-73.865375,50.534487],[-73.862579,50.546556],[-73.853601,50.568927],[-73.851687,50.57923],[-73.845211,50.595126],[-73.814009,50.624856],[-73.803411,50.644284],[-73.800321,50.670483],[-73.808416,50.674898],[-73.823428,50.66489],[-73.851393,50.640163],[-73.872293,50.629272],[-73.882743,50.620441],[-73.888924,50.608666],[-73.887452,50.599247],[-73.884362,50.591004],[-73.885833,50.583057],[-73.892162,50.576875],[-73.904231,50.575403],[-73.913209,50.569222],[-73.919244,50.561274],[-73.929988,50.541257],[-73.937347,50.531249],[-73.939261,50.523889],[-73.934256,50.490038],[-73.929252,50.486505],[-73.917919,50.492981],[-73.899521,50.507111],[-73.892751,50.510054],[-73.88966,50.512409],[-73.886569,50.511821],[-73.879652,50.507111],[-73.906439,50.473553],[-73.917772,50.454714],[-73.926897,50.432048],[-73.932932,50.447355],[-73.94765,50.465311],[-73.966784,50.480324],[-73.98577,50.4868],[-74.009908,50.483267],[-74.029189,50.473848],[-74.064071,50.445883],[-74.09807,50.425277],[-74.104988,50.41733],[-74.116026,50.39643],[-74.122355,50.387305],[-74.126918,50.378768],[-74.131186,50.356396],[-74.136043,50.346388],[-74.200509,50.294874],[-74.214491,50.288398],[-74.224499,50.284866],[-74.227149,50.287515],[-74.218318,50.298407],[-74.159592,50.345799],[-74.145904,50.363755],[-74.14193,50.373764],[-74.136779,50.395252],[-74.132952,50.404672],[-74.124857,50.415858],[-74.077612,50.456186],[-74.073049,50.463545],[-74.070105,50.491509],[-74.065984,50.500929],[-74.023007,50.555092],[-74.033899,50.564217],[-74.031102,50.573637],[-74.016237,50.589238],[-74.010644,50.601013],[-74.009319,50.607195],[-74.00873,50.630155],[-74.000194,50.654882],[-73.961632,50.72023],[-73.948091,50.733182],[-73.913356,50.785579],[-73.897608,50.831794],[-73.876708,50.851517],[-73.831229,50.884486],[-73.843298,50.896849],[-73.850657,50.906563],[-73.859635,50.907446],[-73.887158,50.88478],[-73.902171,50.875949],[-73.918802,50.871828],[-73.934256,50.877126],[-73.928222,50.891256],[-73.924395,50.922164],[-73.916889,50.935411],[-73.904526,50.944536],[-73.889219,50.951601],[-73.857869,50.959548],[-73.870379,50.968674],[-73.892162,50.967791],[-73.913945,50.961315],[-73.926897,50.953367],[-73.934109,50.958371],[-73.94088,50.966907],[-73.94397,50.97721],[-73.940438,50.986924],[-73.931166,50.989279],[-73.862579,50.986924],[-73.844917,51.000759],[-73.82858,51.017538],[-73.819013,51.024897],[-73.807091,51.027841],[-73.757491,51.024603],[-73.732617,51.027252],[-73.711128,51.038438],[-73.691847,51.053745],[-73.63268,51.082593],[-73.611928,51.096133],[-73.563799,51.144703],[-73.49271,51.172079],[-73.460772,51.200044],[-73.337727,51.267453],[-73.340671,51.281877],[-73.323156,51.285409],[-73.286214,51.281877],[-73.248977,51.292769],[-73.244708,51.306898],[-73.234258,51.312197],[-73.207471,51.316612],[-73.099734,51.368126],[-73.07015,51.391086],[-73.057934,51.385199],[-73.046748,51.388143],[-73.035121,51.39403],[-73.021875,51.398445],[-73.007598,51.399328],[-72.969772,51.395796],[-72.953582,51.391086],[-72.928561,51.374013],[-72.939747,51.36371],[-72.969036,51.359],[-72.998326,51.357529],[-73.022905,51.35223],[-73.063086,51.328092],[-73.087665,51.322794],[-73.109154,51.314846],[-73.13653,51.295712],[-73.160815,51.273046],[-73.173325,51.254501],[-73.143889,51.257445],[-73.099881,51.283055],[-73.063086,51.292474],[-73.040125,51.306015],[-73.01113,51.311314],[-72.924587,51.352819],[-72.892796,51.359589],[-72.878519,51.346637],[-72.864096,51.344871],[-72.796833,51.361355],[-72.776081,51.370481],[-72.776522,51.362239],[-72.774167,51.356646],[-72.768574,51.35017],[-72.786678,51.328387],[-72.814054,51.308959],[-72.845551,51.294535],[-72.889852,51.286587],[-72.933713,51.267453],[-72.939306,51.268042],[-72.949314,51.274224],[-72.953582,51.275107],[-72.957115,51.272457],[-72.963443,51.263921],[-72.96727,51.261272],[-72.991555,51.254207],[-72.998326,51.250969],[-73.023052,51.234779],[-73.079717,51.212407],[-73.104444,51.199161],[-73.130642,51.17414],[-73.114305,51.16943],[-73.079276,51.171196],[-73.049839,51.164426],[-73.057787,51.157655],[-73.06132,51.152063],[-73.060878,51.14647],[-73.057198,51.137933],[-73.037918,51.144998],[-72.980958,51.17885],[-72.910458,51.210052],[-72.898978,51.217117],[-72.894857,51.22271],[-72.885584,51.227125],[-72.876459,51.233013],[-72.872338,51.244198],[-72.86645,51.247731],[-72.827594,51.247731],[-72.805223,51.25038],[-72.780055,51.257151],[-72.734428,51.275107],[-72.732368,51.267159],[-72.733251,51.258622],[-72.736489,51.249791],[-72.741346,51.24096],[-72.729424,51.24096],[-72.722801,51.245376],[-72.718385,51.251263],[-72.71397,51.254501],[-72.675114,51.253913],[-72.617713,51.24096],[-72.711026,51.217411],[-72.734428,51.199161],[-72.76828,51.208286],[-72.792565,51.19975],[-72.816114,51.185914],[-72.87587,51.172374],[-72.926206,51.144115],[-72.963738,51.133518],[-72.975807,51.123804],[-72.994499,51.103787],[-72.998767,51.100254],[-73.009364,51.09319],[-73.015546,51.089952],[-73.022022,51.088774],[-73.030706,51.087891],[-73.037182,51.088185],[-73.036151,51.089952],[-73.054549,51.075233],[-73.066029,51.053156],[-73.084574,51.000759],[-73.097232,51.025486],[-73.113569,51.007235],[-73.134322,50.97515],[-73.159637,50.959548],[-73.129612,51.008413],[-73.125491,51.02107],[-73.127846,51.034611],[-73.131673,51.038144],[-73.14904,51.035494],[-73.152867,51.031079],[-73.152867,51.000759],[-73.161403,50.979565],[-73.173031,50.968674],[-73.226311,50.945419],[-73.232787,50.939532],[-73.235289,50.92864],[-73.239557,50.919809],[-73.257955,50.914216],[-73.270318,50.897143],[-73.30888,50.863586],[-73.32036,50.856521],[-73.340965,50.851222],[-73.378938,50.827379],[-73.396159,50.821786]],[[-73.697882,50.827085],[-73.695085,50.835915],[-73.70112,50.841508],[-73.718046,50.843569],[-73.727318,50.837976],[-73.738946,50.813838],[-73.74498,50.808245],[-73.761317,50.798826],[-73.78001,50.777926],[-73.793992,50.754671],[-73.796494,50.739953],[-73.770884,50.759086],[-73.729673,50.799709],[-73.707743,50.815604],[-73.697882,50.827085]],[[-73.184952,51.233013],[-73.180095,51.24096],[-73.426331,51.096133],[-73.529653,51.008118],[-73.572777,50.978093],[-73.580578,50.965141],[-73.559972,50.959548],[-73.550847,50.963964],[-73.545549,50.973972],[-73.541869,50.985452],[-73.537012,50.994578],[-73.301373,51.165603],[-73.269582,51.178555],[-73.219982,51.209758],[-73.207471,51.220355],[-73.198346,51.22271],[-73.190987,51.226831],[-73.184952,51.233013]]]}},{"type":"Feature","properties":{"name":"Lake Winnebago","scalerank":3},"geometry":{"type":"Polygon","coordinates":[[[-88.303788,44.168568],[-88.327043,44.13295],[-88.334402,44.091445],[-88.324688,43.933371],[-88.328073,43.918653],[-88.380765,43.88068],[-88.393128,43.867139],[-88.407552,43.825339],[-88.418885,43.81121],[-88.444494,43.805617],[-88.464953,43.81121],[-88.472017,43.825339],[-88.468338,43.867139],[-88.470104,43.889805],[-88.485117,43.926012],[-88.488796,43.945734],[-88.493065,43.953977],[-88.511904,43.962219],[-88.516025,43.97311],[-88.516025,44.082319],[-88.510285,44.084674],[-88.475697,44.120881],[-88.46981,44.13766],[-88.465247,44.14443],[-88.457741,44.1512],[-88.449793,44.156499],[-88.443611,44.162681],[-88.440962,44.1721],[-88.444789,44.180343],[-88.453031,44.190645],[-88.46039,44.20448],[-88.462156,44.22332],[-88.456269,44.214783],[-88.448468,44.208601],[-88.439049,44.20448],[-88.427421,44.203009],[-88.35751,44.200359],[-88.328073,44.190351],[-88.303788,44.168568]]]}},{"type":"Feature","properties":{"name":"Nettilling Lake","scalerank":3},"geometry":{"type":"Polygon","coordinates":[[[-71.361955,66.557903],[-71.476169,66.594699],[-71.442611,66.615304],[-71.439815,66.638265],[-71.394188,66.631789],[-71.377704,66.632083],[-71.377704,66.638265],[-71.381825,66.639737],[-71.391392,66.645624],[-71.350475,66.67977],[-71.350475,66.686541],[-71.371375,66.693311],[-71.341056,66.714211],[-71.32619,66.722159],[-71.308823,66.727457],[-71.306321,66.731578],[-71.297195,66.758365],[-71.295135,66.772201],[-71.29852,66.794278],[-71.293221,66.801343],[-71.274676,66.802814],[-71.274676,66.809585],[-71.223751,66.82342],[-71.192843,66.836372],[-71.192696,66.857861],[-71.182688,66.868458],[-71.182835,66.882881],[-71.181069,66.896717],[-71.16532,66.905842],[-71.179008,66.921738],[-71.185926,66.926742],[-71.168705,66.933806],[-71.15752,66.947347],[-71.153546,66.96236],[-71.157961,66.97384],[-71.180038,66.982082],[-71.239206,66.987969],[-71.267759,66.994445],[-71.241266,67.010341],[-71.213154,67.02241],[-71.227725,67.032418],[-71.216245,67.040366],[-71.196376,67.041838],[-71.185926,67.033007],[-71.103357,67.02918],[-71.035358,67.037423],[-71.003861,67.036245],[-70.995325,67.037128],[-70.989438,67.034773],[-70.98723,67.025942],[-70.983109,67.018289],[-70.973395,67.013285],[-70.952495,67.008869],[-70.960001,67.001216],[-70.937041,66.99474],[-70.904219,66.994151],[-70.873458,66.999155],[-70.856974,67.008869],[-70.826213,66.995623],[-70.795599,66.988264],[-70.712588,66.986792],[-70.685654,66.981493],[-70.720978,66.973251],[-70.769695,66.974429],[-70.814144,66.970308],[-70.837104,66.94617],[-70.72657,66.922326],[-70.692424,66.90908],[-70.67594,66.906431],[-70.655629,66.907314],[-70.638261,66.905548],[-70.631049,66.895833],[-70.635318,66.890535],[-70.654157,66.8767],[-70.658278,66.871696],[-70.64356,66.856683],[-70.617803,66.859627],[-70.60279,66.859332],[-70.620452,66.834017],[-70.598669,66.802226],[-70.593371,66.796338],[-70.559224,66.794278],[-70.543034,66.789862],[-70.535381,66.782209],[-70.548186,66.778382],[-70.547597,66.772201],[-70.531701,66.758071],[-70.513745,66.751301],[-70.437211,66.749829],[-70.360529,66.729812],[-70.280903,66.720687],[-70.281786,66.726574],[-70.280903,66.727457],[-70.280903,66.727457],[-70.280903,66.727457],[-70.310045,66.736877],[-70.323733,66.744236],[-70.336096,66.754244],[-70.315049,66.752184],[-70.266774,66.739821],[-70.247493,66.731284],[-70.233952,66.727163],[-70.222619,66.728929],[-70.21158,66.732756],[-70.198923,66.735111],[-70.186412,66.733344],[-70.177581,66.728929],[-70.171105,66.724219],[-70.164924,66.720687],[-70.160655,66.717449],[-70.158301,66.708912],[-70.154915,66.707146],[-70.149911,66.708324],[-70.139903,66.713033],[-70.136959,66.713916],[-69.993457,66.713916],[-69.986833,66.708029],[-69.924723,66.686541],[-69.924723,66.67977],[-69.929874,66.676532],[-69.933112,66.673],[-69.935614,66.669762],[-69.938999,66.665935],[-69.783869,66.660931],[-69.733533,66.651806],[-69.733533,66.645624],[-69.7431,66.644741],[-69.751784,66.641797],[-69.760026,66.637676],[-69.767679,66.632083],[-69.745455,66.626785],[-69.718079,66.624724],[-69.694971,66.618542],[-69.68511,66.601175],[-69.676279,66.594993],[-69.616818,66.610889],[-69.462865,66.586751],[-69.443437,66.580864],[-69.424451,66.569972],[-69.435637,66.558787],[-69.470519,66.55025],[-69.48715,66.542597],[-69.492449,66.537004],[-69.499219,66.524346],[-69.503488,66.518753],[-69.512318,66.514043],[-69.547936,66.50845],[-69.547936,66.501091],[-69.503046,66.500797],[-69.45477,66.509333],[-69.408555,66.524346],[-69.369699,66.542597],[-69.316125,66.576448],[-69.294636,66.584102],[-69.27771,66.585868],[-69.261815,66.583219],[-69.226344,66.569972],[-69.226344,66.569972],[-69.226344,66.569972],[-69.226344,66.569972],[-69.226344,66.569972],[-69.258429,66.556137],[-69.276238,66.551722],[-69.294342,66.549956],[-69.309354,66.546718],[-69.340704,66.531705],[-69.387508,66.524052],[-69.48715,66.49491],[-69.479644,66.485196],[-69.475376,66.482546],[-69.465956,66.481074],[-69.497747,66.463413],[-69.533807,66.458997],[-69.552793,66.467239],[-69.534249,66.487256],[-69.57752,66.485784],[-69.666124,66.472538],[-69.706157,66.460175],[-69.697032,66.459586],[-69.671422,66.453699],[-69.671422,66.446339],[-69.680548,66.444279],[-69.689526,66.441335],[-69.706157,66.432799],[-69.635951,66.446339],[-69.616818,66.446339],[-69.597684,66.440158],[-69.58326,66.433387],[-69.567659,66.428089],[-69.42813,66.419258],[-69.4062,66.422496],[-69.413118,66.430738],[-69.451679,66.446339],[-69.451679,66.453699],[-69.439463,66.458408],[-69.417828,66.471655],[-69.407672,66.474304],[-69.386036,66.472244],[-69.372643,66.467239],[-69.360427,66.460469],[-69.34247,66.453699],[-69.324073,66.451932],[-69.300818,66.453699],[-69.27771,66.45782],[-69.26049,66.463413],[-69.245772,66.464296],[-69.225755,66.459291],[-69.191609,66.446339],[-69.159523,66.427795],[-69.15393,66.410133],[-69.170709,66.39512],[-69.279771,66.368922],[-69.349241,66.343901],[-69.335111,66.338308],[-69.328782,66.33713],[-69.353803,66.322412],[-69.417828,66.327711],[-69.442113,66.320057],[-69.447705,66.312698],[-69.450649,66.3074],[-69.455359,66.304162],[-69.46625,66.302984],[-69.494804,66.304162],[-69.508492,66.301218],[-69.514379,66.292387],[-69.510994,66.27237],[-69.505401,66.256475],[-69.504371,66.243817],[-69.514379,66.234103],[-69.538958,66.229687],[-69.593121,66.234692],[-69.616818,66.227333],[-69.591208,66.222034],[-69.534543,66.221445],[-69.514379,66.213497],[-69.533071,66.203783],[-69.556326,66.195541],[-69.580611,66.192009],[-69.650522,66.201723],[-69.657734,66.210259],[-69.659059,66.213497],[-69.662003,66.214086],[-69.664652,66.215558],[-69.665241,66.221151],[-69.662591,66.225272],[-69.653024,66.227627],[-69.646843,66.237635],[-69.639189,66.2447],[-69.635657,66.252354],[-69.643458,66.262068],[-69.654791,66.264717],[-69.665093,66.260301],[-69.684227,66.243523],[-69.692764,66.231454],[-69.698651,66.227333],[-69.71175,66.225566],[-69.735005,66.229687],[-69.747074,66.227333],[-69.738096,66.206138],[-69.733533,66.199368],[-69.753108,66.192303],[-69.769298,66.201134],[-69.784752,66.214086],[-69.801826,66.221151],[-69.821401,66.222623],[-69.838768,66.228216],[-69.853045,66.238518],[-69.8632,66.254708],[-69.860993,66.264422],[-69.87365,66.270015],[-69.892343,66.270604],[-69.907797,66.265011],[-69.921926,66.256475],[-69.938116,66.25147],[-69.955484,66.249116],[-69.972998,66.248527],[-70.08206,66.266483],[-70.116501,66.262068],[-70.143877,66.248821],[-70.158595,66.239107],[-70.164924,66.230571],[-70.171988,66.230276],[-70.213199,66.221151],[-70.243372,66.190243],[-70.257648,66.185827],[-70.275457,66.183767],[-70.317699,66.171992],[-70.329326,66.16581],[-70.351403,66.175819],[-70.356702,66.179646],[-70.351403,66.181117],[-70.348165,66.182884],[-70.344044,66.18465],[-70.336096,66.185827],[-70.354936,66.199662],[-70.392614,66.208199],[-70.4665,66.213497],[-70.457963,66.248232],[-70.458552,66.266777],[-70.469591,66.27502],[-70.518602,66.282967],[-70.535381,66.282673],[-70.544212,66.278552],[-70.562904,66.265011],[-70.572618,66.262068],[-70.579241,66.266777],[-70.568497,66.294448],[-70.568938,66.309166],[-70.581302,66.321529],[-70.602202,66.331832],[-70.625604,66.336247],[-70.645179,66.33036],[-70.610444,66.316525],[-70.643854,66.315936],[-70.658278,66.311815],[-70.671966,66.302984],[-70.662693,66.29798],[-70.623543,66.289443],[-70.632815,66.275608],[-70.645179,66.265011],[-70.671966,66.248527],[-70.66181,66.23528],[-70.656512,66.230571],[-70.651508,66.227333],[-70.658425,66.22174],[-70.666667,66.221151],[-70.679325,66.222034],[-70.692424,66.221151],[-70.705671,66.216735],[-70.718475,66.210259],[-70.730103,66.202312],[-70.740258,66.193186],[-70.730986,66.179057],[-70.746146,66.17317],[-70.788681,66.172581],[-70.841225,66.179646],[-70.865216,66.176408],[-70.863744,66.158451],[-70.872134,66.156391],[-70.891709,66.144616],[-70.88435,66.138435],[-70.897154,66.135491],[-70.90834,66.129604],[-70.916141,66.120478],[-70.919085,66.107526],[-70.926297,66.097224],[-70.943664,66.093103],[-70.98046,66.090159],[-70.996797,66.085743],[-71.007394,66.079856],[-71.012987,66.069848],[-71.014606,66.05248],[-71.020493,66.040117],[-71.034181,66.032169],[-71.062293,66.021866],[-71.120724,65.990958],[-71.188428,65.965937],[-71.261577,65.955046],[-71.336051,65.966526],[-71.332813,65.975062],[-71.326926,65.981244],[-71.318831,65.985365],[-71.308823,65.98772],[-71.313533,65.995079],[-71.31839,66.000672],[-71.323541,66.004499],[-71.32987,66.007443],[-71.295282,66.019217],[-71.185926,66.021866],[-71.169736,66.025987],[-71.124404,66.049242],[-71.096145,66.056896],[-71.08437,66.063077],[-71.075981,66.075735],[-71.097175,66.092219],[-71.128377,66.093103],[-71.199908,66.083388],[-71.270703,66.081622],[-71.286009,66.088981],[-71.254071,66.111059],[-71.201969,66.127249],[-71.185631,66.139906],[-71.179744,66.169343],[-71.173415,66.183472],[-71.158108,66.197896],[-71.124404,66.221151],[-71.120282,66.228804],[-71.117044,66.234103],[-71.140299,66.241462],[-71.158844,66.251176],[-71.168558,66.266189],[-71.16532,66.289443],[-71.153104,66.30475],[-71.115278,66.319174],[-71.097175,66.33036],[-71.122932,66.345078],[-71.133676,66.354498],[-71.138091,66.367744],[-71.146628,66.372454],[-71.186956,66.36951],[-71.200202,66.371277],[-71.204323,66.380402],[-71.207856,66.4066],[-71.210064,66.412193],[-71.222427,66.414843],[-71.261577,66.432799],[-71.253924,66.442807],[-71.251422,66.453993],[-71.256426,66.463118],[-71.271291,66.466945],[-71.283066,66.472832],[-71.286304,66.486962],[-71.286451,66.503152],[-71.288953,66.515221],[-71.30897,66.536121],[-71.333844,66.549661],[-71.361955,66.557903]]]}},{"type":"Feature","properties":{"name":"Dubawnt Lake","scalerank":3},"geometry":{"type":"Polygon","coordinates":[[[-102.198217,63.165946],[-102.182615,63.175954],[-102.161863,63.18243],[-102.146703,63.184785],[-102.027044,63.190083],[-101.87162,63.225407],[-101.808773,63.258965],[-101.796998,63.267207],[-101.789345,63.281631],[-101.786549,63.294288],[-101.780367,63.303708],[-101.762852,63.308418],[-101.768004,63.311362],[-101.778012,63.318721],[-101.783311,63.32137],[-101.749017,63.331378],[-101.738567,63.338737],[-101.719286,63.357577],[-101.707806,63.366113],[-101.697651,63.369646],[-101.689703,63.373767],[-101.676162,63.392606],[-101.666595,63.39761],[-101.652171,63.39555],[-101.647461,63.387896],[-101.650699,63.377888],[-101.660413,63.369646],[-101.64908,63.364347],[-101.637012,63.363464],[-101.625237,63.366702],[-101.615523,63.372884],[-101.610519,63.374944],[-101.604779,63.375239],[-101.600216,63.376122],[-101.59845,63.379654],[-101.600805,63.39084],[-101.603012,63.396727],[-101.60522,63.39761],[-101.608164,63.400259],[-101.610519,63.407619],[-101.606692,63.412623],[-101.591532,63.407619],[-101.571516,63.39761],[-101.550616,63.390251],[-101.530452,63.387013],[-101.520296,63.387896],[-101.515734,63.394078],[-101.518383,63.402614],[-101.525153,63.406147],[-101.534131,63.407913],[-101.601246,63.433523],[-101.618908,63.445003],[-101.588883,63.464725],[-101.533101,63.46237],[-101.426394,63.445003],[-101.431104,63.434994],[-101.4339,63.431168],[-101.421979,63.425869],[-101.397399,63.422926],[-101.385477,63.418216],[-101.385625,63.392312],[-101.348682,63.378771],[-101.30438,63.384069],[-101.283039,63.414683],[-101.300701,63.44618],[-101.384889,63.449713],[-101.413295,63.472673],[-101.35869,63.485919],[-101.317332,63.505642],[-101.303497,63.507408],[-101.290251,63.502993],[-101.262875,63.485625],[-101.248892,63.479443],[-101.219014,63.475617],[-101.20827,63.472084],[-101.187223,63.454717],[-101.165146,63.442059],[-101.156168,63.434994],[-101.148661,63.423514],[-101.140419,63.401437],[-101.132177,63.390251],[-101.121138,63.383775],[-101.105243,63.37936],[-101.089053,63.378477],[-101.077573,63.383481],[-101.075659,63.392017],[-101.077573,63.427635],[-101.075218,63.441176],[-101.07198,63.449124],[-101.073157,63.455011],[-101.098325,63.474439],[-101.091996,63.479149],[-101.060205,63.479443],[-101.041366,63.468846],[-101.028414,63.447063],[-101.013107,63.429402],[-100.988233,63.431168],[-100.984112,63.436761],[-100.983082,63.456483],[-100.981463,63.466491],[-100.977342,63.471201],[-100.965273,63.474734],[-100.960857,63.479443],[-100.961593,63.484448],[-100.971896,63.490335],[-100.974545,63.496517],[-100.963506,63.510646],[-100.938338,63.526247],[-100.891976,63.548619],[-100.888444,63.533312],[-100.877552,63.521832],[-100.862245,63.513884],[-100.822212,63.502109],[-100.807641,63.503581],[-100.797779,63.513884],[-100.789537,63.534195],[-100.782767,63.581293],[-100.775996,63.589536],[-100.764958,63.588653],[-100.758629,63.583354],[-100.756127,63.574817],[-100.755538,63.564809],[-100.750828,63.554506],[-100.740231,63.554506],[-100.721392,63.56216],[-100.69799,63.560982],[-100.684744,63.556272],[-100.659281,63.534195],[-100.628962,63.515945],[-100.61704,63.504759],[-100.611447,63.485919],[-100.621161,63.459721],[-100.641472,63.431462],[-100.655307,63.402909],[-100.645593,63.375827],[-100.653247,63.368468],[-100.664138,63.352572],[-100.669731,63.345802],[-100.677826,63.341681],[-100.698284,63.338149],[-100.707704,63.334911],[-100.700198,63.328729],[-100.739937,63.314305],[-100.827805,63.334322],[-100.864747,63.32137],[-100.82177,63.306357],[-100.80661,63.294877],[-100.813528,63.277804],[-100.832956,63.274566],[-100.86357,63.279865],[-100.893006,63.28899],[-100.925092,63.305474],[-100.995739,63.32137],[-101.02076,63.32343],[-101.039894,63.317249],[-101.077573,63.287812],[-101.069919,63.285752],[-101.049608,63.27486],[-101.060499,63.267796],[-101.068006,63.256315],[-101.069772,63.243952],[-101.063296,63.232472],[-101.05108,63.229528],[-100.995739,63.232472],[-101.02915,63.211572],[-101.039452,63.202152],[-101.051227,63.19391],[-101.063296,63.192438],[-101.076248,63.193027],[-101.090672,63.191555],[-101.114515,63.180664],[-101.135562,63.168006],[-101.143363,63.159175],[-101.143069,63.153877],[-101.138064,63.147989],[-101.112749,63.097359],[-101.08449,63.069689],[-101.045781,63.05291],[-100.995003,63.047611],[-100.983376,63.044962],[-100.947316,63.027006],[-100.915231,63.021413],[-100.834722,63.020235],[-100.823683,63.014054],[-100.822359,63.005812],[-100.827363,62.998452],[-100.834133,62.991093],[-100.845908,62.964012],[-100.866219,62.951354],[-100.890063,62.940757],[-100.909638,62.928099],[-100.938927,62.901607],[-100.947316,62.896897],[-100.962623,62.895425],[-100.974104,62.898369],[-100.977194,62.905728],[-100.967775,62.917797],[-100.991471,62.919268],[-101.003834,62.918385],[-101.012665,62.914559],[-101.039452,62.893364],[-101.046223,62.889832],[-101.058144,62.887183],[-101.066975,62.881001],[-101.074923,62.874231],[-101.083901,62.869521],[-101.096706,62.867755],[-101.120402,62.86746],[-101.132177,62.863339],[-101.118636,62.858629],[-101.090672,62.853625],[-101.077573,62.848915],[-101.063443,62.839201],[-101.061971,62.833314],[-101.063885,62.827427],[-101.060205,62.818596],[-101.038275,62.8027],[-100.991177,62.796813],[-100.967775,62.786805],[-100.980874,62.782978],[-101.009722,62.779151],[-101.022968,62.773853],[-101.030033,62.766199],[-101.038716,62.745888],[-101.046223,62.736174],[-101.066828,62.722928],[-101.098031,62.709681],[-101.129969,62.702028],[-101.152635,62.70556],[-101.147926,62.710564],[-101.139095,62.725577],[-101.161466,62.722633],[-101.178392,62.716746],[-101.260667,62.67112],[-101.269351,62.660522],[-101.278329,62.645215],[-101.299229,62.648159],[-101.340881,62.664055],[-101.36237,62.660228],[-101.384447,62.653752],[-101.406083,62.650514],[-101.426394,62.657284],[-101.415944,62.67112],[-101.419918,62.680834],[-101.426394,62.689959],[-101.423303,62.701733],[-101.416238,62.713802],[-101.418299,62.721161],[-101.425511,62.728521],[-101.4339,62.739118],[-101.424922,62.739706],[-101.40991,62.744711],[-101.402845,62.745888],[-101.375027,62.745299],[-101.34824,62.748243],[-101.335288,62.752364],[-101.327046,62.760901],[-101.323955,62.777091],[-101.310267,62.820657],[-101.310415,62.844206],[-101.330873,62.855686],[-101.323955,62.862162],[-101.318657,62.869227],[-101.310267,62.88365],[-101.326752,62.894836],[-101.368404,62.94164],[-101.391953,62.954887],[-101.419035,62.95577],[-101.474817,62.945173],[-101.461423,62.934281],[-101.441554,62.924861],[-101.428013,62.913676],[-101.4339,62.896897],[-101.425217,62.890421],[-101.416238,62.880412],[-101.409174,62.87011],[-101.405936,62.863339],[-101.4052,62.842439],[-101.413148,62.839201],[-101.42713,62.840379],[-101.443909,62.832137],[-101.447588,62.826249],[-101.452445,62.811826],[-101.454359,62.807999],[-101.459068,62.805644],[-101.472609,62.801228],[-101.478202,62.797696],[-101.498219,62.780329],[-101.499396,62.771498],[-101.488505,62.759723],[-101.51176,62.739706],[-101.515734,62.732936],[-101.51176,62.722045],[-101.502193,62.71704],[-101.492773,62.714097],[-101.488505,62.709093],[-101.493215,62.686132],[-101.506314,62.671708],[-101.526036,62.664349],[-101.550616,62.664055],[-101.550616,62.670825],[-101.532071,62.683777],[-101.540019,62.69879],[-101.571074,62.725577],[-101.555767,62.730581],[-101.551204,62.740884],[-101.552823,62.75413],[-101.556797,62.767082],[-101.555031,62.771792],[-101.551646,62.778268],[-101.551793,62.78445],[-101.683815,62.809765],[-101.707659,62.807999],[-101.718256,62.804466],[-101.724585,62.800934],[-101.727381,62.794752],[-101.728117,62.783567],[-101.736801,62.77974],[-101.755199,62.779151],[-101.771389,62.782389],[-101.773449,62.790631],[-101.770064,62.805644],[-101.792141,62.827427],[-101.779484,62.863339],[-101.789051,62.875114],[-101.807743,62.881884],[-101.828054,62.88365],[-101.873975,62.893364],[-101.897524,62.895425],[-101.916805,62.886888],[-101.936821,62.868638],[-101.954483,62.859807],[-101.974942,62.860101],[-102.003053,62.869521],[-101.994222,62.872759],[-101.984803,62.879235],[-101.977444,62.887183],[-101.975089,62.896897],[-101.980682,62.906316],[-101.991573,62.908671],[-102.004672,62.908671],[-102.016153,62.911026],[-102.035581,62.92545],[-102.027927,62.932515],[-102.007469,62.938991],[-101.988777,62.951354],[-101.992898,62.959596],[-101.992309,62.963717],[-101.988777,62.973137],[-102.007322,62.979319],[-102.032784,62.996392],[-102.062073,63.00434],[-102.084003,63.015526],[-102.103873,63.029066],[-102.112851,63.040841],[-102.101371,63.056442],[-102.081207,63.070277],[-102.056039,63.077342],[-101.999374,63.063801],[-101.970526,63.065862],[-101.960959,63.074987],[-101.988777,63.088528],[-102.034992,63.100891],[-102.05074,63.102363],[-102.061926,63.100302],[-102.093129,63.09],[-102.102107,63.08529],[-102.125067,63.076753],[-102.149941,63.086467],[-102.173932,63.101774],[-102.194832,63.109722],[-102.194832,63.116492],[-102.182763,63.124146],[-102.18188,63.133271],[-102.188208,63.14328],[-102.197922,63.154171],[-102.198217,63.165946]]]}},{"type":"Feature","properties":{"name":"Baker Lake","scalerank":3},"geometry":{"type":"Polygon","coordinates":[[[-96.143147,64.198869],[-96.30225,64.24273],[-96.321237,64.25421],[-96.290329,64.262452],[-96.259715,64.25421],[-96.229984,64.240669],[-96.202167,64.233899],[-96.13829,64.227128],[-96.10591,64.230072],[-96.081625,64.246851],[-96.079858,64.267162],[-96.10694,64.269811],[-96.171111,64.260391],[-96.200695,64.263629],[-96.228218,64.27246],[-96.252797,64.285412],[-96.273403,64.301308],[-96.206435,64.292183],[-96.014068,64.315143],[-95.792265,64.287767],[-95.652883,64.309845],[-95.613291,64.309845],[-95.556037,64.285412],[-95.522627,64.290417],[-95.48907,64.302191],[-95.458456,64.308962],[-95.305828,64.298659],[-95.229588,64.281586],[-95.123322,64.234193],[-95.084613,64.223302],[-95.044285,64.220652],[-94.971136,64.230955],[-94.889303,64.226834],[-94.841321,64.230366],[-94.821893,64.229189],[-94.82101,64.219475],[-94.803937,64.212999],[-94.791868,64.215648],[-94.780977,64.222124],[-94.766406,64.226834],[-94.749774,64.226834],[-94.692079,64.216237],[-94.668235,64.202107],[-94.656313,64.198869],[-94.62099,64.199752],[-94.603622,64.197692],[-94.587727,64.19151],[-94.653664,64.18474],[-94.675447,64.177086],[-94.666469,64.154715],[-94.63718,64.139997],[-94.594791,64.135287],[-94.275406,64.139113],[-94.196664,64.123807],[-94.199607,64.115859],[-94.204317,64.1085],[-94.210793,64.102024],[-94.218447,64.096431],[-94.228455,64.065522],[-94.254948,64.046683],[-94.286886,64.032259],[-94.313968,64.014009],[-94.32589,63.985161],[-94.307639,63.966616],[-94.245087,63.938357],[-94.308522,63.947188],[-94.328245,63.952487],[-94.369161,63.976036],[-94.422147,63.984572],[-94.49353,64.008416],[-94.526204,64.014009],[-94.603622,64.014303],[-94.642331,64.019307],[-94.693992,64.036675],[-94.733731,64.042562],[-94.749038,64.051687],[-94.751099,64.056397],[-94.752571,64.0667],[-94.755661,64.06876],[-94.766111,64.069938],[-94.896073,64.113798],[-95.002633,64.123807],[-95.01529,64.121157],[-95.060623,64.103495],[-95.122145,64.08966],[-95.148343,64.090543],[-95.15688,64.08966],[-95.165858,64.086717],[-95.182489,64.077886],[-95.19132,64.07612],[-95.292729,64.079652],[-95.514532,64.048155],[-95.616235,64.054925],[-95.649204,64.051393],[-95.711462,64.03638],[-95.745902,64.035203],[-95.812134,64.040501],[-95.842307,64.049627],[-95.869977,64.06876],[-95.857908,64.074059],[-95.820965,64.082301],[-95.832445,64.097019],[-95.843926,64.103201],[-95.895439,64.105556],[-95.932382,64.114976],[-95.948278,64.117036],[-95.953282,64.118802],[-95.971827,64.129988],[-95.994051,64.135581],[-96.017159,64.136759],[-96.034232,64.140585],[-96.052777,64.148827],[-96.061166,64.158247],[-96.047478,64.164723],[-96.082949,64.181208],[-96.194366,64.170905],[-96.239404,64.171788],[-96.259715,64.180619],[-96.269134,64.191216],[-96.263689,64.200636],[-96.239404,64.205934],[-96.214824,64.200636],[-96.188626,64.190038],[-96.163752,64.185623],[-96.143147,64.198869]],[[-94.609215,64.104673],[-94.602003,64.103495],[-94.607007,64.096136],[-94.61157,64.091426],[-94.61834,64.089072],[-94.629821,64.08966],[-94.603328,64.067583],[-94.569623,64.057575],[-94.450406,64.054925],[-94.402719,64.048155],[-94.400069,64.05728],[-94.413021,64.065817],[-94.443783,64.07612],[-94.464535,64.08289],[-94.517668,64.08966],[-94.539892,64.08966],[-94.539892,64.096431],[-94.536654,64.098786],[-94.535771,64.099669],[-94.535183,64.100552],[-94.533122,64.103495],[-94.58287,64.116153],[-94.60951,64.11733],[-94.629821,64.109677],[-94.622609,64.108794],[-94.609215,64.104673]],[[-95.708224,64.149122],[-95.719262,64.129988],[-95.702189,64.113209],[-95.669809,64.111149],[-95.636252,64.118508],[-95.615499,64.129988],[-95.638607,64.141174],[-95.675402,64.150299],[-95.708224,64.149122]]]}},{"type":"Feature","properties":{"name":"Lake Champlain","scalerank":3},"geometry":{"type":"Polygon","coordinates":[[[-73.364956,44.208307],[-73.369224,44.206541],[-73.371874,44.203009],[-73.370255,44.199476],[-73.360393,44.192117],[-73.358333,44.189173],[-73.358333,44.161798],[-73.362601,44.1512],[-73.406903,44.084674],[-73.411318,44.05877],[-73.405284,44.034044],[-73.392479,44.011083],[-73.403371,43.994304],[-73.404842,43.977526],[-73.399838,43.945734],[-73.394393,43.925718],[-73.370402,43.900697],[-73.365103,43.88068],[-73.369224,43.859486],[-73.375406,43.843001],[-73.375553,43.8274],[-73.353476,43.79502],[-73.35171,43.777652],[-73.35745,43.761462],[-73.371874,43.75116],[-73.370255,43.782362],[-73.371874,43.791193],[-73.37938,43.800318],[-73.401457,43.81798],[-73.40602,43.828872],[-73.403959,43.840352],[-73.39454,43.858603],[-73.392479,43.870671],[-73.394834,43.882446],[-73.400574,43.892749],[-73.412937,43.908056],[-73.421916,43.926306],[-73.426037,43.944851],[-73.426184,43.997248],[-73.421327,44.01697],[-73.420297,44.028451],[-73.425006,44.037282],[-73.435604,44.03581],[-73.447084,44.028156],[-73.454443,44.017854],[-73.458417,44.060242],[-73.423976,44.161209],[-73.433396,44.195355],[-73.406903,44.207424],[-73.337727,44.264236],[-73.347441,44.277777],[-73.35377,44.289552],[-73.357303,44.303387],[-73.359363,44.332234],[-73.367311,44.366675],[-73.371874,44.374623],[-73.376584,44.38051],[-73.378791,44.384043],[-73.376878,44.4385],[-73.378791,44.44998],[-73.390271,44.449686],[-73.399544,44.433496],[-73.405137,44.411418],[-73.40602,44.39464],[-73.411907,44.407003],[-73.413085,44.420838],[-73.409847,44.434379],[-73.402929,44.446153],[-73.398661,44.459694],[-73.403665,44.473235],[-73.420297,44.497078],[-73.402782,44.508264],[-73.395717,44.524454],[-73.401752,44.539172],[-73.423682,44.545354],[-73.430747,44.553891],[-73.438106,44.573024],[-73.442521,44.59363],[-73.440755,44.606876],[-73.446937,44.606876],[-73.444876,44.615118],[-73.445465,44.623949],[-73.448703,44.633075],[-73.454443,44.641611],[-73.438694,44.651619],[-73.435604,44.665749],[-73.440755,44.692536],[-73.435456,44.712847],[-73.423387,44.721384],[-73.411466,44.719323],[-73.403665,44.70225],[-73.398072,44.69754],[-73.391449,44.696657],[-73.386298,44.703133],[-73.385856,44.713436],[-73.389977,44.720501],[-73.395864,44.725799],[-73.407492,44.739046],[-73.413968,44.741989],[-73.416617,44.745816],[-73.412937,44.757885],[-73.406609,44.766716],[-73.399838,44.768188],[-73.392921,44.767599],[-73.386298,44.771426],[-73.373493,44.790265],[-73.373198,44.802334],[-73.381882,44.812342],[-73.396159,44.823528],[-73.400427,44.835008],[-73.400133,44.852965],[-73.396012,44.871509],[-73.38409,44.898002],[-73.382471,44.934503],[-73.378791,44.949516],[-73.375406,44.950988],[-73.36996,44.950988],[-73.363926,44.953637],[-73.358333,44.96394],[-73.357303,44.973065],[-73.359216,44.982779],[-73.365103,44.998086],[-73.358922,45.009566],[-73.334784,45.079919],[-73.328013,45.079036],[-73.321096,45.071088],[-73.317269,45.059314],[-73.320066,45.0496],[-73.334489,45.025462],[-73.337727,45.014865],[-73.338316,45.00574],[-73.337727,44.995437],[-73.332723,44.987195],[-73.305789,44.980424],[-73.304317,44.971888],[-73.308438,44.960702],[-73.310499,44.949516],[-73.297252,44.883578],[-73.289893,44.867683],[-73.282534,44.867683],[-73.278413,44.898885],[-73.269288,44.935092],[-73.253981,44.965117],[-73.231756,44.977481],[-73.225869,44.985134],[-73.200554,45.032232],[-73.158607,45.078153],[-73.14536,45.087278],[-73.133733,45.075798],[-73.114747,45.08198],[-73.095907,45.085218],[-73.078687,45.054015],[-73.08428,45.046656],[-73.093405,45.039591],[-73.098262,45.028406],[-73.096349,45.017808],[-73.093405,45.010449],[-73.092816,45.002796],[-73.098262,44.991021],[-73.112392,44.981013],[-73.128876,44.981307],[-73.138443,44.991316],[-73.131673,45.011038],[-73.168321,45.00103],[-73.203792,44.975126],[-73.216155,44.948633],[-73.183481,44.936564],[-73.170234,44.927733],[-73.167585,44.908011],[-73.170234,44.887405],[-73.183481,44.837069],[-73.182303,44.819701],[-73.173325,44.798802],[-73.166555,44.805866],[-73.14536,44.820585],[-73.146538,44.803511],[-73.158018,44.788204],[-73.173472,44.773486],[-73.187013,44.757885],[-73.194666,44.740517],[-73.200554,44.689004],[-73.229401,44.620123],[-73.229696,44.589214],[-73.194372,44.579795],[-73.20129,44.556834],[-73.213506,44.55654],[-73.22793,44.566254],[-73.241618,44.573319],[-73.246475,44.572141],[-73.260604,44.563016],[-73.268846,44.559778],[-73.280621,44.559484],[-73.289746,44.561838],[-73.298871,44.56331],[-73.310499,44.559778],[-73.296811,44.549181],[-73.28327,44.543588],[-73.272967,44.536817],[-73.263842,44.507675],[-73.252067,44.502083],[-73.23838,44.49855],[-73.22793,44.490897],[-73.22425,44.479122],[-73.221159,44.432318],[-73.227635,44.42437],[-73.240293,44.42437],[-73.248535,44.432907],[-73.241618,44.44998],[-73.256777,44.441444],[-73.269729,44.42231],[-73.275469,44.399938],[-73.268846,44.381099],[-73.29372,44.324581],[-73.301079,44.292201],[-73.293131,44.278071],[-73.279443,44.273067],[-73.288716,44.262176],[-73.313884,44.247163],[-73.350091,44.218904],[-73.358333,44.209779],[-73.360688,44.208601],[-73.364956,44.208307]],[[-73.338022,44.626304],[-73.328897,44.613352],[-73.310499,44.606876],[-73.298283,44.611586],[-73.281504,44.624538],[-73.27076,44.6422],[-73.276353,44.662217],[-73.285625,44.663394],[-73.311823,44.656329],[-73.317269,44.658684],[-73.314473,44.669281],[-73.307261,44.675463],[-73.29843,44.680467],[-73.289893,44.689004],[-73.28695,44.69754],[-73.283417,44.719029],[-73.279443,44.726682],[-73.265167,44.738163],[-73.261487,44.745227],[-73.262076,44.757885],[-73.272379,44.770248],[-73.2843,44.766716],[-73.298135,44.757002],[-73.313884,44.751703],[-73.329927,44.748465],[-73.339199,44.739634],[-73.351415,44.710492],[-73.344645,44.710492],[-73.351563,44.69548],[-73.348325,44.66781],[-73.351415,44.655446],[-73.343762,44.641905],[-73.338022,44.626304]]]}},{"type":"Feature","properties":{"name":"Churchill Lake","scalerank":3},"geometry":{"type":"Polygon","coordinates":[[[-108.23327,55.910459],[-108.238421,55.903394],[-108.25888,55.892797],[-108.277719,55.885732],[-108.286403,55.881611],[-108.293173,55.873663],[-108.294203,55.863655],[-108.293468,55.849525],[-108.295087,55.836868],[-108.303329,55.831569],[-108.329674,55.82627],[-108.375595,55.808314],[-108.402382,55.810964],[-108.430052,55.828037],[-108.444476,55.830392],[-108.450805,55.81479],[-108.452424,55.797128],[-108.457134,55.782999],[-108.464787,55.771224],[-108.474943,55.760039],[-108.482008,55.748558],[-108.486276,55.736195],[-108.493341,55.726775],[-108.56178,55.71088],[-108.595779,55.706759],[-108.614766,55.701166],[-108.632133,55.692924],[-108.642583,55.681738],[-108.643025,55.664076],[-108.633164,55.647886],[-108.608437,55.619333],[-108.604463,55.609618],[-108.600784,55.595195],[-108.599165,55.579299],[-108.60152,55.564581],[-108.612264,55.551629],[-108.640523,55.532495],[-108.642583,55.523664],[-108.661423,55.532789],[-108.669371,55.550157],[-108.670548,55.595195],[-108.673639,55.601671],[-108.687768,55.620216],[-108.691006,55.629635],[-108.665985,55.720594],[-108.664366,55.759744],[-108.675699,55.795362],[-108.703958,55.831569],[-108.713231,55.837456],[-108.723681,55.841283],[-108.732659,55.847465],[-108.738105,55.859534],[-108.73678,55.866893],[-108.72736,55.886026],[-108.725153,55.896624],[-108.735602,55.911636],[-108.75974,55.918995],[-108.806986,55.928415],[-108.824942,55.940189],[-108.832595,55.941956],[-108.84805,55.941367],[-108.861149,55.938718],[-108.887347,55.930181],[-108.982868,55.917818],[-109.013041,55.920761],[-109.063671,55.941956],[-109.090753,55.958146],[-109.10238,55.972569],[-109.108267,55.987582],[-109.137704,56.030559],[-109.149626,56.043806],[-109.19172,56.067649],[-109.206144,56.086488],[-109.194369,56.109449],[-109.171556,56.126522],[-109.150509,56.137119],[-109.128431,56.14124],[-109.10238,56.140063],[-109.009361,56.115042],[-108.985518,56.115925],[-108.962557,56.12299],[-108.933121,56.126816],[-108.904273,56.125933],[-108.882785,56.119457],[-108.866889,56.104739],[-108.852759,56.086488],[-108.835539,56.071181],[-108.787705,56.059407],[-108.765186,56.046749],[-108.681439,55.986993],[-108.657302,55.979929],[-108.648323,55.973747],[-108.632281,55.958734],[-108.630073,55.954319],[-108.63022,55.944605],[-108.628895,55.941367],[-108.623597,55.939601],[-108.610792,55.940484],[-108.604905,55.937834],[-108.593277,55.919878],[-108.599312,55.909576],[-108.614324,55.902216],[-108.628895,55.892797],[-108.639051,55.877784],[-108.643908,55.859828],[-108.641259,55.843049],[-108.628895,55.831569],[-108.590187,55.856001],[-108.5712,55.86336],[-108.550742,55.866304],[-108.508353,55.863066],[-108.496284,55.870131],[-108.484951,55.892797],[-108.478623,55.920761],[-108.475679,55.925177],[-108.461402,55.937834],[-108.457134,55.943722],[-108.4589,55.946371],[-108.462727,55.948432],[-108.465082,55.951964],[-108.463904,55.961678],[-108.458753,55.977279],[-108.457576,55.98611],[-108.462138,55.990231],[-108.492311,56.010248],[-108.471411,56.020551],[-108.458753,56.022906],[-108.452571,56.029087],[-108.450805,56.051165],[-108.451835,56.079424],[-108.455957,56.094731],[-108.465082,56.106505],[-108.389577,56.147716],[-108.365145,56.153603],[-108.358375,56.156253],[-108.353518,56.169793],[-108.348366,56.174798],[-108.341449,56.175975],[-108.317311,56.174798],[-108.259616,56.163317],[-108.245928,56.168027],[-108.238569,56.216303],[-108.240482,56.226017],[-108.250932,56.251921],[-108.255495,56.25722],[-108.281399,56.268405],[-108.303182,56.289894],[-108.326142,56.305495],[-108.355284,56.298136],[-108.338064,56.277236],[-108.331735,56.266934],[-108.339536,56.263696],[-108.365145,56.263401],[-108.416659,56.315209],[-108.42446,56.33552],[-108.443446,56.346118],[-108.467142,56.346412],[-108.488631,56.335815],[-108.508353,56.321391],[-108.522777,56.31933],[-108.538967,56.322863],[-108.563988,56.325512],[-108.583416,56.373493],[-108.582239,56.380558],[-108.574291,56.393805],[-108.565754,56.403519],[-108.548681,56.413527],[-108.525868,56.434721],[-108.524985,56.439137],[-108.526751,56.450911],[-108.525868,56.455327],[-108.517773,56.461803],[-108.498934,56.473577],[-108.492311,56.483291],[-108.492605,56.491239],[-108.499228,56.513022],[-108.499228,56.524208],[-108.492605,56.535394],[-108.482744,56.542164],[-108.472441,56.54658],[-108.465082,56.552172],[-108.458753,56.562181],[-108.443888,56.593089],[-108.482596,56.608985],[-108.510855,56.566596],[-108.533227,56.508018],[-108.553833,56.475638],[-108.571789,56.475343],[-108.577529,56.483291],[-108.579148,56.49536],[-108.584446,56.507135],[-108.597104,56.511845],[-108.60726,56.503897],[-108.622125,56.483291],[-108.648176,56.473577],[-108.67879,56.474166],[-108.71014,56.480642],[-108.738105,56.490062],[-108.730451,56.522147],[-108.734131,56.550701],[-108.741637,56.576016],[-108.745611,56.598682],[-108.735308,56.631651],[-108.713231,56.649607],[-108.689976,56.66462],[-108.67673,56.688757],[-108.697041,56.696116],[-108.713967,56.700238],[-108.779463,56.702004],[-108.79786,56.699649],[-108.813462,56.692584],[-108.831565,56.67816],[-108.910749,56.667563],[-108.9159,56.681104],[-108.90442,56.697],[-108.875278,56.722021],[-108.882785,56.729674],[-108.875278,56.736444],[-108.882785,56.743803],[-108.83495,56.797966],[-108.815522,56.808858],[-108.793445,56.812685],[-108.745611,56.812096],[-108.720001,56.804737],[-108.665249,56.815628],[-108.642583,56.812096],[-108.64435,56.801499],[-108.691006,56.743803],[-108.6835,56.735856],[-108.678201,56.727908],[-108.670695,56.721137],[-108.65686,56.715839],[-108.601961,56.719666],[-108.59416,56.712307],[-108.598429,56.684048],[-108.593425,56.677277],[-108.574291,56.674922],[-108.559131,56.677572],[-108.546621,56.684636],[-108.541322,56.695233],[-108.547651,56.70848],[-108.532638,56.715545],[-108.512916,56.717605],[-108.493341,56.71525],[-108.478623,56.70848],[-108.489956,56.704064],[-108.502908,56.694939],[-108.51115,56.683164],[-108.509089,56.67139],[-108.498787,56.667269],[-108.471411,56.675805],[-108.457576,56.674922],[-108.453454,56.66668],[-108.45213,56.652845],[-108.445654,56.639599],[-108.426814,56.634006],[-108.419455,56.627824],[-108.402382,56.58573],[-108.429317,56.547168],[-108.441238,56.521853],[-108.434026,56.510373],[-108.427698,56.505957],[-108.424607,56.49536],[-108.423429,56.472694],[-108.419897,56.460625],[-108.41136,56.453855],[-108.400322,56.448851],[-108.389283,56.44208],[-108.364851,56.414704],[-108.350427,56.410878],[-108.330999,56.424418],[-108.300532,56.462097],[-108.282576,56.468867],[-108.25888,56.455327],[-108.252992,56.445907],[-108.252551,56.438254],[-108.250196,56.4306],[-108.238569,56.42118],[-108.22856,56.418237],[-108.19044,56.41441],[-108.179107,56.415587],[-108.166302,56.419414],[-108.154528,56.425007],[-108.145697,56.431483],[-108.133628,56.436193],[-108.120234,56.432661],[-108.095066,56.42118],[-108.05047,56.421475],[-108.039873,56.41441],[-108.042964,56.411172],[-108.051647,56.386445],[-108.056652,56.364957],[-108.07034,56.345529],[-108.07343,56.335815],[-108.067249,56.309616],[-108.067102,56.298136],[-108.084027,56.264284],[-108.113022,56.265462],[-108.148052,56.280769],[-108.183228,56.290777],[-108.19412,56.288717],[-108.205894,56.284595],[-108.217374,56.282829],[-108.227972,56.287245],[-108.234595,56.288422],[-108.236655,56.279591],[-108.2343,56.2687],[-108.223998,56.260458],[-108.211929,56.247211],[-108.204275,56.24309],[-108.193825,56.242207],[-108.183228,56.243973],[-108.163359,56.24986],[-108.168068,56.228372],[-108.165861,56.192459],[-108.173367,56.178036],[-108.187349,56.165672],[-108.194856,56.15743],[-108.19412,56.153603],[-108.200007,56.151837],[-108.205747,56.147127],[-108.208985,56.141534],[-108.207808,56.13653],[-108.201332,56.131232],[-108.19721,56.130349],[-108.192206,56.130349],[-108.146433,56.112981],[-108.13613,56.106505],[-108.13142,56.098852],[-108.124355,56.077069],[-108.113611,56.058524],[-108.114347,56.047044],[-108.119204,56.036152],[-108.125533,56.027616],[-108.134217,56.027616],[-108.163506,56.038507],[-108.177047,56.037624],[-108.189263,56.019962],[-108.19515,55.994647],[-108.204864,55.971686],[-108.227972,55.961972],[-108.23327,55.956968],[-108.234006,55.945782],[-108.231651,55.924588],[-108.23327,55.910459]],[[-108.546474,56.618993],[-108.539703,56.630768],[-108.540145,56.640187],[-108.548976,56.641659],[-108.59416,56.640187],[-108.606377,56.644308],[-108.61771,56.649901],[-108.629337,56.654022],[-108.642583,56.654022],[-108.660245,56.651962],[-108.673344,56.640776],[-108.684677,56.626058],[-108.697188,56.612811],[-108.627571,56.555705],[-108.588862,56.537454],[-108.560603,56.558354],[-108.559131,56.567774],[-108.561339,56.588968],[-108.560603,56.598682],[-108.555157,56.607513],[-108.546474,56.618993]]]}},{"type":"Feature","properties":{"name":"Lake Superior","scalerank":0},"geometry":{"type":"Polygon","coordinates":[[[-84.492983,46.473515],[-84.490437,46.449287],[-84.490141,46.44647],[-84.529157,46.429873],[-84.569779,46.423397],[-84.603337,46.437527],[-84.594064,46.457838],[-84.61835,46.484331],[-84.65647,46.501992],[-84.689291,46.495516],[-84.715048,46.478443],[-84.749489,46.466669],[-84.786431,46.459604],[-84.819547,46.457249],[-84.835443,46.459604],[-84.877537,46.478443],[-84.914774,46.484625],[-84.921839,46.487569],[-84.935968,46.501698],[-84.945977,46.506408],[-84.959076,46.504936],[-84.992045,46.49375],[-85.00794,46.491984],[-85.027074,46.496694],[-85.039585,46.50523],[-85.048268,46.517594],[-85.055775,46.532901],[-85.027957,46.556155],[-85.017949,46.573229],[-85.031195,46.606786],[-85.013386,46.724237],[-85.00794,46.738956],[-84.994105,46.751319],[-84.976738,46.759561],[-84.961137,46.768981],[-84.952747,46.786348],[-84.976149,46.783993],[-85.017802,46.774574],[-85.038996,46.772513],[-85.123184,46.779872],[-85.200307,46.775457],[-85.293032,46.754557],[-85.475538,46.689502],[-85.5219,46.683909],[-85.860566,46.708636],[-85.891769,46.704221],[-85.898686,46.710991],[-85.926209,46.699216],[-86.090906,46.675373],[-86.118576,46.678905],[-86.145658,46.69068],[-86.282831,46.621799],[-86.396456,46.586181],[-86.43649,46.562337],[-86.472549,46.557922],[-86.488298,46.553506],[-86.533335,46.526425],[-86.546435,46.515828],[-86.594563,46.465491],[-86.625471,46.444003],[-86.659029,46.437527],[-86.657115,46.441942],[-86.654172,46.452834],[-86.652111,46.457249],[-86.680665,46.457543],[-86.702006,46.460781],[-86.719962,46.469907],[-86.73836,46.488157],[-86.759849,46.501109],[-86.78016,46.495516],[-86.810479,46.47079],[-86.830496,46.462548],[-86.857872,46.457543],[-86.88201,46.459898],[-86.892312,46.474617],[-86.897169,46.483153],[-86.908355,46.484919],[-86.920866,46.484625],[-86.930138,46.488157],[-86.960605,46.51936],[-86.965609,46.52878],[-86.966787,46.534961],[-86.970319,46.54026],[-86.981652,46.547324],[-86.994457,46.55174],[-87.008439,46.553506],[-87.021833,46.551151],[-87.033018,46.543498],[-87.042144,46.539082],[-87.055096,46.538199],[-87.080853,46.539671],[-87.086446,46.535844],[-87.103077,46.518182],[-87.111466,46.512295],[-87.135604,46.510823],[-87.183144,46.517299],[-87.226121,46.502287],[-87.348135,46.516711],[-87.373598,46.526425],[-87.387727,46.54703],[-87.392731,46.597366],[-87.396705,46.604431],[-87.407155,46.608847],[-87.459405,46.625625],[-87.469413,46.635045],[-87.467794,46.649469],[-87.485898,46.658888],[-87.506062,46.673312],[-87.522546,46.69068],[-87.529169,46.707753],[-87.539178,46.717173],[-87.584951,46.752202],[-87.598198,46.765743],[-87.614388,46.809309],[-87.629695,46.828737],[-87.649711,46.824027],[-87.66075,46.819906],[-87.668109,46.829031],[-87.67694,46.851403],[-87.684299,46.85258],[-87.709026,46.846987],[-87.720947,46.848165],[-87.730956,46.855229],[-87.740817,46.873186],[-87.748912,46.882311],[-87.758332,46.884666],[-87.769665,46.883783],[-87.779232,46.884666],[-87.783058,46.892319],[-87.796452,46.90115],[-87.902864,46.921167],[-88.063882,46.931175],[-88.119075,46.927643],[-88.198553,46.911747],[-88.215038,46.89909],[-88.22431,46.878484],[-88.246387,46.856701],[-88.273175,46.839922],[-88.297018,46.834624],[-88.297018,46.840806],[-88.276413,46.860822],[-88.259192,46.888492],[-88.23947,46.912925],[-88.183688,46.932941],[-88.154251,46.952958],[-88.144096,46.970326],[-88.173532,46.971798],[-88.188839,46.967088],[-88.234907,46.943833],[-88.27862,46.913513],[-88.30997,46.903799],[-88.339406,46.880839],[-88.355302,46.87554],[-88.389154,46.872597],[-88.400487,46.866121],[-88.386358,46.854346],[-88.440962,46.800478],[-88.474667,46.773396],[-88.488796,46.779872],[-88.484675,46.786348],[-88.47555,46.790469],[-88.465689,46.793413],[-88.45833,46.796945],[-88.455975,46.802833],[-88.459065,46.809014],[-88.479524,46.838451],[-88.482762,46.848165],[-88.478935,46.858173],[-88.472459,46.867298],[-88.469221,46.876718],[-88.469957,46.886138],[-88.475697,46.895557],[-88.463039,46.91263],[-88.451854,46.935885],[-88.444053,46.960317],[-88.440962,46.981806],[-88.446849,47.001234],[-88.461273,47.020073],[-88.479229,47.035969],[-88.496303,47.04686],[-88.502926,47.046566],[-88.509402,47.042445],[-88.516172,47.040679],[-88.523531,47.04686],[-88.523973,47.05157],[-88.517791,47.061873],[-88.509696,47.089249],[-88.507783,47.101023],[-88.51264,47.111621],[-88.535453,47.125161],[-88.587408,47.129871],[-88.612871,47.135758],[-88.634948,47.151065],[-88.637156,47.167844],[-88.630533,47.18845],[-88.62597,47.214354],[-88.635831,47.23702],[-88.658644,47.237903],[-88.683812,47.228189],[-88.851894,47.128694],[-88.879565,47.11898],[-88.886629,47.115153],[-88.906499,47.086305],[-88.91062,47.081595],[-88.916213,47.072764],[-88.951831,47.031259],[-88.96861,47.018896],[-88.978913,47.016247],[-89.010115,47.012714],[-89.050001,47.00094],[-89.061334,46.999173],[-89.110199,47.007121],[-89.130804,47.005944],[-89.153618,46.992403],[-89.226767,46.936179],[-89.308012,46.893497],[-89.397645,46.863766],[-89.794154,46.830208],[-89.834776,46.81549],[-90.017576,46.69745],[-90.05967,46.680377],[-90.237025,46.640344],[-90.289569,46.617089],[-90.301785,46.615028],[-90.334901,46.613262],[-90.361835,46.608552],[-90.387003,46.600016],[-90.435279,46.576467],[-90.454413,46.577055],[-90.49739,46.594423],[-90.569803,46.60708],[-90.662087,46.644465],[-90.736414,46.695095],[-90.756872,46.704221],[-90.749954,46.700394],[-90.730085,46.683909],[-90.741271,46.684498],[-90.752015,46.683321],[-90.762023,46.680377],[-90.771001,46.676256],[-90.771001,46.670074],[-90.736266,46.670074],[-90.754958,46.650941],[-90.781157,46.637106],[-90.900816,46.602076],[-90.930105,46.597661],[-90.956009,46.607375],[-90.944529,46.627097],[-90.927456,46.64682],[-90.863137,46.700983],[-90.857839,46.712463],[-90.862401,46.722471],[-90.870055,46.732185],[-90.874176,46.742194],[-90.872263,46.759267],[-90.865934,46.780755],[-90.854306,46.799006],[-90.835909,46.806659],[-90.818688,46.816373],[-90.793667,46.861705],[-90.777183,46.87554],[-90.781893,46.885549],[-90.784689,46.889376],[-90.761582,46.897618],[-90.764084,46.905566],[-90.777036,46.913219],[-90.784689,46.919989],[-90.788663,46.939123],[-90.798966,46.945599],[-90.829138,46.943833],[-90.834437,46.946777],[-90.836497,46.953253],[-90.83738,46.960317],[-90.839294,46.964438],[-90.848419,46.967971],[-90.856956,46.970326],[-90.877267,46.971798],[-90.884332,46.96856],[-90.8886,46.961495],[-90.891543,46.954136],[-90.894487,46.950015],[-90.904201,46.947071],[-90.914651,46.94501],[-90.935845,46.943833],[-90.944235,46.944716],[-90.959247,46.949132],[-90.966018,46.950015],[-90.975732,46.948248],[-90.981913,46.944127],[-90.986181,46.939712],[-90.990155,46.937063],[-91.033427,46.922933],[-91.04476,46.916457],[-91.049175,46.910275],[-91.050794,46.903505],[-91.053738,46.897912],[-91.062127,46.895557],[-91.081997,46.894969],[-91.090534,46.892908],[-91.099365,46.889376],[-91.11526,46.86671],[-91.128212,46.85935],[-91.147787,46.868181],[-91.146168,46.874069],[-91.146463,46.876424],[-91.14764,46.87819],[-91.147787,46.882311],[-91.167657,46.867887],[-91.190029,46.861705],[-91.203569,46.867593],[-91.19621,46.889376],[-91.224764,46.884371],[-91.274658,46.853463],[-91.352812,46.818434],[-91.401088,46.786348],[-91.414628,46.794296],[-91.490427,46.772513],[-91.569758,46.764271],[-91.793034,46.705987],[-91.939333,46.689797],[-91.96347,46.69068],[-92.026612,46.71364],[-92.042213,46.717173],[-92.058992,46.723943],[-92.082835,46.739839],[-92.104324,46.758384],[-92.114185,46.772513],[-92.095346,46.80401],[-92.047953,46.834329],[-91.956553,46.87554],[-91.897533,46.911747],[-91.859707,46.920873],[-91.798332,46.950015],[-91.745641,46.992697],[-91.711936,47.003],[-91.654977,47.03332],[-91.649237,47.039207],[-91.638787,47.054514],[-91.633783,47.059812],[-91.623627,47.063934],[-91.610086,47.067172],[-91.598017,47.073059],[-91.592866,47.084833],[-91.581827,47.096608],[-91.511033,47.121923],[-91.261706,47.30752],[-91.01238,47.493116],[-90.949239,47.51225],[-90.79146,47.616161],[-90.532861,47.711535],[-90.395834,47.741854],[-90.345792,47.74627],[-90.328719,47.750096],[-90.287655,47.767758],[-90.08528,47.811324],[-89.743229,47.930836],[-89.724978,47.941433],[-89.69304,47.966748],[-89.66537,47.975874],[-89.648444,47.994713],[-89.636522,47.998834],[-89.606938,47.991475],[-89.59016,47.990592],[-89.578091,47.998834],[-89.577502,48.001778],[-89.578091,48.012669],[-89.563961,48.019734],[-89.541148,48.023561],[-89.519954,48.029448],[-89.510387,48.043577],[-89.499495,48.05182],[-89.459609,48.051231],[-89.461964,48.061239],[-89.435471,48.070659],[-89.419281,48.079784],[-89.422961,48.08626],[-89.455194,48.088909],[-89.432969,48.101861],[-89.331708,48.122467],[-89.334799,48.126588],[-89.336418,48.130415],[-89.339067,48.133358],[-89.345249,48.136302],[-89.305068,48.166622],[-89.294176,48.185755],[-89.304332,48.205183],[-89.29815,48.211954],[-89.273571,48.201945],[-89.266212,48.214014],[-89.270186,48.256108],[-89.267537,48.26435],[-89.261208,48.274653],[-89.253407,48.28319],[-89.246342,48.287016],[-89.240749,48.291726],[-89.229269,48.321751],[-89.218525,48.327933],[-89.211166,48.325578],[-89.206014,48.326167],[-89.201893,48.341768],[-89.214404,48.364729],[-89.218672,48.36885],[-89.237806,48.378564],[-89.237217,48.400935],[-89.22662,48.426251],[-89.215581,48.444796],[-89.188647,48.467462],[-89.149055,48.483946],[-88.816571,48.5699],[-88.779922,48.588445],[-88.763144,48.583441],[-88.758287,48.566957],[-88.773594,48.543702],[-88.838206,48.486301],[-88.845713,48.451566],[-88.850717,48.440086],[-88.856604,48.431844],[-88.85837,48.423013],[-88.851894,48.409766],[-88.860725,48.403585],[-88.862786,48.395931],[-88.862933,48.388572],[-88.866171,48.383274],[-88.876474,48.38033],[-88.885452,48.382096],[-88.895019,48.382685],[-88.907088,48.376503],[-88.916066,48.365317],[-88.930048,48.335881],[-88.941234,48.321751],[-88.930342,48.315275],[-88.92475,48.319985],[-88.920628,48.329111],[-88.914005,48.335292],[-88.903702,48.336764],[-88.883391,48.334703],[-88.8725,48.335292],[-88.802588,48.350893],[-88.768589,48.368555],[-88.747542,48.373854],[-88.730028,48.383862],[-88.722816,48.406823],[-88.718989,48.426545],[-88.709569,48.450977],[-88.687345,48.492483],[-88.697648,48.506906],[-88.681163,48.513382],[-88.639658,48.519858],[-88.635095,48.533105],[-88.62597,48.605518],[-88.620524,48.624946],[-88.6061,48.634072],[-88.585348,48.636427],[-88.561063,48.636427],[-88.546933,48.644669],[-88.544137,48.663508],[-88.548994,48.684408],[-88.557677,48.698538],[-88.547522,48.707663],[-88.535306,48.712667],[-88.509255,48.718849],[-88.531921,48.728857],[-88.541929,48.742986],[-88.544284,48.761237],[-88.54399,48.784197],[-88.539133,48.791851],[-88.527505,48.802154],[-88.514847,48.810985],[-88.495714,48.819227],[-88.492623,48.829235],[-88.491887,48.84101],[-88.488796,48.849252],[-88.468338,48.8572],[-88.441845,48.856317],[-88.364133,48.843365],[-88.347943,48.828352],[-88.337935,48.808335],[-88.331164,48.788024],[-88.327338,48.780959],[-88.322481,48.774483],[-88.318654,48.766241],[-88.317476,48.752995],[-88.319978,48.742103],[-88.329104,48.72032],[-88.331164,48.708546],[-88.338965,48.694416],[-88.499688,48.574905],[-88.54399,48.554593],[-88.558266,48.539875],[-88.576958,48.508378],[-88.591235,48.492483],[-88.584612,48.492777],[-88.571218,48.492188],[-88.564448,48.492483],[-88.570629,48.47541],[-88.565772,48.462752],[-88.558561,48.449505],[-88.557677,48.431549],[-88.516025,48.444796],[-88.525445,48.454215],[-88.521323,48.463929],[-88.503073,48.478942],[-88.499246,48.478353],[-88.493948,48.475115],[-88.487766,48.473643],[-88.482026,48.478942],[-88.481584,48.486007],[-88.48703,48.490128],[-88.493506,48.49366],[-88.496303,48.499253],[-88.492034,48.516032],[-88.484822,48.522508],[-88.474961,48.52604],[-88.462156,48.533988],[-88.438607,48.566957],[-88.427421,48.574905],[-88.420945,48.555771],[-88.407699,48.549001],[-88.390331,48.551355],[-88.37267,48.560775],[-88.368254,48.566368],[-88.364722,48.573433],[-88.359276,48.57932],[-88.348532,48.581969],[-88.323658,48.582264],[-88.313208,48.586385],[-88.303788,48.59551],[-88.325719,48.611111],[-88.334844,48.638193],[-88.330281,48.657327],[-88.311295,48.649967],[-88.303052,48.636427],[-88.298931,48.62318],[-88.291572,48.613172],[-88.273175,48.609051],[-88.268759,48.614055],[-88.228137,48.643197],[-88.232258,48.631128],[-88.249478,48.609934],[-88.255365,48.59551],[-88.225635,48.597571],[-88.203116,48.613466],[-88.167203,48.657621],[-88.122607,48.694711],[-88.109361,48.71149],[-88.108772,48.721204],[-88.114218,48.730918],[-88.118928,48.746225],[-88.117162,48.759177],[-88.108478,48.789496],[-88.108625,48.797444],[-88.118192,48.804509],[-88.21386,48.848663],[-88.241089,48.865148],[-88.262872,48.890463],[-88.250803,48.908125],[-88.242708,48.916956],[-88.241089,48.925787],[-88.248595,48.94492],[-88.268759,48.974651],[-88.271114,48.989664],[-88.255365,49.000261],[-88.250214,48.983776],[-88.239028,48.974062],[-88.22431,48.972002],[-88.208267,48.979067],[-88.193107,48.972296],[-88.176917,48.973474],[-88.160727,48.978772],[-88.146156,48.985837],[-88.136884,48.992313],[-88.130702,48.998495],[-88.123932,49.003499],[-88.11201,49.006442],[-88.103474,49.004676],[-88.088608,48.994962],[-88.081102,48.992607],[-88.068739,48.999378],[-88.049605,49.025576],[-88.036211,49.027637],[-88.03106,49.021455],[-88.030324,49.013213],[-88.032532,49.006737],[-88.036211,49.006442],[-88.035623,49.003499],[-88.0368,48.995551],[-88.036211,48.992607],[-88.032532,48.991724],[-88.018255,48.99143],[-88.012662,48.989369],[-87.999416,48.97995],[-87.970274,48.964937],[-87.957469,48.955517],[-87.942015,48.947275],[-87.92347,48.946098],[-87.903895,48.946686],[-87.885497,48.94492],[-87.879021,48.941977],[-87.866216,48.934029],[-87.858857,48.93138],[-87.849879,48.929908],[-87.793067,48.933734],[-87.781586,48.928436],[-87.789829,48.910774],[-87.766279,48.910185],[-87.723597,48.914306],[-87.700489,48.910774],[-87.673408,48.900471],[-87.667079,48.896645],[-87.66443,48.890757],[-87.663841,48.875156],[-87.660161,48.869857],[-87.639409,48.864559],[-87.622188,48.869269],[-87.606734,48.877511],[-87.59128,48.882809],[-87.575679,48.882809],[-87.561549,48.8781],[-87.555515,48.867503],[-87.56464,48.849252],[-87.544035,48.836889],[-87.517542,48.83836],[-87.464409,48.849252],[-87.436886,48.843953],[-87.390965,48.817166],[-87.365356,48.807747],[-87.317521,48.807747],[-87.309868,48.799799],[-87.300448,48.778605],[-87.293089,48.774189],[-87.24187,48.767419],[-87.226121,48.768891],[-87.186677,48.780371],[-87.101164,48.780371],[-87.079086,48.783903],[-87.056568,48.790968],[-87.042438,48.793323],[-87.032283,48.788907],[-87.023893,48.78302],[-87.015357,48.780371],[-86.996959,48.785081],[-86.997695,48.79244],[-87.003876,48.800388],[-87.002257,48.807747],[-86.988275,48.813928],[-86.977089,48.813045],[-86.967228,48.807158],[-86.95722,48.797444],[-86.938969,48.784492],[-86.915126,48.773306],[-86.871854,48.76006],[-86.854045,48.758588],[-86.840651,48.761531],[-86.810479,48.774189],[-86.758965,48.787141],[-86.741598,48.794206],[-86.725114,48.811573],[-86.71746,48.814517],[-86.708924,48.812456],[-86.702153,48.808041],[-86.697296,48.803331],[-86.693764,48.800976],[-86.634597,48.794206],[-86.617965,48.788024],[-86.631653,48.746225],[-86.615169,48.746519],[-86.566451,48.739454],[-86.558209,48.740043],[-86.552911,48.741809],[-86.542902,48.746225],[-86.539223,48.749168],[-86.537751,48.753289],[-86.537162,48.75741],[-86.536132,48.76006],[-86.531569,48.760943],[-86.520236,48.759177],[-86.456653,48.774483],[-86.428542,48.773306],[-86.433693,48.752995],[-86.403815,48.752995],[-86.390716,48.750051],[-86.38527,48.742986],[-86.389097,48.730918],[-86.396309,48.72974],[-86.399841,48.727385],[-86.392776,48.712078],[-86.390569,48.711784],[-86.37482,48.701481],[-86.370405,48.695888],[-86.365253,48.680876],[-86.361427,48.6744],[-86.351271,48.66498],[-86.340085,48.659387],[-86.326545,48.656738],[-86.309619,48.657621],[-86.313151,48.64879],[-86.318008,48.640842],[-86.323895,48.634072],[-86.330077,48.629656],[-86.286364,48.605224],[-86.266789,48.587268],[-86.268555,48.568134],[-86.258546,48.552827],[-86.250893,48.510733],[-86.245006,48.495721],[-86.234261,48.481297],[-86.226019,48.464224],[-86.222928,48.446562],[-86.227638,48.431549],[-86.179215,48.396814],[-86.189665,48.391221],[-86.191726,48.382979],[-86.187605,48.374737],[-86.179215,48.36885],[-86.18628,48.350893],[-86.178185,48.334703],[-86.151839,48.307622],[-86.14242,48.288194],[-86.129321,48.251104],[-86.11784,48.232265],[-86.110923,48.226672],[-86.1043,48.222551],[-86.099295,48.21578],[-86.097235,48.201651],[-86.076777,48.163384],[-86.015549,48.11187],[-86.007895,48.108337],[-86.001567,48.089498],[-85.944754,48.065655],[-85.940192,48.046815],[-85.908842,48.033275],[-85.898686,48.02621],[-85.891622,48.019439],[-85.874696,47.995596],[-85.859241,47.984999],[-85.743115,47.952324],[-85.533086,47.926126],[-85.424171,47.927304],[-85.278903,47.958212],[-84.929051,47.971752],[-84.921545,47.968514],[-84.911683,47.954385],[-84.901528,47.951147],[-84.898731,47.953208],[-84.894757,47.958212],[-84.888281,47.962627],[-84.877537,47.964982],[-84.858551,47.960861],[-84.844568,47.950264],[-84.838828,47.934957],[-84.843538,47.917001],[-84.850161,47.910525],[-84.877537,47.89669],[-84.891372,47.881088],[-84.898143,47.875495],[-84.924783,47.86166],[-84.935674,47.851063],[-84.939059,47.834579],[-84.933613,47.823099],[-84.921397,47.811618],[-84.905943,47.803376],[-84.891225,47.801021],[-84.901528,47.787775],[-84.932583,47.760693],[-84.942592,47.74156],[-84.950981,47.738616],[-84.970115,47.73891],[-84.977179,47.735378],[-84.984244,47.72743],[-84.9944,47.710946],[-84.970409,47.69976],[-84.971586,47.68828],[-84.997491,47.667086],[-85.003083,47.652956],[-85.007352,47.634117],[-85.014416,47.620576],[-85.028399,47.622342],[-85.019715,47.606447],[-85.00014,47.590845],[-84.976591,47.579071],[-84.956132,47.574361],[-84.950098,47.569062],[-84.945682,47.545513],[-84.942444,47.540215],[-84.935821,47.536682],[-84.914627,47.518726],[-84.904913,47.51225],[-84.827348,47.488701],[-84.806007,47.485757],[-84.796293,47.482225],[-84.771272,47.464563],[-84.726823,47.444841],[-84.710191,47.429534],[-84.696503,47.39215],[-84.682079,47.372427],[-84.669863,47.368012],[-84.639691,47.370072],[-84.627475,47.365362],[-84.619674,47.35506],[-84.603337,47.320619],[-84.59745,47.316204],[-84.589649,47.311788],[-84.58332,47.305018],[-84.582731,47.293243],[-84.589207,47.282057],[-84.599216,47.277936],[-84.610402,47.275581],[-84.62041,47.269694],[-84.672218,47.20464],[-84.678841,47.201107],[-84.688114,47.198164],[-84.696503,47.194337],[-84.700036,47.187566],[-84.698711,47.181679],[-84.696356,47.178441],[-84.696062,47.173437],[-84.700036,47.163429],[-84.705776,47.159602],[-84.714901,47.156953],[-84.723143,47.153126],[-84.726823,47.145767],[-84.724321,47.139291],[-84.713135,47.119274],[-84.70975,47.115153],[-84.708719,47.108677],[-84.717697,47.094547],[-84.731238,47.080418],[-84.760233,47.068055],[-84.769947,47.053042],[-84.772596,47.034791],[-84.767739,47.018896],[-84.787462,47.005944],[-84.776865,46.987693],[-84.752285,46.971503],[-84.730208,46.964438],[-84.689291,46.964438],[-84.671041,46.962084],[-84.663387,46.956491],[-84.659266,46.947954],[-84.65176,46.937063],[-84.632185,46.918812],[-84.621146,46.912042],[-84.609519,46.909098],[-84.594064,46.909981],[-84.593476,46.915574],[-84.596861,46.923816],[-84.593329,46.933825],[-84.57287,46.946482],[-84.553295,46.946188],[-84.532395,46.940595],[-84.508257,46.937063],[-84.459687,46.943244],[-84.43658,46.941184],[-84.39478,46.912336],[-84.374763,46.903211],[-84.360192,46.893202],[-84.356218,46.87554],[-84.359603,46.872597],[-84.377412,46.848165],[-84.389334,46.839922],[-84.398165,46.838156],[-84.421714,46.840806],[-84.45012,46.852286],[-84.462925,46.854346],[-84.477643,46.853169],[-84.487063,46.849931],[-84.495747,46.845515],[-84.53946,46.831975],[-84.549321,46.827265],[-84.543728,46.811369],[-84.542845,46.786054],[-84.547702,46.762505],[-84.559182,46.751908],[-84.565953,46.740722],[-84.561243,46.716878],[-84.546083,46.69745],[-84.521357,46.69745],[-84.511201,46.710991],[-84.504136,46.731596],[-84.494422,46.75073],[-84.476908,46.758972],[-84.458657,46.753674],[-84.441584,46.740722],[-84.429221,46.72512],[-84.425099,46.710991],[-84.434078,46.693623],[-84.490301,46.659183],[-84.563009,46.601193],[-84.575814,46.585886],[-84.588472,46.562926],[-84.589207,46.542026],[-84.546525,46.526425],[-84.532837,46.512001],[-84.521357,46.495811],[-84.508257,46.484625],[-84.493833,46.480504],[-84.492983,46.473515]],[[-86.60413,46.47285],[-86.597507,46.484625],[-86.601922,46.496694],[-86.614874,46.498166],[-86.629445,46.496105],[-86.639159,46.498754],[-86.639159,46.506997],[-86.632978,46.516122],[-86.617965,46.532901],[-86.628268,46.553212],[-86.635185,46.560865],[-86.645341,46.566458],[-86.669037,46.571757],[-86.687729,46.567047],[-86.698915,46.5538],[-86.700534,46.532901],[-86.697591,46.522892],[-86.692734,46.515828],[-86.686699,46.508763],[-86.680076,46.498754],[-86.675808,46.485802],[-86.676985,46.478738],[-86.676249,46.474911],[-86.666535,46.47079],[-86.660206,46.471379],[-86.657263,46.481976],[-86.652111,46.484625],[-86.64696,46.48227],[-86.641661,46.477855],[-86.638423,46.473145],[-86.639159,46.47079],[-86.616935,46.469318],[-86.60413,46.47285]],[[-86.956189,48.641137],[-86.946623,48.6535],[-86.953835,48.670573],[-86.960605,48.672928],[-86.975029,48.675577],[-86.981652,48.677932],[-86.993868,48.66498],[-87.030958,48.661448],[-87.046265,48.653794],[-87.045823,48.642314],[-87.027278,48.63731],[-86.987981,48.636427],[-86.994751,48.623475],[-86.956189,48.641137]],[[-85.610651,47.73891],[-85.59137,47.751568],[-85.594019,47.763343],[-85.610062,47.773057],[-85.69425,47.798372],[-85.713678,47.801021],[-85.73399,47.807792],[-85.858653,47.803376],[-85.881908,47.793368],[-85.925915,47.765698],[-85.95388,47.759516],[-85.955057,47.754217],[-85.954763,47.747153],[-85.952996,47.741265],[-85.9502,47.73891],[-85.94652,47.736556],[-85.942841,47.731846],[-85.937837,47.726842],[-85.929742,47.724781],[-85.921647,47.723898],[-85.906634,47.719777],[-85.83216,47.716539],[-85.803901,47.721249],[-85.775201,47.73214],[-85.756508,47.720954],[-85.733401,47.718011],[-85.709263,47.720071],[-85.670113,47.727725],[-85.662165,47.730668],[-85.655394,47.735672],[-85.645975,47.739794],[-85.621542,47.737733],[-85.610651,47.73891]],[[-87.714766,47.416876],[-87.714766,47.423646],[-87.728012,47.432477],[-87.747735,47.454555],[-87.7626,47.464563],[-87.799984,47.47987],[-87.819707,47.483991],[-88.052549,47.484285],[-88.137031,47.473394],[-88.209445,47.453377],[-88.223427,47.446018],[-88.238587,47.433949],[-88.249478,47.429534],[-88.260811,47.431889],[-88.272291,47.43601],[-88.28333,47.437187],[-88.290836,47.433949],[-88.317476,47.416876],[-88.397985,47.388912],[-88.431248,47.372427],[-88.526622,47.28294],[-88.544431,47.270283],[-88.587703,47.251738],[-88.605512,47.238786],[-88.613607,47.221713],[-88.617728,47.197869],[-88.619052,47.152537],[-88.606248,47.139879],[-88.516025,47.135758],[-88.506017,47.129577],[-88.489091,47.111915],[-88.48232,47.108382],[-88.437577,47.115153],[-88.424036,47.124867],[-88.423447,47.143706],[-88.436105,47.154892],[-88.462156,47.142529],[-88.452295,47.158719],[-88.434192,47.176969],[-88.414322,47.191393],[-88.399457,47.196986],[-88.405197,47.18109],[-88.409318,47.145472],[-88.413733,47.128694],[-88.423447,47.110737],[-88.433014,47.101906],[-88.462156,47.087777],[-88.47761,47.076591],[-88.483498,47.065994],[-88.48026,47.054514],[-88.424183,46.992403],[-88.409612,46.997407],[-88.396955,47.010065],[-88.376202,47.036558],[-88.344852,47.091309],[-88.336168,47.100435],[-88.298195,47.113681],[-88.289512,47.125456],[-88.284508,47.140468],[-88.27185,47.147533],[-88.254188,47.149299],[-88.234907,47.149299],[-88.234907,47.156069],[-88.246093,47.169022],[-88.242119,47.187861],[-88.229756,47.206406],[-88.215038,47.21818],[-88.201938,47.221124],[-88.188692,47.220535],[-88.175887,47.221418],[-88.163818,47.228483],[-88.122607,47.262629],[-88.112746,47.268222],[-88.087872,47.274993],[-88.077275,47.279702],[-88.060644,47.303252],[-88.05402,47.307078],[-88.032532,47.310611],[-88.01119,47.319442],[-87.948932,47.35506],[-87.96527,47.368012],[-88.000299,47.37802],[-88.030177,47.383319],[-88.017519,47.395388],[-87.997355,47.397742],[-87.953789,47.396271],[-87.899332,47.40834],[-87.878727,47.410106],[-87.856355,47.407751],[-87.816027,47.398331],[-87.793655,47.396271],[-87.773344,47.400097],[-87.737285,47.415404],[-87.714766,47.416876]],[[-88.635978,48.034746],[-88.595356,48.059767],[-88.591235,48.064183],[-88.592707,48.071836],[-88.598153,48.090087],[-88.598594,48.095091],[-88.575486,48.115991],[-88.502779,48.14631],[-88.475697,48.163384],[-88.462892,48.174275],[-88.458182,48.179279],[-88.45465,48.184578],[-88.465836,48.174569],[-88.479818,48.169271],[-88.509255,48.163384],[-88.504839,48.17192],[-88.497038,48.178985],[-88.475697,48.190759],[-88.550171,48.1625],[-88.571365,48.149843],[-88.587997,48.154847],[-88.62023,48.145133],[-88.63274,48.149843],[-88.708539,48.108337],[-88.708539,48.122467],[-88.74033,48.100684],[-88.787429,48.077135],[-88.832908,48.06065],[-88.859401,48.061239],[-88.878093,48.047698],[-88.903114,48.037101],[-88.928429,48.031508],[-88.948151,48.033863],[-88.982886,48.016201],[-89.123592,47.964393],[-89.215581,47.917001],[-89.205131,47.905521],[-89.188353,47.906404],[-89.153618,47.917001],[-89.153618,47.91023],[-89.192474,47.895807],[-89.201893,47.889625],[-89.215581,47.865781],[-89.214404,47.857245],[-89.211166,47.856656],[-89.20675,47.857539],[-89.201893,47.855184],[-89.182612,47.838111],[-89.160977,47.832518],[-89.137575,47.835168],[-88.966549,47.890802],[-88.914005,47.89669],[-88.914005,47.90346],[-89.002756,47.90346],[-88.989804,47.91494],[-88.952273,47.93113],[-88.948151,47.938195],[-88.687345,48.012669],[-88.635978,48.034746]],[[-90.409522,47.073648],[-90.407903,47.076591],[-90.407903,47.081595],[-90.438959,47.081595],[-90.460006,47.063639],[-90.47178,47.034791],[-90.475607,47.002117],[-90.432777,47.015658],[-90.410258,47.033614],[-90.414821,47.067466],[-90.412024,47.070998],[-90.409522,47.073648]],[[-88.085076,48.941977],[-88.089638,48.929613],[-88.081102,48.923726],[-88.066089,48.921371],[-88.049458,48.91519],[-88.034151,48.906653],[-88.022671,48.896645],[-88.019727,48.917839],[-88.02164,48.937856],[-88.032679,48.952574],[-88.057406,48.959344],[-88.072713,48.95434],[-88.085076,48.941977]],[[-88.086989,48.826586],[-88.098322,48.818049],[-88.096556,48.796266],[-88.085223,48.752701],[-88.068297,48.712078],[-88.061085,48.706485],[-88.047103,48.704719],[-88.036947,48.705897],[-88.026939,48.709135],[-88.019433,48.714728],[-88.016489,48.722381],[-88.017666,48.736216],[-87.990879,48.752995],[-87.982196,48.755939],[-87.935833,48.765064],[-87.910371,48.767419],[-87.897566,48.766241],[-87.873575,48.760943],[-87.818235,48.759177],[-87.809551,48.768596],[-87.810434,48.794206],[-87.784677,48.787141],[-87.772756,48.795972],[-87.76937,48.8154],[-87.76937,48.841893],[-87.764072,48.848369],[-87.7626,48.851607],[-87.7626,48.856317],[-87.772461,48.85926],[-87.965858,48.867503],[-88.016489,48.856317],[-88.086989,48.826586]],[[-87.67017,48.747696],[-87.605557,48.76006],[-87.652655,48.794206],[-87.67591,48.829235],[-87.687537,48.841893],[-87.706524,48.846014],[-87.727718,48.845425],[-87.745968,48.839832],[-87.75583,48.828352],[-87.754946,48.818932],[-87.750089,48.807452],[-87.743761,48.798033],[-87.738315,48.794206],[-87.725216,48.791557],[-87.723008,48.785669],[-87.728454,48.774189],[-87.734341,48.772717],[-87.745527,48.765064],[-87.750531,48.757116],[-87.738315,48.752995],[-87.693719,48.746225],[-87.67017,48.747696]],[[-89.15038,48.248749],[-89.174076,48.239918],[-89.170249,48.232559],[-89.165834,48.226966],[-89.160535,48.222551],[-89.153618,48.218135],[-89.142137,48.224906],[-89.13522,48.221668],[-89.130657,48.215192],[-89.125653,48.211954],[-89.114173,48.213425],[-89.037344,48.244334],[-89.023214,48.25287],[-89.045733,48.259346],[-89.056183,48.264645],[-89.064867,48.273476],[-89.099455,48.274064],[-89.115645,48.271121],[-89.129333,48.262879],[-89.138899,48.255225],[-89.15038,48.248749]],[[-87.464556,48.764475],[-87.447336,48.788024],[-87.501941,48.800976],[-87.522988,48.800976],[-87.508711,48.774778],[-87.487075,48.761237],[-87.464556,48.764475]],[[-90.585258,46.848753],[-90.583933,46.85935],[-90.599829,46.87554],[-90.620287,46.872891],[-90.677394,46.853169],[-90.689168,46.844632],[-90.70109,46.832269],[-90.777183,46.800478],[-90.7972,46.779578],[-90.796317,46.762799],[-90.781598,46.757206],[-90.737149,46.779872],[-90.681956,46.790175],[-90.668121,46.806659],[-90.686224,46.808425],[-90.676069,46.820494],[-90.651784,46.834329],[-90.627057,46.840806],[-90.600712,46.842572],[-90.585258,46.848753]],[[-84.541815,46.900856],[-84.549321,46.882311],[-84.532542,46.882311],[-84.486622,46.895557],[-84.470137,46.89644],[-84.454389,46.895852],[-84.439376,46.896735],[-84.425099,46.902916],[-84.441584,46.907037],[-84.458951,46.905566],[-84.476613,46.906449],[-84.493981,46.916457],[-84.512378,46.922639],[-84.528863,46.915868],[-84.541815,46.900856]],[[-90.771001,46.943833],[-90.74024,46.926171],[-90.730085,46.916457],[-90.710362,46.924111],[-90.700501,46.930881],[-90.702267,46.940889],[-90.716397,46.957374],[-90.723167,46.9612],[-90.741123,46.967088],[-90.750543,46.971798],[-90.754517,46.963555],[-90.758932,46.956491],[-90.764231,46.950309],[-90.771001,46.943833]],[[-90.530947,46.950015],[-90.530653,46.965027],[-90.546549,46.967088],[-90.585405,46.957374],[-90.635299,46.949426],[-90.648251,46.943833],[-90.663853,46.927054],[-90.655758,46.921167],[-90.6013,46.924111],[-90.583344,46.922933],[-90.566713,46.917929],[-90.551994,46.909098],[-90.556557,46.924111],[-90.551847,46.934708],[-90.541839,46.94295],[-90.530947,46.950015]],[[-90.936581,46.985633],[-90.928633,46.999173],[-90.943057,47.012714],[-90.95439,47.003],[-90.983238,46.987399],[-90.983974,46.977979],[-90.967784,46.967676],[-90.950858,46.972681],[-90.936581,46.985633]]]}},{"type":"Feature","properties":{"name":"Lake Michigan","scalerank":0},"geometry":{"type":"Polygon","coordinates":[[[-84.77451,45.799934],[-84.785401,45.790809],[-84.792613,45.779917],[-84.802916,45.770498],[-84.822933,45.765199],[-84.956427,45.769614],[-84.9944,45.77874],[-84.9944,45.771969],[-84.979976,45.763433],[-84.945388,45.737234],[-84.942444,45.731641],[-84.955102,45.725754],[-84.9944,45.683071],[-85.054008,45.650986],[-85.082267,45.631263],[-85.103609,45.600649],[-85.110526,45.563854],[-85.104198,45.527058],[-85.089038,45.494678],[-85.069463,45.470835],[-85.038113,45.446403],[-85.021187,45.439044],[-84.930081,45.429035],[-84.911095,45.422559],[-84.935674,45.395772],[-84.985863,45.38282],[-85.041792,45.379288],[-85.130249,45.383409],[-85.174403,45.376933],[-85.33439,45.315705],[-85.367801,45.293628],[-85.391644,45.26478],[-85.399298,45.227101],[-85.377956,45.101114],[-85.392674,45.009861],[-85.424171,44.930088],[-85.46862,44.858557],[-85.534705,44.774369],[-85.543389,44.767305],[-85.555458,44.765244],[-85.565908,44.769071],[-85.569882,44.77643],[-85.567527,44.78585],[-85.553103,44.803806],[-85.550159,44.814403],[-85.549129,44.836775],[-85.545597,44.843839],[-85.5219,44.861501],[-85.509684,44.879752],[-85.501148,44.900652],[-85.496143,44.923318],[-85.494672,44.946572],[-85.492464,44.958053],[-85.482603,44.970121],[-85.480395,44.980719],[-85.48481,44.993082],[-85.495702,45.00103],[-85.509243,45.002796],[-85.5219,44.998086],[-85.527346,44.988666],[-85.531614,44.973359],[-85.535588,44.946572],[-85.539121,44.934798],[-85.547951,44.925672],[-85.569734,44.908599],[-85.561639,44.907716],[-85.542359,44.90124],[-85.551189,44.891821],[-85.572825,44.879752],[-85.577093,44.871509],[-85.581803,44.842073],[-85.587102,44.826766],[-85.600937,44.812342],[-85.603733,44.797035],[-85.610062,44.787027],[-85.628018,44.795564],[-85.635966,44.805278],[-85.653628,44.834125],[-85.659515,44.854436],[-85.645533,44.88505],[-85.607119,44.949516],[-85.602703,44.96394],[-85.603881,44.977481],[-85.610504,44.988078],[-85.61904,44.990727],[-85.645386,44.983662],[-85.637438,45.001324],[-85.623014,45.024579],[-85.605058,45.044596],[-85.586807,45.053132],[-85.579154,45.061374],[-85.585483,45.080214],[-85.603881,45.114654],[-85.603439,45.144091],[-85.588721,45.154393],[-85.571206,45.157631],[-85.562817,45.165579],[-85.555458,45.181769],[-85.542947,45.199725],[-85.540445,45.213266],[-85.562817,45.216504],[-85.590193,45.196487],[-85.604911,45.19531],[-85.617863,45.195899],[-85.629932,45.194427],[-85.642001,45.18589],[-85.69322,45.114654],[-85.708674,45.101114],[-85.752387,45.071088],[-85.761513,45.062552],[-85.766811,45.045184],[-85.819355,44.965117],[-85.831424,44.954226],[-85.847173,44.949516],[-85.864099,44.953931],[-85.894271,44.973065],[-85.909136,44.977481],[-85.91679,44.978364],[-85.929153,44.982779],[-85.936806,44.983662],[-85.947109,44.981602],[-85.950053,44.976597],[-85.950642,44.970121],[-85.95388,44.96394],[-85.988909,44.923023],[-86.001125,44.91537],[-86.009367,44.91537],[-86.016579,44.917725],[-86.022761,44.920668],[-86.028354,44.922434],[-86.059703,44.922434],[-86.076482,44.916547],[-86.080751,44.903006],[-86.076777,44.871509],[-86.089876,44.782023],[-86.083547,44.765244],[-86.092378,44.753469],[-86.103122,44.747288],[-86.116221,44.744933],[-86.132117,44.74405],[-86.141831,44.745227],[-86.158168,44.75082],[-86.166116,44.751703],[-86.173034,44.749054],[-86.189224,44.73934],[-86.226166,44.730803],[-86.25472,44.713436],[-86.269585,44.688415],[-86.258694,44.658684],[-86.24162,44.634546],[-86.23382,44.610114],[-86.234114,44.585388],[-86.252365,44.518861],[-86.258694,44.50797],[-86.263698,44.495607],[-86.263992,44.463815],[-86.268555,44.44998],[-86.254131,44.4176],[-86.267525,44.374623],[-86.291662,44.335472],[-86.337289,44.275717],[-86.381149,44.198299],[-86.412646,44.161798],[-86.488739,44.112639],[-86.518323,44.083202],[-86.521855,44.045229],[-86.511405,44.029039],[-86.480939,43.999014],[-86.469458,43.977231],[-86.45945,43.968106],[-86.45268,43.958098],[-86.461511,43.935137],[-86.459891,43.923657],[-86.453563,43.908056],[-86.436784,43.822101],[-86.441935,43.785012],[-86.467251,43.75116],[-86.522002,43.699057],[-86.539664,43.666677],[-86.542902,43.627527],[-86.53569,43.605744],[-86.513466,43.570126],[-86.504929,43.539512],[-86.356275,43.2581],[-86.337436,43.243382],[-86.324778,43.254273],[-86.255456,43.270463],[-86.261196,43.256922],[-86.276797,43.243382],[-86.296078,43.233079],[-86.313004,43.228958],[-86.327133,43.222776],[-86.324042,43.207175],[-86.272676,43.103264],[-86.263992,43.063525],[-86.252954,43.039093],[-86.23956,43.016427],[-86.227638,43.003769],[-86.227197,42.999648],[-86.22808,42.996999],[-86.229699,42.99641],[-86.227638,42.99641],[-86.230876,42.995527],[-86.233525,42.995527],[-86.23485,42.994349],[-86.234409,42.989934],[-86.22234,42.964324],[-86.219249,42.709405],[-86.273117,42.471853],[-86.302407,42.39679],[-86.378941,42.255201],[-86.492566,42.129508],[-86.602952,41.940232],[-86.656527,41.87606],[-86.720992,41.824546],[-86.780748,41.798642],[-86.789874,41.787457],[-86.801207,41.777154],[-87.029633,41.681191],[-87.201689,41.634976],[-87.291912,41.627911],[-87.385814,41.63998],[-87.407744,41.646162],[-87.423051,41.653815],[-87.430116,41.666767],[-87.42673,41.687961],[-87.458816,41.678542],[-87.493698,41.69797],[-87.577592,41.788634],[-87.594665,41.820131],[-87.618509,41.893428],[-87.648387,41.944647],[-87.661339,42.032956],[-87.667079,42.051501],[-87.675615,42.070635],[-87.68062,42.078583],[-87.687537,42.085059],[-87.723008,42.096833],[-87.728454,42.102132],[-87.732722,42.108313],[-87.742142,42.115967],[-87.751561,42.125092],[-87.75583,42.136572],[-87.75789,42.14717],[-87.763041,42.157178],[-87.796893,42.205748],[-87.812789,42.240189],[-87.822503,42.279339],[-87.826183,42.354991],[-87.824564,42.366176],[-87.821031,42.374419],[-87.816321,42.379423],[-87.8122,42.38531],[-87.803517,42.482745],[-87.810434,42.568699],[-87.808079,42.578413],[-87.804105,42.589304],[-87.802339,42.600196],[-87.810287,42.617563],[-87.811906,42.630515],[-87.811759,42.644056],[-87.810434,42.653476],[-87.801456,42.672021],[-87.780409,42.704106],[-87.770106,42.771516],[-87.771284,42.789766],[-87.783058,42.811844],[-87.824564,42.85276],[-87.834425,42.86689],[-87.838252,42.877193],[-87.841195,42.958437],[-87.84929,42.981692],[-87.865627,43.003769],[-87.893003,43.009362],[-87.90051,43.022608],[-87.895653,43.04027],[-87.875194,43.075888],[-87.872692,43.083836],[-87.871809,43.096199],[-87.876224,43.102087],[-87.895358,43.114156],[-87.899774,43.12387],[-87.8958,43.146536],[-87.888441,43.162137],[-87.885055,43.178033],[-87.892856,43.202465],[-87.901981,43.220127],[-87.906102,43.231607],[-87.90728,43.267225],[-87.878727,43.342877],[-87.871809,43.37349],[-87.807932,43.466215],[-87.793361,43.505954],[-87.803517,43.53804],[-87.798512,43.561883],[-87.787621,43.581606],[-87.725952,43.662556],[-87.700489,43.70936],[-87.707995,43.71613],[-87.702255,43.726727],[-87.703433,43.729671],[-87.707995,43.737325],[-87.699312,43.747627],[-87.696221,43.756753],[-87.696957,43.766761],[-87.700489,43.778241],[-87.722714,43.807089],[-87.724774,43.811799],[-87.732133,43.823279],[-87.733016,43.848889],[-87.724333,43.925423],[-87.720947,43.935432],[-87.703286,43.957215],[-87.700489,43.96634],[-87.697693,43.991361],[-87.690186,44.012261],[-87.637642,44.100275],[-87.622335,44.117349],[-87.60747,44.126474],[-87.550216,44.148257],[-87.531083,44.161798],[-87.513568,44.179165],[-87.500616,44.198887],[-87.495759,44.220376],[-87.501941,44.236272],[-87.542857,44.278071],[-87.550216,44.312806],[-87.548008,44.324287],[-87.538736,44.344009],[-87.533437,44.359316],[-87.519455,44.38051],[-87.51607,44.390813],[-87.513862,44.413773],[-87.485456,44.52622],[-87.466028,44.570081],[-87.440418,44.606876],[-87.392437,44.651031],[-87.382576,44.670753],[-87.368594,44.687532],[-87.365356,44.692536],[-87.363884,44.704016],[-87.360351,44.715791],[-87.329296,44.781434],[-87.327971,44.803511],[-87.347988,44.812931],[-87.37139,44.818818],[-87.390377,44.833242],[-87.419371,44.867683],[-87.450132,44.886228],[-87.472946,44.876514],[-87.493257,44.86415],[-87.51607,44.875042],[-87.554632,44.845311],[-87.570233,44.837363],[-87.56464,44.854731],[-87.589661,44.855908],[-87.617626,44.844428],[-87.643088,44.827355],[-87.660161,44.812931],[-87.696221,44.772309],[-87.728454,44.723739],[-87.719476,44.708432],[-87.730367,44.691947],[-87.746999,44.676935],[-87.75583,44.66516],[-87.767163,44.656624],[-87.838252,44.634252],[-87.882848,44.610409],[-87.904336,44.59363],[-87.913462,44.576557],[-87.92244,44.553008],[-87.94437,44.54241],[-87.971304,44.541233],[-87.995295,44.545354],[-88.012515,44.553891],[-88.032679,44.567726],[-88.043423,44.580678],[-88.033268,44.586565],[-88.02429,44.616296],[-88.020316,44.638373],[-88.01487,44.647204],[-88.0081,44.653974],[-87.99868,44.666926],[-87.99191,44.670753],[-87.989113,44.675169],[-87.995,44.690476],[-87.995295,44.696363],[-87.988377,44.720206],[-87.982637,44.729332],[-87.971746,44.740517],[-87.949816,44.754941],[-87.938777,44.764067],[-87.93392,44.774958],[-87.932006,44.786144],[-87.927002,44.798802],[-87.920379,44.81087],[-87.913462,44.820585],[-87.858415,44.866505],[-87.840754,44.893587],[-87.851939,44.922434],[-87.822945,44.949222],[-87.777171,44.963057],[-87.687537,44.977481],[-87.666196,44.984251],[-87.648534,44.993376],[-87.636612,45.007211],[-87.632197,45.028406],[-87.633374,45.049894],[-87.632638,45.06108],[-87.629106,45.069322],[-87.602466,45.098464],[-87.598198,45.107884],[-87.606881,45.152333],[-87.603643,45.173527],[-87.560372,45.190895],[-87.344897,45.422559],[-87.339452,45.433451],[-87.332975,45.457883],[-87.327824,45.467302],[-87.308249,45.482904],[-87.29986,45.491146],[-87.282198,45.539127],[-87.271159,45.554729],[-87.236277,45.592996],[-87.212728,45.610363],[-87.173577,45.668942],[-87.155327,45.679833],[-87.111761,45.69043],[-87.094393,45.700145],[-87.07997,45.73223],[-87.07732,45.734291],[-87.071139,45.77874],[-87.056273,45.818185],[-87.042732,45.838496],[-87.026101,45.847032],[-87.018153,45.858218],[-86.999461,45.909437],[-86.987981,45.923273],[-86.97076,45.923273],[-86.964873,45.912675],[-86.965462,45.89884],[-86.968111,45.888538],[-86.975912,45.875291],[-86.996517,45.852331],[-87.002257,45.840851],[-87.00211,45.822894],[-86.995781,45.808765],[-86.987686,45.796696],[-86.981652,45.78551],[-86.979886,45.768731],[-86.987981,45.72075],[-86.983712,45.704854],[-86.974293,45.69308],[-86.964873,45.689842],[-86.960605,45.700145],[-86.95251,45.706915],[-86.914243,45.71604],[-86.888338,45.718984],[-86.871413,45.723988],[-86.856989,45.731347],[-86.850807,45.740767],[-86.84389,45.756368],[-86.81725,45.785216],[-86.81725,45.799934],[-86.804739,45.806116],[-86.795467,45.81318],[-86.788108,45.822306],[-86.782515,45.83408],[-86.791934,45.855274],[-86.779129,45.865283],[-86.756758,45.868226],[-86.73836,45.868226],[-86.701859,45.849387],[-86.677427,45.842322],[-86.655496,45.850859],[-86.641514,45.8644],[-86.626943,45.874702],[-86.610459,45.88265],[-86.590736,45.888538],[-86.569984,45.892364],[-86.557179,45.890304],[-86.547612,45.882356],[-86.536132,45.868226],[-86.568806,45.802289],[-86.566451,45.792575],[-86.563213,45.79022],[-86.562036,45.78551],[-86.563213,45.7808],[-86.566451,45.77874],[-86.57381,45.779917],[-86.587204,45.784627],[-86.594122,45.78551],[-86.618259,45.78551],[-86.628562,45.784627],[-86.62974,45.781683],[-86.628562,45.777268],[-86.633714,45.768437],[-86.637393,45.755779],[-86.639159,45.751658],[-86.642544,45.749892],[-86.64799,45.749598],[-86.654025,45.74842],[-86.659029,45.744593],[-86.669479,45.715746],[-86.676396,45.706915],[-86.708924,45.684838],[-86.712309,45.673652],[-86.700534,45.655401],[-86.689937,45.644804],[-86.659029,45.628025],[-86.64225,45.616251],[-86.6318,45.610363],[-86.621792,45.608009],[-86.611342,45.612718],[-86.611047,45.623315],[-86.615316,45.633913],[-86.617965,45.638917],[-86.619142,45.643921],[-86.624294,45.653046],[-86.625471,45.658934],[-86.622528,45.666587],[-86.615904,45.667764],[-86.608545,45.667176],[-86.603688,45.668942],[-86.584113,45.704854],[-86.568953,45.718689],[-86.537162,45.726932],[-86.532011,45.733996],[-86.529803,45.744005],[-86.529361,45.755191],[-86.524357,45.761961],[-86.512435,45.764022],[-86.488298,45.765199],[-86.447381,45.77874],[-86.441494,45.78345],[-86.433104,45.79493],[-86.426334,45.799934],[-86.411469,45.803172],[-86.373937,45.806704],[-86.357894,45.813475],[-86.350535,45.819656],[-86.357894,45.826721],[-86.331402,45.883239],[-86.298138,45.926511],[-86.251923,45.954475],[-86.079867,45.973609],[-86.042042,45.970665],[-85.978312,45.955064],[-85.919145,45.929749],[-85.923266,45.953003],[-85.915907,45.968016],[-85.897509,45.975669],[-85.790213,45.986855],[-85.66187,45.984795],[-85.64465,45.991565],[-85.630962,46.007166],[-85.610651,46.038663],[-85.545744,46.098125],[-85.525285,46.106956],[-85.445513,46.101657],[-85.414604,46.11402],[-85.405185,46.115198],[-85.394146,46.110194],[-85.382077,46.101657],[-85.37045,46.095476],[-85.360441,46.098125],[-85.339542,46.109311],[-85.3182,46.103718],[-85.281699,46.080463],[-85.260946,46.075164],[-85.192948,46.073693],[-85.170577,46.069277],[-85.117885,46.046317],[-85.02104,46.025123],[-85.004114,46.014525],[-84.968348,45.984206],[-84.956132,45.978024],[-84.946713,45.971548],[-84.925077,45.942995],[-84.914774,45.936519],[-84.894905,45.934753],[-84.871355,45.928277],[-84.85178,45.916797],[-84.843538,45.89884],[-84.824404,45.880295],[-84.780839,45.862339],[-84.77451,45.799934]],[[-86.994751,45.223863],[-86.981652,45.244469],[-86.988128,45.253888],[-86.99166,45.262425],[-86.991807,45.270667],[-86.987981,45.279204],[-86.982977,45.292156],[-86.990041,45.295688],[-87.015357,45.292156],[-87.045823,45.29245],[-87.057598,45.296571],[-87.071139,45.30658],[-87.078203,45.299515],[-87.08203,45.292745],[-87.083796,45.284797],[-87.084238,45.275377],[-87.087917,45.269784],[-87.096454,45.268018],[-87.105579,45.267135],[-87.111466,45.26478],[-87.128687,45.220625],[-87.131336,45.206496],[-87.13899,45.197076],[-87.172694,45.187951],[-87.180348,45.178826],[-87.187412,45.168229],[-87.203455,45.169112],[-87.221706,45.174116],[-87.234952,45.175588],[-87.248493,45.166168],[-87.259384,45.150272],[-87.266449,45.131139],[-87.271012,45.09817],[-87.276016,45.088456],[-87.289557,45.073149],[-87.290293,45.069028],[-87.288674,45.056959],[-87.289557,45.053132],[-87.294119,45.052249],[-87.305747,45.054015],[-87.310015,45.053132],[-87.368741,45.000441],[-87.393173,44.964823],[-87.406272,44.922434],[-87.399207,44.882695],[-87.373892,44.845017],[-87.337391,44.82029],[-87.296474,44.820585],[-87.280432,44.830299],[-87.231567,44.87828],[-87.224502,44.887994],[-87.219204,44.907128],[-87.214494,44.91537],[-87.205074,44.921846],[-87.183439,44.929499],[-87.173577,44.936564],[-87.197126,44.954815],[-87.184174,44.986312],[-87.138842,45.039003],[-87.129717,45.060197],[-87.122652,45.069322],[-87.111466,45.073149],[-87.104402,45.071088],[-87.095424,45.067556],[-87.087476,45.06579],[-87.084238,45.069322],[-87.085268,45.088161],[-87.083502,45.091988],[-87.07732,45.101114],[-87.071875,45.104057],[-87.064074,45.104646],[-87.056273,45.106412],[-87.049503,45.114654],[-87.087917,45.142619],[-87.097779,45.155571],[-87.084091,45.159986],[-87.071139,45.158515],[-87.043174,45.148801],[-87.04597,45.15822],[-87.054949,45.172644],[-87.056862,45.182358],[-87.055096,45.192366],[-87.043174,45.223863],[-87.047295,45.230339],[-87.055096,45.235932],[-87.057009,45.240936],[-87.043174,45.244469],[-87.033018,45.242114],[-86.994751,45.223863]],[[-85.487754,45.635384],[-85.487754,45.650103],[-85.498057,45.678067],[-85.500853,45.693669],[-85.499087,45.704854],[-85.496143,45.715451],[-85.495702,45.726049],[-85.500853,45.737234],[-85.506005,45.745182],[-85.504974,45.752541],[-85.498645,45.759312],[-85.487754,45.765199],[-85.503944,45.770203],[-85.539121,45.773736],[-85.555458,45.77874],[-85.555899,45.760195],[-85.558107,45.747537],[-85.562375,45.736646],[-85.569734,45.724282],[-85.578271,45.713685],[-85.587396,45.70456],[-85.594608,45.694257],[-85.605941,45.65128],[-85.620365,45.631263],[-85.625075,45.615073],[-85.604175,45.597117],[-85.572972,45.591524],[-85.536177,45.598589],[-85.504238,45.614485],[-85.487754,45.635384]],[[-85.447573,45.801995],[-85.445513,45.806116],[-85.446985,45.81318],[-85.452725,45.813769],[-85.460378,45.812297],[-85.467296,45.813475],[-85.482161,45.823777],[-85.500853,45.83408],[-85.504533,45.835258],[-85.507918,45.835552],[-85.511156,45.836729],[-85.514394,45.840851],[-85.518368,45.820245],[-85.506005,45.804938],[-85.485252,45.795518],[-85.463469,45.792575],[-85.457729,45.793752],[-85.452136,45.797285],[-85.447573,45.801995]],[[-85.833485,45.398716],[-85.82745,45.416083],[-85.835398,45.432568],[-85.850263,45.446991],[-85.87028,45.460532],[-85.874843,45.462887],[-85.879405,45.462593],[-85.884998,45.457294],[-85.84158,45.404309],[-85.833485,45.398716]],[[-86.091053,45.031938],[-86.076777,45.046362],[-86.086491,45.047245],[-86.095322,45.0496],[-86.103564,45.053721],[-86.110923,45.059314],[-86.129321,45.054898],[-86.143597,45.041652],[-86.15022,45.025168],[-86.145658,45.011038],[-86.123728,45.001618],[-86.106066,45.012804],[-86.091053,45.031938]],[[-86.854045,45.387235],[-86.852868,45.40372],[-86.864495,45.415789],[-86.883481,45.416672],[-86.90291,45.411079],[-86.920424,45.409607],[-86.933376,45.422559],[-86.943826,45.430801],[-86.95251,45.423148],[-86.958544,45.407547],[-86.960605,45.391945],[-86.956631,45.366336],[-86.960016,45.357505],[-86.974293,45.347496],[-86.964579,45.342786],[-86.951774,45.343375],[-86.927047,45.347496],[-86.864495,45.340432],[-86.869205,45.35044],[-86.871854,45.354267],[-86.86214,45.369868],[-86.854045,45.387235]],[[-85.974338,45.087278],[-85.988173,45.096992],[-85.985671,45.108767],[-85.977429,45.121719],[-85.974338,45.134377],[-85.981697,45.146446],[-85.994207,45.154393],[-86.008926,45.160869],[-86.022172,45.169112],[-86.037773,45.168523],[-86.048812,45.161164],[-86.063089,45.14203],[-86.029531,45.089928],[-86.004069,45.074032],[-85.974338,45.087278]]]}},{"type":"Feature","properties":{"name":"Lake Huron","scalerank":0},"geometry":{"type":"Polygon","coordinates":[[[-79.671413,44.767893],[-79.662582,44.757885],[-79.739411,44.754647],[-79.765168,44.76701],[-79.776354,44.76495],[-79.792691,44.757885],[-79.798873,44.759945],[-79.799314,44.764655],[-79.798873,44.769365],[-79.802847,44.771426],[-79.873347,44.769365],[-79.881736,44.771426],[-79.881884,44.78114],[-79.876438,44.794975],[-79.874524,44.807632],[-79.885563,44.812931],[-79.926774,44.812931],[-79.941787,44.814697],[-79.942081,44.819113],[-79.935605,44.825589],[-79.930012,44.833537],[-79.925302,44.838541],[-79.918532,44.843251],[-79.915735,44.850315],[-79.923389,44.861501],[-79.934133,44.867388],[-79.947527,44.86886],[-79.985941,44.866505],[-80.005664,44.862384],[-80.015819,44.861501],[-80.028035,44.856791],[-80.035247,44.846489],[-80.040399,44.834714],[-80.046139,44.826766],[-80.061151,44.819113],[-80.06851,44.820585],[-80.075134,44.825294],[-80.087791,44.826766],[-80.099713,44.825294],[-80.10825,44.822351],[-80.113401,44.81558],[-80.115167,44.802334],[-80.113842,44.774664],[-80.107808,44.759945],[-80.093384,44.751998],[-80.067333,44.74405],[-80.048346,44.734925],[-80.008607,44.708432],[-79.994772,44.703133],[-79.99227,44.69283],[-80.005222,44.627482],[-80.005222,44.548886],[-80.013023,44.531225],[-80.031126,44.515035],[-80.067333,44.490897],[-80.108691,44.475295],[-80.150638,44.486776],[-80.195381,44.508559],[-80.245423,44.525043],[-80.32446,44.531519],[-80.365818,44.552419],[-80.425868,44.559189],[-80.450889,44.56596],[-80.495191,44.599223],[-80.512264,44.606876],[-80.535813,44.610409],[-80.557302,44.609525],[-80.577466,44.61188],[-80.598071,44.623949],[-80.616322,44.656035],[-80.623975,44.690476],[-80.639135,44.71844],[-80.680493,44.72992],[-80.763063,44.719323],[-80.826204,44.690476],[-80.937473,44.593335],[-80.942772,44.628659],[-80.88905,44.751703],[-80.89744,44.790854],[-80.934971,44.81087],[-80.985455,44.815286],[-81.032994,44.806161],[-81.078032,44.784083],[-81.119096,44.754647],[-81.127338,44.753469],[-81.131459,44.763478],[-81.131312,44.777607],[-81.126161,44.788793],[-81.117919,44.794975],[-81.051687,44.822351],[-81.036821,44.831476],[-81.006502,44.860912],[-81.000614,44.869155],[-80.998259,44.87828],[-81.00032,44.889466],[-81.00709,44.910954],[-81.005766,44.922434],[-80.987662,44.940096],[-80.961906,44.957169],[-80.953075,44.97071],[-80.985307,44.977481],[-81.007679,44.975126],[-81.03167,44.966295],[-81.044327,44.950988],[-81.032994,44.929205],[-81.050068,44.927439],[-81.070967,44.910366],[-81.087746,44.908599],[-81.08701,44.925084],[-81.105408,44.925378],[-81.149121,44.91537],[-81.149121,44.922434],[-81.126161,44.936858],[-81.112914,44.95246],[-81.116888,44.964823],[-81.200929,44.977481],[-81.204462,44.981307],[-81.191951,45.001618],[-81.190774,45.011038],[-81.210202,45.018103],[-81.235517,45.0078],[-81.257153,45.001913],[-81.266425,45.021635],[-81.262746,45.089045],[-81.266425,45.107884],[-81.280555,45.122602],[-81.301307,45.134082],[-81.319852,45.148801],[-81.327947,45.17235],[-81.319999,45.192366],[-81.286148,45.220037],[-81.279524,45.237404],[-81.30219,45.252417],[-81.607446,45.252122],[-81.629229,45.257715],[-81.628935,45.27155],[-81.64012,45.278615],[-81.649982,45.276849],[-81.670587,45.26478],[-81.692959,45.265074],[-81.698405,45.260365],[-81.691045,45.244469],[-81.714447,45.238876],[-81.71901,45.224452],[-81.710326,45.209734],[-81.694431,45.202964],[-81.669557,45.210911],[-81.656016,45.210911],[-81.649982,45.199725],[-81.644094,45.195604],[-81.613775,45.189717],[-81.601559,45.182358],[-81.595524,45.187362],[-81.574919,45.196487],[-81.577127,45.185007],[-81.58949,45.167345],[-81.595524,45.155571],[-81.572858,45.152627],[-81.545335,45.122308],[-81.523405,45.114654],[-81.521933,45.110239],[-81.506038,45.087278],[-81.497795,45.079919],[-81.491172,45.078153],[-81.487051,45.074915],[-81.485579,45.062552],[-81.481311,45.057842],[-81.462472,45.050483],[-81.458351,45.042535],[-81.456879,45.03547],[-81.433771,44.990138],[-81.427001,44.981896],[-81.424057,44.987489],[-81.421702,44.998969],[-81.416109,45.001913],[-81.409339,44.99838],[-81.403599,44.991021],[-81.392266,44.999558],[-81.380786,45.003973],[-81.370336,45.001913],[-81.362682,44.991021],[-81.366362,44.988372],[-81.371219,44.981896],[-81.375781,44.977481],[-81.369011,44.978069],[-81.355176,44.977186],[-81.348406,44.977481],[-81.357384,44.955109],[-81.36386,44.920374],[-81.361652,44.888877],[-81.344726,44.875042],[-81.330008,44.871215],[-81.3278,44.860912],[-81.328094,44.847666],[-81.321618,44.833537],[-81.311463,44.827355],[-81.288355,44.821173],[-81.279524,44.812931],[-81.286148,44.788793],[-81.277022,44.753469],[-81.274226,44.720501],[-81.299983,44.703133],[-81.279377,44.677524],[-81.270252,44.6631],[-81.266425,44.644849],[-81.270252,44.623949],[-81.280113,44.606582],[-81.379167,44.515035],[-81.389469,44.496784],[-81.399625,44.457045],[-81.409781,44.442327],[-81.430092,44.434379],[-81.47719,44.428197],[-81.495882,44.418483],[-81.539595,44.366086],[-81.554461,44.353723],[-81.564322,44.349896],[-81.572858,44.349013],[-81.580659,44.346658],[-81.588018,44.340182],[-81.594052,44.32723],[-81.593464,44.316927],[-81.589931,44.307213],[-81.588018,44.295733],[-81.591256,44.279838],[-81.615835,44.22332],[-81.660579,44.158265],[-81.722542,44.117054],[-81.738732,44.099981],[-81.742706,44.084085],[-81.729166,43.999603],[-81.711504,43.942202],[-81.710621,43.919536],[-81.71901,43.856542],[-81.722248,43.684339],[-81.699435,43.515374],[-81.701495,43.471514],[-81.711504,43.428242],[-81.730637,43.382321],[-81.752715,43.350236],[-81.781562,43.324626],[-81.880027,43.256628],[-81.907845,43.248386],[-81.950822,43.227486],[-81.974812,43.22572],[-81.985851,43.223365],[-82.005574,43.212473],[-82.095796,43.11916],[-82.115666,43.106208],[-82.152314,43.089429],[-82.377503,43.022314],[-82.417242,43.01731],[-82.424748,43.02408],[-82.431813,43.039387],[-82.458894,43.083247],[-82.468755,43.092373],[-82.475967,43.102087],[-82.526451,43.276645],[-82.547204,43.450908],[-82.579584,43.528326],[-82.636985,43.811799],[-82.67275,43.870083],[-82.677901,43.884212],[-82.681139,43.904818],[-82.689381,43.921302],[-82.742514,43.981352],[-82.7746,44.005785],[-82.81169,44.026096],[-82.923548,44.069956],[-82.948569,44.072605],[-82.968439,44.07025],[-83.018333,44.058181],[-83.033493,44.052],[-83.068964,44.022269],[-83.086479,44.014027],[-83.119889,44.011083],[-83.132399,44.007845],[-83.155654,43.993716],[-83.168312,43.990478],[-83.240284,43.989006],[-83.250145,43.986651],[-83.25824,43.982824],[-83.266924,43.976348],[-83.296802,43.945734],[-83.301659,43.93867],[-83.315935,43.93131],[-83.404833,43.921596],[-83.385994,43.916887],[-83.365536,43.916298],[-83.34758,43.913649],[-83.335805,43.901285],[-83.37054,43.873321],[-83.389232,43.854481],[-83.39718,43.835936],[-83.404245,43.813565],[-83.45252,43.7647],[-83.474156,43.721134],[-83.490346,43.703178],[-83.510216,43.706416],[-83.514631,43.714658],[-83.5189,43.725844],[-83.525964,43.73232],[-83.537886,43.726727],[-83.604559,43.65137],[-83.639736,43.6237],[-83.678886,43.608099],[-83.719361,43.613692],[-83.761014,43.633708],[-83.811939,43.6446],[-83.83225,43.656669],[-83.881703,43.670798],[-83.904369,43.681984],[-83.925416,43.701706],[-83.943373,43.727905],[-83.949554,43.756164],[-83.935425,43.781479],[-83.932334,43.791488],[-83.934983,43.824751],[-83.931745,43.839763],[-83.920854,43.850949],[-83.909815,43.85978],[-83.908196,43.868611],[-83.925416,43.88068],[-83.889651,43.958392],[-83.863306,43.989889],[-83.821947,44.004313],[-83.810026,44.00343],[-83.787948,43.998131],[-83.774702,43.997248],[-83.764988,44.000192],[-83.747915,44.009023],[-83.736729,44.011083],[-83.726721,44.009906],[-83.707145,44.005196],[-83.695812,44.004313],[-83.690072,44.009611],[-83.682713,44.03581],[-83.678445,44.045229],[-83.6599,44.053177],[-83.610447,44.054943],[-83.592491,44.062597],[-83.589841,44.0729],[-83.591607,44.085263],[-83.59043,44.095566],[-83.579097,44.099981],[-83.572474,44.104691],[-83.569677,44.116466],[-83.564084,44.186524],[-83.554076,44.230679],[-83.53244,44.266002],[-83.493584,44.285431],[-83.483576,44.286314],[-83.45252,44.285431],[-83.455906,44.279543],[-83.462676,44.264236],[-83.466208,44.258055],[-83.452373,44.267769],[-83.407041,44.310157],[-83.39718,44.322815],[-83.39144,44.326347],[-83.362739,44.326936],[-83.35332,44.329585],[-83.337718,44.345481],[-83.332861,44.354017],[-83.328446,44.367264],[-83.321381,44.407886],[-83.314758,44.623949],[-83.310343,44.645143],[-83.291356,44.68135],[-83.287382,44.703133],[-83.289884,44.724622],[-83.299598,44.765244],[-83.303572,44.812637],[-83.309018,44.832948],[-83.317554,44.850904],[-83.328446,44.867683],[-83.331242,44.87357],[-83.332861,44.883284],[-83.335805,44.887994],[-83.342428,44.892409],[-83.358913,44.898885],[-83.377163,44.913898],[-83.405275,44.927733],[-83.417785,44.936564],[-83.42853,44.945984],[-83.434564,44.953343],[-83.437508,44.963057],[-83.438244,44.980719],[-83.441482,44.987489],[-83.448694,44.991904],[-83.4562,44.995142],[-83.460027,44.998086],[-83.459291,45.007211],[-83.454139,45.011038],[-83.448546,45.013982],[-83.445603,45.021635],[-83.443542,45.046951],[-83.434564,45.065201],[-83.414842,45.076093],[-83.380254,45.079919],[-83.370982,45.075798],[-83.349051,45.054898],[-83.335805,45.046362],[-83.319615,45.041652],[-83.302836,45.039591],[-83.266924,45.039003],[-83.276343,45.05637],[-83.314022,45.070205],[-83.322117,45.09346],[-83.319026,45.09346],[-83.312109,45.093754],[-83.305044,45.096109],[-83.301659,45.101114],[-83.302542,45.107884],[-83.304897,45.112005],[-83.307399,45.114949],[-83.308429,45.117892],[-83.309754,45.127606],[-83.31726,45.15351],[-83.322117,45.161753],[-83.331978,45.165874],[-83.345666,45.168229],[-83.357882,45.171467],[-83.363181,45.178826],[-83.391145,45.210323],[-83.408955,45.237993],[-83.411457,45.247707],[-83.409543,45.259187],[-83.403803,45.266252],[-83.383639,45.279204],[-83.422495,45.311584],[-83.465325,45.33896],[-83.510216,45.358682],[-83.554959,45.367219],[-83.589547,45.365747],[-83.603382,45.367219],[-83.643563,45.379876],[-83.657987,45.381643],[-83.674618,45.386941],[-83.700228,45.413139],[-83.719361,45.422559],[-83.730694,45.424031],[-83.767196,45.422559],[-83.781031,45.42462],[-83.809143,45.434039],[-83.844025,45.441693],[-83.863158,45.454645],[-83.897599,45.484081],[-83.943078,45.501154],[-84.096148,45.504392],[-84.116017,45.511751],[-84.131324,45.526764],[-84.141185,45.545309],[-84.14457,45.562676],[-84.149869,45.578572],[-84.162674,45.594468],[-84.192405,45.621844],[-84.223902,45.642449],[-84.268792,45.660994],[-84.318245,45.673946],[-84.363725,45.676301],[-84.458363,45.670708],[-84.498985,45.681305],[-84.575961,45.730464],[-84.706364,45.77874],[-84.738744,45.799934],[-84.754934,45.804644],[-84.77451,45.799934],[-84.780839,45.862339],[-84.734476,45.857041],[-84.706364,45.874997],[-84.724026,45.882356],[-84.73168,45.90149],[-84.728442,45.922684],[-84.713135,45.936519],[-84.724173,45.943289],[-84.729914,45.952709],[-84.728736,45.964484],[-84.719316,45.978024],[-84.705923,45.985678],[-84.695326,45.986855],[-84.688408,45.990976],[-84.677664,46.043667],[-84.656617,46.056325],[-84.627769,46.052498],[-84.596419,46.038663],[-84.576403,46.047494],[-84.556386,46.041901],[-84.541079,46.027183],[-84.535044,46.008638],[-84.53372,45.995392],[-84.530335,45.990976],[-84.521357,45.991565],[-84.516647,45.993626],[-84.501634,46.003045],[-84.493981,46.0054],[-84.466163,45.984795],[-84.459834,46.006283],[-84.453358,46.013642],[-84.397429,46.008638],[-84.37285,45.995392],[-84.356218,45.991565],[-84.35563,45.99392],[-84.349448,45.99863],[-84.340764,46.00334],[-84.332669,46.0054],[-84.319864,46.00334],[-84.299259,45.99392],[-84.288515,45.991565],[-84.223018,45.993331],[-84.022262,45.964189],[-84.014314,45.960657],[-84.00357,45.958596],[-83.994445,45.962423],[-83.985025,45.967722],[-83.973251,45.970665],[-83.919382,45.976258],[-83.904369,45.970665],[-83.903045,45.981851],[-83.89966,45.991859],[-83.890681,46.011582],[-83.908049,46.015114],[-83.921148,46.023062],[-83.932775,46.032187],[-83.946022,46.038663],[-83.966333,46.042784],[-83.982523,46.044256],[-83.997536,46.048083],[-84.013578,46.059857],[-84.049491,46.093415],[-84.055231,46.101657],[-84.054495,46.116375],[-84.047283,46.127267],[-84.037275,46.136981],[-84.028002,46.149344],[-84.042132,46.149344],[-84.053465,46.152582],[-84.075689,46.162296],[-84.082312,46.162885],[-84.097031,46.161413],[-84.103654,46.162296],[-84.108069,46.166712],[-84.117342,46.18349],[-84.13574,46.187906],[-84.165617,46.191144],[-84.193288,46.189672],[-84.205357,46.179958],[-84.216542,46.174071],[-84.239503,46.190555],[-84.258342,46.212632],[-84.257606,46.223818],[-84.234646,46.229117],[-84.202707,46.250311],[-84.178717,46.251783],[-84.189314,46.270033],[-84.214776,46.296232],[-84.21978,46.316543],[-84.22449,46.355399],[-84.177539,46.351867],[-84.178717,46.34804],[-84.15502,46.345685],[-84.142951,46.342741],[-84.12264,46.331556],[-84.117489,46.338326],[-84.117195,46.347157],[-84.083343,46.344802],[-84.039041,46.330378],[-83.905547,46.333027],[-83.8845,46.34127],[-83.883028,46.33656],[-83.877141,46.327434],[-83.873314,46.308301],[-83.832544,46.299764],[-83.747326,46.293288],[-83.71318,46.279159],[-83.700669,46.277098],[-83.613979,46.286812],[-83.603382,46.286518],[-83.589105,46.279747],[-83.568794,46.257965],[-83.561141,46.251783],[-83.548189,46.2509],[-83.517869,46.258553],[-83.500355,46.259142],[-83.38776,46.23471],[-83.313875,46.227056],[-83.243963,46.208806],[-83.178467,46.201152],[-83.153005,46.195265],[-83.128867,46.194088],[-83.102374,46.204685],[-83.076176,46.191438],[-83.045709,46.182902],[-82.98301,46.17672],[-82.970646,46.178781],[-82.946214,46.187612],[-82.93179,46.190261],[-82.707632,46.200269],[-82.630067,46.223818],[-82.637573,46.210278],[-82.676282,46.191733],[-82.691,46.17672],[-82.668629,46.169361],[-82.536459,46.182607],[-82.474201,46.201741],[-82.44447,46.204685],[-82.44447,46.197031],[-82.450652,46.18614],[-82.434756,46.187612],[-82.400169,46.197031],[-82.337028,46.194382],[-82.320985,46.197031],[-82.317011,46.190555],[-82.314803,46.18349],[-82.35204,46.185257],[-82.363226,46.18349],[-82.376325,46.179369],[-82.378533,46.177309],[-82.354689,46.165829],[-82.320985,46.156115],[-82.309063,46.15582],[-82.299643,46.157881],[-82.291695,46.160824],[-82.283748,46.162296],[-82.259463,46.16053],[-82.232381,46.154937],[-82.206919,46.145517],[-82.187932,46.131977],[-82.177629,46.126384],[-82.155405,46.127856],[-82.135094,46.119319],[-82.124938,46.123734],[-82.116254,46.131388],[-82.109337,46.135803],[-82.087112,46.134037],[-82.013227,46.115198],[-81.71901,46.107839],[-81.71901,46.101657],[-81.766697,46.078402],[-81.781415,46.059269],[-81.774203,46.032776],[-81.761987,46.019235],[-81.756247,46.022768],[-81.751684,46.03572],[-81.739027,46.055148],[-81.740646,46.058974],[-81.744325,46.063684],[-81.746239,46.07016],[-81.741676,46.073398],[-81.711504,46.073693],[-81.68192,46.076931],[-81.66941,46.08164],[-81.664406,46.09106],[-81.66102,46.105778],[-81.651748,46.118436],[-81.638354,46.126384],[-81.622753,46.12815],[-81.595524,46.107839],[-81.576832,46.103129],[-81.557551,46.101657],[-81.545924,46.098125],[-81.551517,46.078697],[-81.540184,46.066922],[-81.581395,46.05191],[-81.665877,46.033659],[-81.705322,46.018352],[-81.608476,46.03778],[-81.506038,46.046317],[-81.538712,46.036014],[-81.61142,46.029832],[-81.642623,46.018352],[-81.625549,46.012759],[-81.606563,46.010993],[-81.56756,46.011582],[-81.586399,45.992742],[-81.677358,45.950648],[-81.642328,45.955653],[-81.540184,46.0054],[-81.50383,46.018352],[-81.489259,46.019824],[-81.495882,46.008638],[-81.508834,45.992742],[-81.506774,45.983912],[-81.49338,45.981851],[-81.47248,45.984795],[-81.461736,45.988621],[-81.453199,45.993037],[-81.44378,45.996569],[-81.430239,45.998041],[-81.417728,45.995686],[-81.395504,45.986855],[-81.261274,45.96625],[-81.227128,45.969488],[-81.195336,45.980085],[-81.163398,45.998041],[-81.180471,46.01217],[-81.20299,46.008638],[-81.22492,45.996569],[-81.239197,45.984795],[-81.245967,45.991565],[-81.2155,46.009521],[-81.179441,46.018058],[-81.156186,46.01011],[-81.163398,45.978024],[-81.17635,45.944761],[-81.161632,45.936519],[-81.060076,45.956241],[-81.020042,45.95683],[-80.953075,45.944172],[-80.930703,45.943878],[-80.923197,45.946233],[-80.903621,45.954769],[-80.903327,45.95683],[-80.893024,45.953886],[-80.877865,45.941229],[-80.869328,45.936519],[-80.851519,45.933281],[-80.834151,45.935636],[-80.81855,45.943289],[-80.806481,45.95683],[-80.80236,45.941523],[-80.801183,45.927688],[-80.797945,45.916797],[-80.787348,45.909732],[-80.787348,45.913264],[-80.782638,45.920035],[-80.775867,45.926805],[-80.769244,45.929749],[-80.758353,45.92916],[-80.752613,45.926805],[-80.74908,45.922684],[-80.745106,45.915913],[-80.739072,45.900901],[-80.733626,45.871759],[-80.724648,45.860867],[-80.705956,45.854686],[-80.687853,45.853803],[-80.679757,45.851742],[-80.691091,45.840851],[-80.695212,45.842322],[-80.704631,45.844383],[-80.714051,45.843794],[-80.718319,45.837318],[-80.716553,45.828782],[-80.711843,45.825249],[-80.705073,45.823483],[-80.697272,45.819656],[-80.687853,45.817596],[-80.679022,45.819656],[-80.672546,45.819068],[-80.668424,45.802289],[-80.664892,45.798756],[-80.660477,45.796402],[-80.656944,45.792575],[-80.650468,45.787276],[-80.641637,45.782861],[-80.636044,45.777268],[-80.639577,45.768437],[-80.644728,45.760784],[-80.6462,45.753424],[-80.645317,45.745477],[-80.642668,45.737234],[-80.63369,45.723399],[-80.619266,45.711919],[-80.602781,45.703088],[-80.587474,45.696907],[-80.602193,45.691608],[-80.608521,45.690725],[-80.608521,45.683071],[-80.598807,45.683071],[-80.590418,45.6816],[-80.574375,45.676301],[-80.579821,45.662172],[-80.573198,45.65128],[-80.559363,45.64451],[-80.52448,45.638917],[-80.517857,45.630086],[-80.519476,45.616545],[-80.525952,45.600649],[-80.512117,45.598],[-80.508732,45.589169],[-80.509173,45.579455],[-80.506083,45.573274],[-80.492836,45.572096],[-80.480767,45.576512],[-80.469287,45.582693],[-80.457807,45.587109],[-80.445591,45.587403],[-80.433669,45.58652],[-80.423661,45.587697],[-80.416743,45.593879],[-80.416302,45.60271],[-80.4216,45.611835],[-80.437201,45.628025],[-80.41689,45.627142],[-80.406293,45.617134],[-80.396285,45.587109],[-80.391428,45.578278],[-80.387601,45.573568],[-80.38451,45.568858],[-80.382597,45.559144],[-80.382155,45.54737],[-80.38348,45.540894],[-80.385835,45.535301],[-80.395107,45.497033],[-80.394813,45.481138],[-80.388779,45.463476],[-80.360961,45.435806],[-80.35478,45.422265],[-80.368909,45.409018],[-80.362875,45.39901],[-80.354927,45.390768],[-80.34536,45.384586],[-80.334174,45.381643],[-80.328581,45.395478],[-80.327992,45.409901],[-80.332261,45.423737],[-80.341092,45.4361],[-80.3302,45.436983],[-80.319603,45.435806],[-80.309447,45.433451],[-80.300028,45.429918],[-80.309742,45.415789],[-80.311214,45.404014],[-80.306798,45.37811],[-80.300175,45.366336],[-80.284721,45.363686],[-80.255284,45.367219],[-80.243657,45.364275],[-80.22938,45.35044],[-80.181988,45.341609],[-80.168447,45.341903],[-80.162854,45.350734],[-80.167564,45.358976],[-80.177719,45.363981],[-80.187286,45.369868],[-80.19023,45.381643],[-80.183754,45.3943],[-80.171391,45.401659],[-80.142396,45.409018],[-80.114284,45.411079],[-80.084553,45.405192],[-80.065125,45.390473],[-80.067333,45.367219],[-80.054381,45.361626],[-80.044814,45.351617],[-80.037897,45.339254],[-80.033187,45.326302],[-80.072631,45.278909],[-80.084406,45.27155],[-80.105895,45.265369],[-80.123704,45.25065],[-80.127825,45.23446],[-80.10825,45.223863],[-80.114431,45.213266],[-80.115167,45.203847],[-80.110604,45.195604],[-80.100743,45.189717],[-80.096622,45.198842],[-80.091176,45.203847],[-80.077488,45.213266],[-80.066303,45.217976],[-80.059532,45.2115],[-80.054087,45.201786],[-80.046727,45.196487],[-80.036719,45.196193],[-80.029654,45.195016],[-80.024209,45.192955],[-80.01891,45.189717],[-80.01788,45.186185],[-80.001837,45.164696],[-79.998452,45.161753],[-80.003897,45.137026],[-80.030685,45.127606],[-80.067039,45.128489],[-80.100743,45.134377],[-80.095592,45.124074],[-80.088086,45.11642],[-80.078519,45.110828],[-80.067333,45.107884],[-80.074839,45.106412],[-80.07793,45.10494],[-80.080874,45.101114],[-80.073662,45.096992],[-80.06071,45.084629],[-80.053645,45.079919],[-80.014053,45.070205],[-80.001837,45.062552],[-79.997716,45.05431],[-79.998305,45.045184],[-79.996391,45.035176],[-79.984764,45.024579],[-79.972695,45.021635],[-79.943406,45.019869],[-79.93325,45.014865],[-79.928393,44.997792],[-79.930306,44.978364],[-79.92751,44.960996],[-79.909112,44.949516],[-79.898515,44.951871],[-79.873053,44.963057],[-79.868048,44.960113],[-79.862897,44.953931],[-79.851122,44.948633],[-79.837582,44.944806],[-79.826985,44.943334],[-79.834932,44.925378],[-79.832136,44.91537],[-79.813444,44.90124],[-79.807409,44.898297],[-79.801375,44.898591],[-79.796076,44.897119],[-79.792986,44.887994],[-79.796371,44.883578],[-79.805054,44.879457],[-79.814769,44.876514],[-79.82095,44.875042],[-79.804907,44.868566],[-79.791072,44.865622],[-79.779886,44.860618],[-79.772527,44.847077],[-79.774735,44.835303],[-79.7818,44.827944],[-79.782536,44.821173],[-79.76561,44.812931],[-79.738675,44.81352],[-79.718364,44.828238],[-79.714979,44.848843],[-79.738381,44.867683],[-79.696434,44.884756],[-79.690547,44.887994],[-79.681863,44.877691],[-79.679655,44.86209],[-79.68201,44.846489],[-79.686867,44.836775],[-79.713507,44.816169],[-79.723957,44.802334],[-79.721014,44.788793],[-79.705854,44.779962],[-79.671413,44.767893]],[[-80.160058,44.844722],[-80.149166,44.861501],[-80.165798,44.871509],[-80.216134,44.865033],[-80.237917,44.875042],[-80.245423,44.854731],[-80.231147,44.832653],[-80.209364,44.809693],[-80.186698,44.793797],[-80.169772,44.79262],[-80.183018,44.807338],[-80.175512,44.825883],[-80.160058,44.844722]],[[-81.712681,45.299809],[-81.697816,45.32012],[-81.707677,45.318943],[-81.715183,45.320415],[-81.720923,45.323064],[-81.72578,45.326302],[-81.729313,45.32748],[-81.732698,45.328363],[-81.735789,45.329834],[-81.738732,45.333956],[-81.744767,45.326596],[-81.751096,45.32277],[-81.766697,45.32012],[-81.730932,45.300987],[-81.712681,45.299809]],[[-81.805995,45.458472],[-81.768022,45.463476],[-81.734611,45.487614],[-81.711504,45.525587],[-81.709149,45.529119],[-81.706794,45.531768],[-81.705322,45.534712],[-81.705322,45.539127],[-81.775234,45.529119],[-81.790246,45.52176],[-81.796428,45.516167],[-81.804964,45.510574],[-81.814678,45.506159],[-81.824392,45.504392],[-81.837344,45.482315],[-81.84176,45.477017],[-81.805995,45.458472]],[[-81.588754,45.786982],[-81.588018,45.799934],[-81.60568,45.805821],[-81.711504,45.799934],[-81.69605,45.818185],[-81.675886,45.837318],[-81.659843,45.85969],[-81.656899,45.888538],[-81.66573,45.905316],[-81.679712,45.908849],[-81.695167,45.902961],[-81.753598,45.848504],[-81.764784,45.828193],[-81.787155,45.797285],[-81.793484,45.77874],[-81.79216,45.758723],[-81.789216,45.744593],[-81.791865,45.739001],[-81.807761,45.744593],[-81.820418,45.759606],[-81.829985,45.768437],[-81.834401,45.768437],[-81.84647,45.791692],[-81.848677,45.803172],[-81.842496,45.819951],[-81.829838,45.840262],[-81.81983,45.86175],[-81.821302,45.881767],[-81.841171,45.893247],[-81.898278,45.896191],[-81.9102,45.906199],[-81.904901,45.925333],[-81.896217,45.939463],[-81.894598,45.953003],[-81.9102,45.970665],[-81.953618,45.988033],[-82.001305,45.984795],[-82.047962,45.967722],[-82.08829,45.943878],[-82.101095,45.932103],[-82.114341,45.915325],[-82.124938,45.896191],[-82.129206,45.878529],[-82.139804,45.855274],[-82.160703,45.844677],[-82.176305,45.84821],[-82.170859,45.868226],[-82.187196,45.88265],[-82.20736,45.905022],[-82.221342,45.929749],[-82.219282,45.950648],[-82.237238,45.945644],[-82.262406,45.934753],[-82.284631,45.930926],[-82.294345,45.94741],[-82.294345,45.974492],[-82.29773,45.987444],[-82.309652,45.990093],[-82.394576,45.972137],[-82.414151,45.970665],[-82.434904,45.965367],[-82.445942,45.952415],[-82.455509,45.936813],[-82.471846,45.923273],[-82.470669,45.937108],[-82.477439,45.94741],[-82.48995,45.952709],[-82.506581,45.950648],[-82.515707,45.944467],[-82.530425,45.924156],[-82.540728,45.915913],[-82.553974,45.912381],[-82.580761,45.908849],[-82.58915,45.902373],[-82.591947,45.888832],[-82.584146,45.881178],[-82.570164,45.877057],[-82.554415,45.874997],[-82.556329,45.870287],[-82.559567,45.859101],[-82.561922,45.854391],[-82.532044,45.860867],[-82.517767,45.858218],[-82.506581,45.847032],[-82.508347,45.827015],[-82.522918,45.805527],[-82.539697,45.791986],[-82.547645,45.796107],[-82.549706,45.807882],[-82.555004,45.818479],[-82.567956,45.83408],[-82.574874,45.839379],[-82.585765,45.846149],[-82.598129,45.852036],[-82.60902,45.854391],[-82.616379,45.849976],[-82.62624,45.840556],[-82.637132,45.83408],[-82.647435,45.837318],[-82.653175,45.847327],[-82.656118,45.857335],[-82.659945,45.864988],[-82.667893,45.868226],[-82.690264,45.863517],[-82.739865,45.845855],[-82.759882,45.847032],[-82.763561,45.852625],[-82.771803,45.87588],[-82.773422,45.8853],[-82.778721,45.891481],[-82.815075,45.89884],[-82.837594,45.915913],[-82.837152,45.93122],[-82.825672,45.948293],[-82.815075,45.970665],[-82.811101,45.984206],[-82.809776,45.992742],[-82.815516,45.996864],[-82.832148,45.998041],[-82.844511,45.994803],[-82.858788,45.981262],[-82.866589,45.978024],[-82.909713,45.975669],[-82.93444,45.971254],[-82.95166,45.964484],[-82.955928,45.957419],[-82.959019,45.947999],[-82.964465,45.939757],[-82.975798,45.936519],[-82.996109,45.937696],[-83.003909,45.940934],[-83.006853,45.94741],[-83.01274,45.955064],[-83.026576,45.961245],[-83.042766,45.964778],[-83.055276,45.964484],[-83.065284,45.959185],[-83.070289,45.95212],[-83.074557,45.944172],[-83.081916,45.936519],[-83.088981,45.93122],[-83.100461,45.925039],[-83.111352,45.925333],[-83.116062,45.940051],[-83.11827,45.953003],[-83.12401,45.958891],[-83.131958,45.962129],[-83.140347,45.967427],[-83.163896,45.975669],[-83.190095,45.96625],[-83.212761,45.947999],[-83.226007,45.929749],[-83.22483,45.886771],[-83.183913,45.874114],[-83.127984,45.873819],[-83.081916,45.868226],[-83.060869,45.857041],[-83.055129,45.85498],[-83.044385,45.854391],[-83.033346,45.852331],[-83.020247,45.842911],[-83.010533,45.840851],[-82.965789,45.839967],[-82.949011,45.832314],[-82.95166,45.813475],[-82.921635,45.81112],[-82.891757,45.803172],[-82.864528,45.800817],[-82.842451,45.813475],[-82.831854,45.804644],[-82.821257,45.802289],[-82.809335,45.801995],[-82.794617,45.799934],[-82.789465,45.798168],[-82.773864,45.789042],[-82.765622,45.787865],[-82.754436,45.797873],[-82.746194,45.799934],[-82.729415,45.789631],[-82.717935,45.785216],[-82.712636,45.789042],[-82.707779,45.796402],[-82.696446,45.797579],[-82.683788,45.794635],[-82.67481,45.789042],[-82.65553,45.77403],[-82.633452,45.766082],[-82.532191,45.750186],[-82.5082,45.741061],[-82.47111,45.712213],[-82.452565,45.705149],[-82.339088,45.694846],[-82.333495,45.689253],[-82.330404,45.681305],[-82.324664,45.672769],[-82.313626,45.667764],[-82.302587,45.671002],[-82.291401,45.676007],[-82.280068,45.676301],[-82.273003,45.670414],[-82.261082,45.650103],[-82.253281,45.642155],[-82.20839,45.628025],[-82.202209,45.624787],[-82.184105,45.611247],[-82.174244,45.608009],[-82.119492,45.608892],[-82.098593,45.601533],[-82.101978,45.580927],[-82.089909,45.581221],[-82.080048,45.577395],[-82.072836,45.569741],[-82.06842,45.559144],[-82.058706,45.564148],[-82.049139,45.566503],[-82.026768,45.566503],[-82.015876,45.568269],[-82.010431,45.572685],[-82.006604,45.579455],[-81.994093,45.594173],[-81.989825,45.600944],[-81.984379,45.605948],[-81.937428,45.61419],[-81.904607,45.637739],[-81.874876,45.665115],[-81.841613,45.687487],[-81.797164,45.696907],[-81.789657,45.699261],[-81.780385,45.703971],[-81.770082,45.706915],[-81.759927,45.703677],[-81.752715,45.694552],[-81.753009,45.685721],[-81.759338,45.67895],[-81.788627,45.670119],[-81.813059,45.64186],[-81.846911,45.631558],[-81.861629,45.621549],[-81.886209,45.597117],[-81.899602,45.587697],[-81.909022,45.587109],[-81.911377,45.594173],[-81.903282,45.608009],[-81.928744,45.602416],[-81.95612,45.591524],[-81.979375,45.576806],[-81.992622,45.559144],[-81.970397,45.557672],[-81.948025,45.565031],[-81.930658,45.568564],[-81.914321,45.539127],[-81.891802,45.528825],[-81.86472,45.524409],[-81.84176,45.525587],[-81.822037,45.532946],[-81.805112,45.545603],[-81.756541,45.600649],[-81.746239,45.608009],[-81.735494,45.610658],[-81.72372,45.610952],[-81.71798,45.613307],[-81.72578,45.621844],[-81.710473,45.646276],[-81.649982,45.703677],[-81.664406,45.709859],[-81.621723,45.740178],[-81.612597,45.744593],[-81.604797,45.751953],[-81.595671,45.768437],[-81.588754,45.786982]],[[-80.221285,45.310995],[-80.22732,45.296571],[-80.217459,45.27155],[-80.210247,45.261248],[-80.202005,45.252417],[-80.192143,45.246529],[-80.179927,45.244469],[-80.171243,45.248001],[-80.160941,45.265957],[-80.149166,45.27155],[-80.156084,45.25801],[-80.096769,45.290978],[-80.074103,45.299515],[-80.080874,45.30658],[-80.075575,45.310995],[-80.07219,45.315999],[-80.067333,45.326302],[-80.059827,45.333956],[-80.069541,45.33896],[-80.07425,45.340432],[-80.080874,45.340432],[-80.074103,45.347496],[-80.091176,45.347791],[-80.104864,45.342198],[-80.11605,45.333072],[-80.125617,45.323358],[-80.138422,45.318649],[-80.155201,45.321298],[-80.171685,45.32748],[-80.183312,45.333956],[-80.221285,45.310995]],[[-84.36711,45.774619],[-84.356218,45.78551],[-84.388598,45.792869],[-84.400962,45.800523],[-84.40523,45.813475],[-84.420095,45.826721],[-84.424805,45.821423],[-84.426424,45.808765],[-84.432017,45.799934],[-84.44232,45.800228],[-84.466016,45.810825],[-84.531954,45.8226],[-84.559182,45.823777],[-84.582731,45.813475],[-84.568896,45.801995],[-84.521357,45.771969],[-84.487799,45.744005],[-84.473522,45.737234],[-84.455713,45.733408],[-84.434666,45.73223],[-84.414208,45.733408],[-84.397871,45.737234],[-84.38536,45.746654],[-84.36711,45.774619]],[[-83.268248,45.939168],[-83.266924,45.960657],[-83.271928,45.968605],[-83.283261,45.968899],[-83.301659,45.964484],[-83.311226,45.969193],[-83.335805,45.991565],[-83.352731,46.001868],[-83.369804,46.00069],[-83.387907,45.995097],[-83.408219,45.991565],[-83.417197,45.988916],[-83.423526,45.982734],[-83.432062,45.970665],[-83.460027,45.950648],[-83.471507,45.939168],[-83.479896,45.927099],[-83.4849,45.912381],[-83.486667,45.89207],[-83.440157,45.891776],[-83.424556,45.888538],[-83.392176,45.869993],[-83.376133,45.863222],[-83.35332,45.860867],[-83.337571,45.864694],[-83.321676,45.873819],[-83.281348,45.908849],[-83.272811,45.922684],[-83.268248,45.939168]],[[-84.384183,45.958007],[-84.34253,45.95683],[-84.348712,45.96831],[-84.357837,45.975964],[-84.369612,45.979496],[-84.383594,45.978024],[-84.378001,45.991271],[-84.384183,45.997747],[-84.411412,46.0054],[-84.425394,45.995392],[-84.432017,45.991565],[-84.432017,45.984795],[-84.424069,45.983617],[-84.420095,45.982145],[-84.417004,45.980085],[-84.411412,45.978024],[-84.425099,45.970665],[-84.402286,45.962129],[-84.384183,45.958007]],[[-83.892889,46.104306],[-83.885677,46.14905],[-83.870223,46.162296],[-83.852267,46.156998],[-83.831956,46.144929],[-83.815177,46.142868],[-83.802078,46.185845],[-83.790303,46.205273],[-83.782355,46.22323],[-83.787654,46.238242],[-83.795455,46.240008],[-83.804138,46.237065],[-83.814147,46.235593],[-83.825627,46.241775],[-83.836518,46.255315],[-83.841081,46.262969],[-83.842994,46.26915],[-83.849765,46.271211],[-83.890681,46.272388],[-83.899954,46.276804],[-83.925416,46.29947],[-83.947199,46.301236],[-83.967363,46.307418],[-83.986203,46.310361],[-84.024176,46.295938],[-84.048019,46.300353],[-84.08246,46.313305],[-84.102035,46.317132],[-84.106303,46.313305],[-84.109835,46.29947],[-84.109247,46.2927],[-84.10645,46.283574],[-84.102918,46.275626],[-84.099827,46.272388],[-84.077603,46.224113],[-84.068772,46.210866],[-84.004012,46.159353],[-83.995917,46.14905],[-83.993267,46.13963],[-83.991648,46.130799],[-83.986938,46.12138],[-83.98061,46.115787],[-83.964861,46.106367],[-83.958974,46.101657],[-83.953087,46.090177],[-83.952056,46.081346],[-83.948524,46.075753],[-83.935425,46.073693],[-83.925711,46.076931],[-83.906724,46.091354],[-83.900984,46.094592],[-83.892889,46.104306]],[[-83.517133,45.940051],[-83.482251,45.994214],[-83.47916,46.0054],[-83.498588,46.017175],[-83.523757,46.020707],[-83.545539,46.029538],[-83.554959,46.056619],[-83.562024,46.076048],[-83.579539,46.090177],[-83.62384,46.107839],[-83.687423,46.110488],[-83.715388,46.106073],[-83.716271,46.09106],[-83.703907,46.084584],[-83.689336,46.082524],[-83.678739,46.076931],[-83.678445,46.059857],[-83.684627,46.050732],[-83.695371,46.045434],[-83.719361,46.038663],[-83.743499,46.029538],[-83.755421,46.0263],[-83.771022,46.025123],[-83.778087,46.021001],[-83.793541,46.002162],[-83.805021,45.998041],[-83.823566,46.006283],[-83.844613,46.021296],[-83.865808,46.0263],[-83.8845,46.0054],[-83.886855,45.990976],[-83.881556,45.983912],[-83.87405,45.981851],[-83.870223,45.981557],[-83.865808,45.993331],[-83.855946,45.990093],[-83.845497,45.980968],[-83.839462,45.974198],[-83.832692,45.968605],[-83.808259,45.95683],[-83.802372,45.945939],[-83.801931,45.943878],[-83.795455,45.944467],[-83.785005,45.949471],[-83.780884,45.950648],[-83.743647,45.950648],[-83.733785,45.947705],[-83.722452,45.941523],[-83.711266,45.937402],[-83.702436,45.940051],[-83.679622,45.955358],[-83.657692,45.955064],[-83.616334,45.936519],[-83.592638,45.930337],[-83.563201,45.927982],[-83.535384,45.930632],[-83.517133,45.940051]],[[-84.113515,46.248545],[-84.107922,46.270033],[-84.12161,46.297115],[-84.142363,46.321253],[-84.158258,46.333616],[-84.184457,46.333616],[-84.19211,46.325668],[-84.193141,46.311539],[-84.199175,46.293288],[-84.180336,46.274743],[-84.162674,46.251194],[-84.141921,46.237653],[-84.113515,46.248545]],[[-82.733389,45.934753],[-82.746194,45.936519],[-82.712047,45.911204],[-82.65759,45.902373],[-82.604752,45.914147],[-82.575462,45.950648],[-82.578259,45.967427],[-82.593124,45.971548],[-82.6127,45.972137],[-82.630067,45.978024],[-82.649348,45.972431],[-82.684672,45.96831],[-82.713225,45.958596],[-82.712636,45.936519],[-82.725735,45.929749],[-82.730151,45.933575],[-82.733389,45.934753]],[[-82.254606,46.039841],[-82.26638,46.032776],[-82.255636,46.021296],[-82.232381,46.008344],[-82.207507,45.99863],[-82.191317,45.998041],[-82.203092,46.015408],[-82.210451,46.052498],[-82.225464,46.059857],[-82.23871,46.056914],[-82.246805,46.048966],[-82.254606,46.039841]],[[-81.962008,46.046611],[-81.963479,46.032482],[-81.950527,46.018058],[-81.92742,46.011582],[-81.921091,46.009521],[-81.908875,46.000396],[-81.903282,45.998041],[-81.897542,45.99863],[-81.888711,46.004223],[-81.882824,46.0054],[-81.845587,46.007166],[-81.834401,46.0054],[-81.825275,45.99863],[-81.818799,45.990388],[-81.811735,45.985972],[-81.800843,45.991565],[-81.793926,46.001573],[-81.793043,46.011287],[-81.7979,46.019824],[-81.807761,46.025123],[-81.7979,46.041607],[-81.793484,46.046317],[-81.803345,46.058091],[-81.82086,46.063979],[-81.838522,46.063095],[-81.848677,46.053087],[-81.855595,46.053087],[-81.871932,46.061329],[-81.895187,46.060446],[-81.941108,46.053087],[-81.962008,46.046611]]]}},{"type":"Feature","properties":{"name":"Whitefish Bay","scalerank":3},"geometry":{"type":"MultiPolygon","coordinates":[[[[-84.767739,47.018896],[-84.784224,47.000351],[-84.787462,47.005944],[-84.767739,47.018896]]],[[[-84.492983,46.473515],[-84.490437,46.449287],[-84.490141,46.44647],[-84.529157,46.429873],[-84.569779,46.423397],[-84.603337,46.437527],[-84.594064,46.457838],[-84.61835,46.484331],[-84.65647,46.501992],[-84.689291,46.495516],[-84.715048,46.478443],[-84.749489,46.466669],[-84.786431,46.459604],[-84.819547,46.457249],[-84.835443,46.459604],[-84.877537,46.478443],[-84.914774,46.484625],[-84.921839,46.487569],[-84.935968,46.501698],[-84.945977,46.506408],[-84.959076,46.504936],[-84.992045,46.49375],[-85.00794,46.491984],[-85.027074,46.496694],[-85.039585,46.50523],[-85.048268,46.517594],[-85.055775,46.532901],[-85.027957,46.556155],[-85.017949,46.573229],[-85.031195,46.606786],[-85.013386,46.724237],[-85.00794,46.738956],[-84.994105,46.751319],[-84.976738,46.759561],[-84.961137,46.768981],[-84.952747,46.786348],[-84.976149,46.783993],[-84.784224,47.000351],[-84.776865,46.987693],[-84.752285,46.971503],[-84.730208,46.964438],[-84.689291,46.964438],[-84.671041,46.962084],[-84.663387,46.956491],[-84.659266,46.947954],[-84.65176,46.937063],[-84.632185,46.918812],[-84.621146,46.912042],[-84.609519,46.909098],[-84.594064,46.909981],[-84.593476,46.915574],[-84.596861,46.923816],[-84.593329,46.933825],[-84.57287,46.946482],[-84.553295,46.946188],[-84.532395,46.940595],[-84.508257,46.937063],[-84.459687,46.943244],[-84.43658,46.941184],[-84.39478,46.912336],[-84.374763,46.903211],[-84.360192,46.893202],[-84.356218,46.87554],[-84.359603,46.872597],[-84.377412,46.848165],[-84.389334,46.839922],[-84.398165,46.838156],[-84.421714,46.840806],[-84.45012,46.852286],[-84.462925,46.854346],[-84.477643,46.853169],[-84.487063,46.849931],[-84.495747,46.845515],[-84.53946,46.831975],[-84.549321,46.827265],[-84.543728,46.811369],[-84.542845,46.786054],[-84.547702,46.762505],[-84.559182,46.751908],[-84.565953,46.740722],[-84.561243,46.716878],[-84.546083,46.69745],[-84.521357,46.69745],[-84.511201,46.710991],[-84.504136,46.731596],[-84.494422,46.75073],[-84.476908,46.758972],[-84.458657,46.753674],[-84.441584,46.740722],[-84.429221,46.72512],[-84.425099,46.710991],[-84.434078,46.693623],[-84.490301,46.659183],[-84.563009,46.601193],[-84.575814,46.585886],[-84.588472,46.562926],[-84.589207,46.542026],[-84.546525,46.526425],[-84.532837,46.512001],[-84.521357,46.495811],[-84.508257,46.484625],[-84.493833,46.480504],[-84.492983,46.473515]],[[-84.541815,46.900856],[-84.549321,46.882311],[-84.532542,46.882311],[-84.486622,46.895557],[-84.470137,46.89644],[-84.454389,46.895852],[-84.439376,46.896735],[-84.425099,46.902916],[-84.441584,46.907037],[-84.458951,46.905566],[-84.476613,46.906449],[-84.493981,46.916457],[-84.512378,46.922639],[-84.528863,46.915868],[-84.541815,46.900856]]]]}},{"type":"Feature","properties":{"name":"Saginaw Bay","scalerank":3},"geometry":{"type":"Polygon","coordinates":[[[-83.018333,44.058181],[-83.033493,44.052],[-83.068964,44.022269],[-83.086479,44.014027],[-83.119889,44.011083],[-83.132399,44.007845],[-83.155654,43.993716],[-83.168312,43.990478],[-83.240284,43.989006],[-83.250145,43.986651],[-83.25824,43.982824],[-83.266924,43.976348],[-83.296802,43.945734],[-83.301659,43.93867],[-83.315935,43.93131],[-83.404833,43.921596],[-83.385994,43.916887],[-83.365536,43.916298],[-83.34758,43.913649],[-83.335805,43.901285],[-83.37054,43.873321],[-83.389232,43.854481],[-83.39718,43.835936],[-83.404245,43.813565],[-83.45252,43.7647],[-83.474156,43.721134],[-83.490346,43.703178],[-83.510216,43.706416],[-83.514631,43.714658],[-83.5189,43.725844],[-83.525964,43.73232],[-83.537886,43.726727],[-83.604559,43.65137],[-83.639736,43.6237],[-83.678886,43.608099],[-83.719361,43.613692],[-83.761014,43.633708],[-83.811939,43.6446],[-83.83225,43.656669],[-83.881703,43.670798],[-83.904369,43.681984],[-83.925416,43.701706],[-83.943373,43.727905],[-83.949554,43.756164],[-83.935425,43.781479],[-83.932334,43.791488],[-83.934983,43.824751],[-83.931745,43.839763],[-83.920854,43.850949],[-83.909815,43.85978],[-83.908196,43.868611],[-83.925416,43.88068],[-83.889651,43.958392],[-83.863306,43.989889],[-83.821947,44.004313],[-83.810026,44.00343],[-83.787948,43.998131],[-83.774702,43.997248],[-83.764988,44.000192],[-83.747915,44.009023],[-83.736729,44.011083],[-83.726721,44.009906],[-83.707145,44.005196],[-83.695812,44.004313],[-83.690072,44.009611],[-83.682713,44.03581],[-83.678445,44.045229],[-83.6599,44.053177],[-83.610447,44.054943],[-83.592491,44.062597],[-83.589841,44.0729],[-83.591607,44.085263],[-83.59043,44.095566],[-83.579097,44.099981],[-83.572474,44.104691],[-83.569677,44.116466],[-83.564084,44.186524],[-83.554076,44.230679],[-83.53244,44.266002],[-83.493584,44.285431],[-83.483576,44.286314],[-83.45252,44.285431],[-83.455906,44.279543],[-83.462676,44.264236],[-83.466208,44.258055],[-83.452373,44.267769],[-83.407041,44.310157],[-83.39718,44.322815],[-83.39144,44.326347],[-83.362739,44.326936],[-83.35332,44.329585],[-83.337718,44.345481],[-83.332861,44.354017],[-83.328446,44.367264],[-83.018333,44.058181]]]}},{"type":"Feature","properties":{"name":"North Channel","scalerank":3},"geometry":{"type":"Polygon","coordinates":[[[-81.921091,46.009521],[-81.911819,46.002751],[-81.894598,45.953003],[-81.9102,45.970665],[-81.953618,45.988033],[-82.001305,45.984795],[-82.047962,45.967722],[-82.08829,45.943878],[-82.101095,45.932103],[-82.114341,45.915325],[-82.124938,45.896191],[-82.129206,45.878529],[-82.139804,45.855274],[-82.160703,45.844677],[-82.176305,45.84821],[-82.170859,45.868226],[-82.187196,45.88265],[-82.20736,45.905022],[-82.221342,45.929749],[-82.219282,45.950648],[-82.237238,45.945644],[-82.262406,45.934753],[-82.284631,45.930926],[-82.294345,45.94741],[-82.294345,45.974492],[-82.29773,45.987444],[-82.309652,45.990093],[-82.394576,45.972137],[-82.414151,45.970665],[-82.434904,45.965367],[-82.445942,45.952415],[-82.455509,45.936813],[-82.471846,45.923273],[-82.470669,45.937108],[-82.477439,45.94741],[-82.48995,45.952709],[-82.506581,45.950648],[-82.515707,45.944467],[-82.530425,45.924156],[-82.540728,45.915913],[-82.553974,45.912381],[-82.580761,45.908849],[-82.58915,45.902373],[-82.591947,45.888832],[-82.584146,45.881178],[-82.570164,45.877057],[-82.554415,45.874997],[-82.556329,45.870287],[-82.559567,45.859101],[-82.561922,45.854391],[-82.532044,45.860867],[-82.517767,45.858218],[-82.506581,45.847032],[-82.508347,45.827015],[-82.522918,45.805527],[-82.539697,45.791986],[-82.547645,45.796107],[-82.549706,45.807882],[-82.555004,45.818479],[-82.567956,45.83408],[-82.574874,45.839379],[-82.585765,45.846149],[-82.598129,45.852036],[-82.60902,45.854391],[-82.616379,45.849976],[-82.62624,45.840556],[-82.637132,45.83408],[-82.647435,45.837318],[-82.653175,45.847327],[-82.656118,45.857335],[-82.659945,45.864988],[-82.667893,45.868226],[-82.690264,45.863517],[-82.739865,45.845855],[-82.759882,45.847032],[-82.763561,45.852625],[-82.771803,45.87588],[-82.773422,45.8853],[-82.778721,45.891481],[-82.815075,45.89884],[-82.837594,45.915913],[-82.837152,45.93122],[-82.825672,45.948293],[-82.815075,45.970665],[-82.811101,45.984206],[-82.809776,45.992742],[-82.815516,45.996864],[-82.832148,45.998041],[-82.844511,45.994803],[-82.858788,45.981262],[-82.866589,45.978024],[-82.909713,45.975669],[-82.93444,45.971254],[-82.95166,45.964484],[-82.955928,45.957419],[-82.959019,45.947999],[-82.964465,45.939757],[-82.975798,45.936519],[-82.996109,45.937696],[-83.003909,45.940934],[-83.006853,45.94741],[-83.01274,45.955064],[-83.026576,45.961245],[-83.042766,45.964778],[-83.055276,45.964484],[-83.065284,45.959185],[-83.070289,45.95212],[-83.074557,45.944172],[-83.081916,45.936519],[-83.088981,45.93122],[-83.100461,45.925039],[-83.111352,45.925333],[-83.116062,45.940051],[-83.11827,45.953003],[-83.12401,45.958891],[-83.131958,45.962129],[-83.140347,45.967427],[-83.163896,45.975669],[-83.190095,45.96625],[-83.266924,45.960657],[-83.271928,45.968605],[-83.283261,45.968899],[-83.301659,45.964484],[-83.311226,45.969193],[-83.335805,45.991565],[-83.352731,46.001868],[-83.369804,46.00069],[-83.387907,45.995097],[-83.408219,45.991565],[-83.417197,45.988916],[-83.423526,45.982734],[-83.432062,45.970665],[-83.460027,45.950648],[-83.497411,45.97096],[-83.482251,45.994214],[-83.47916,46.0054],[-83.498588,46.017175],[-83.523757,46.020707],[-83.545539,46.029538],[-83.554959,46.056619],[-83.562024,46.076048],[-83.579539,46.090177],[-83.62384,46.107839],[-83.687423,46.110488],[-83.715388,46.106073],[-83.716271,46.09106],[-83.703907,46.084584],[-83.689336,46.082524],[-83.678739,46.076931],[-83.678592,46.068983],[-83.815177,46.142868],[-83.802078,46.185845],[-83.790303,46.205273],[-83.782355,46.22323],[-83.787654,46.238242],[-83.795455,46.240008],[-83.804138,46.237065],[-83.814147,46.235593],[-83.832544,46.299764],[-83.747326,46.293288],[-83.71318,46.279159],[-83.700669,46.277098],[-83.613979,46.286812],[-83.603382,46.286518],[-83.589105,46.279747],[-83.568794,46.257965],[-83.561141,46.251783],[-83.548189,46.2509],[-83.517869,46.258553],[-83.500355,46.259142],[-83.38776,46.23471],[-83.313875,46.227056],[-83.243963,46.208806],[-83.178467,46.201152],[-83.153005,46.195265],[-83.128867,46.194088],[-83.102374,46.204685],[-83.076176,46.191438],[-83.045709,46.182902],[-82.98301,46.17672],[-82.970646,46.178781],[-82.946214,46.187612],[-82.93179,46.190261],[-82.707632,46.200269],[-82.630067,46.223818],[-82.637573,46.210278],[-82.676282,46.191733],[-82.691,46.17672],[-82.668629,46.169361],[-82.536459,46.182607],[-82.474201,46.201741],[-82.44447,46.204685],[-82.44447,46.197031],[-82.450652,46.18614],[-82.434756,46.187612],[-82.400169,46.197031],[-82.337028,46.194382],[-82.320985,46.197031],[-82.317011,46.190555],[-82.314803,46.18349],[-82.35204,46.185257],[-82.363226,46.18349],[-82.376325,46.179369],[-82.378533,46.177309],[-82.354689,46.165829],[-82.320985,46.156115],[-82.309063,46.15582],[-82.299643,46.157881],[-82.291695,46.160824],[-82.283748,46.162296],[-82.259463,46.16053],[-82.232381,46.154937],[-82.206919,46.145517],[-82.187932,46.131977],[-82.177629,46.126384],[-82.155405,46.127856],[-82.135094,46.119319],[-82.124938,46.123734],[-82.116254,46.131388],[-82.109337,46.135803],[-82.087112,46.134037],[-82.013227,46.115198],[-81.950675,46.113726],[-81.930216,46.054853],[-81.941108,46.053087],[-81.962008,46.046611],[-81.963479,46.032482],[-81.950527,46.018058],[-81.92742,46.011582],[-81.921091,46.009521]],[[-82.733389,45.934753],[-82.746194,45.936519],[-82.712047,45.911204],[-82.65759,45.902373],[-82.604752,45.914147],[-82.575462,45.950648],[-82.578259,45.967427],[-82.593124,45.971548],[-82.6127,45.972137],[-82.630067,45.978024],[-82.649348,45.972431],[-82.684672,45.96831],[-82.713225,45.958596],[-82.712636,45.936519],[-82.725735,45.929749],[-82.730151,45.933575],[-82.733389,45.934753]],[[-82.254606,46.039841],[-82.26638,46.032776],[-82.255636,46.021296],[-82.232381,46.008344],[-82.207507,45.99863],[-82.191317,45.998041],[-82.203092,46.015408],[-82.210451,46.052498],[-82.225464,46.059857],[-82.23871,46.056914],[-82.246805,46.048966],[-82.254606,46.039841]]]}},{"type":"Feature","properties":{"name":"Georgian Bay","scalerank":2},"geometry":{"type":"Polygon","coordinates":[[[-79.671413,44.767893],[-79.662582,44.757885],[-79.739411,44.754647],[-79.765168,44.76701],[-79.776354,44.76495],[-79.792691,44.757885],[-79.798873,44.759945],[-79.799314,44.764655],[-79.798873,44.769365],[-79.802847,44.771426],[-79.873347,44.769365],[-79.881736,44.771426],[-79.881884,44.78114],[-79.876438,44.794975],[-79.874524,44.807632],[-79.885563,44.812931],[-79.926774,44.812931],[-79.941787,44.814697],[-79.942081,44.819113],[-79.935605,44.825589],[-79.930012,44.833537],[-79.925302,44.838541],[-79.918532,44.843251],[-79.915735,44.850315],[-79.923389,44.861501],[-79.934133,44.867388],[-79.947527,44.86886],[-79.985941,44.866505],[-80.005664,44.862384],[-80.015819,44.861501],[-80.028035,44.856791],[-80.035247,44.846489],[-80.040399,44.834714],[-80.046139,44.826766],[-80.061151,44.819113],[-80.06851,44.820585],[-80.075134,44.825294],[-80.087791,44.826766],[-80.099713,44.825294],[-80.10825,44.822351],[-80.113401,44.81558],[-80.115167,44.802334],[-80.113842,44.774664],[-80.107808,44.759945],[-80.093384,44.751998],[-80.067333,44.74405],[-80.048346,44.734925],[-80.008607,44.708432],[-79.994772,44.703133],[-79.99227,44.69283],[-80.005222,44.627482],[-80.005222,44.548886],[-80.013023,44.531225],[-80.031126,44.515035],[-80.067333,44.490897],[-80.108691,44.475295],[-80.150638,44.486776],[-80.195381,44.508559],[-80.245423,44.525043],[-80.32446,44.531519],[-80.365818,44.552419],[-80.425868,44.559189],[-80.450889,44.56596],[-80.495191,44.599223],[-80.512264,44.606876],[-80.535813,44.610409],[-80.557302,44.609525],[-80.577466,44.61188],[-80.598071,44.623949],[-80.616322,44.656035],[-80.623975,44.690476],[-80.639135,44.71844],[-80.680493,44.72992],[-80.763063,44.719323],[-80.826204,44.690476],[-80.937473,44.593335],[-80.942772,44.628659],[-80.88905,44.751703],[-80.89744,44.790854],[-80.934971,44.81087],[-80.985455,44.815286],[-81.032994,44.806161],[-81.078032,44.784083],[-81.119096,44.754647],[-81.127338,44.753469],[-81.131459,44.763478],[-81.131312,44.777607],[-81.126161,44.788793],[-81.117919,44.794975],[-81.051687,44.822351],[-81.036821,44.831476],[-81.006502,44.860912],[-81.000614,44.869155],[-80.998259,44.87828],[-81.00032,44.889466],[-81.00709,44.910954],[-81.005766,44.922434],[-80.987662,44.940096],[-80.961906,44.957169],[-80.953075,44.97071],[-80.985307,44.977481],[-81.007679,44.975126],[-81.03167,44.966295],[-81.044327,44.950988],[-81.032994,44.929205],[-81.050068,44.927439],[-81.070967,44.910366],[-81.087746,44.908599],[-81.08701,44.925084],[-81.105408,44.925378],[-81.149121,44.91537],[-81.149121,44.922434],[-81.126161,44.936858],[-81.112914,44.95246],[-81.116888,44.964823],[-81.200929,44.977481],[-81.204462,44.981307],[-81.191951,45.001618],[-81.190774,45.011038],[-81.210202,45.018103],[-81.235517,45.0078],[-81.257153,45.001913],[-81.266425,45.021635],[-81.262746,45.089045],[-81.266425,45.107884],[-81.280555,45.122602],[-81.301307,45.134082],[-81.319852,45.148801],[-81.327947,45.17235],[-81.319999,45.192366],[-81.286148,45.220037],[-81.279524,45.237404],[-81.30219,45.252417],[-81.607446,45.252122],[-81.722395,45.611541],[-81.72578,45.621844],[-81.710473,45.646276],[-81.649982,45.703677],[-81.664406,45.709859],[-81.621723,45.740178],[-81.612597,45.744593],[-81.604797,45.751953],[-81.595671,45.768437],[-81.588754,45.786982],[-81.588018,45.799934],[-81.60568,45.805821],[-81.711504,45.799934],[-81.69605,45.818185],[-81.675886,45.837318],[-81.659843,45.85969],[-81.656899,45.888538],[-81.66573,45.905316],[-81.679712,45.908849],[-81.642328,45.955653],[-81.540184,46.0054],[-81.50383,46.018352],[-81.489259,46.019824],[-81.495882,46.008638],[-81.508834,45.992742],[-81.506774,45.983912],[-81.49338,45.981851],[-81.47248,45.984795],[-81.461736,45.988621],[-81.453199,45.993037],[-81.44378,45.996569],[-81.430239,45.998041],[-81.417728,45.995686],[-81.395504,45.986855],[-81.261274,45.96625],[-81.227128,45.969488],[-81.195336,45.980085],[-81.163398,45.998041],[-81.180471,46.01217],[-81.20299,46.008638],[-81.22492,45.996569],[-81.239197,45.984795],[-81.245967,45.991565],[-81.2155,46.009521],[-81.179441,46.018058],[-81.156186,46.01011],[-81.163398,45.978024],[-81.17635,45.944761],[-81.161632,45.936519],[-81.060076,45.956241],[-81.020042,45.95683],[-80.953075,45.944172],[-80.930703,45.943878],[-80.923197,45.946233],[-80.903621,45.954769],[-80.903327,45.95683],[-80.893024,45.953886],[-80.877865,45.941229],[-80.869328,45.936519],[-80.851519,45.933281],[-80.834151,45.935636],[-80.81855,45.943289],[-80.806481,45.95683],[-80.80236,45.941523],[-80.801183,45.927688],[-80.797945,45.916797],[-80.787348,45.909732],[-80.787348,45.913264],[-80.782638,45.920035],[-80.775867,45.926805],[-80.769244,45.929749],[-80.758353,45.92916],[-80.752613,45.926805],[-80.74908,45.922684],[-80.745106,45.915913],[-80.739072,45.900901],[-80.733626,45.871759],[-80.724648,45.860867],[-80.705956,45.854686],[-80.687853,45.853803],[-80.679757,45.851742],[-80.691091,45.840851],[-80.695212,45.842322],[-80.704631,45.844383],[-80.714051,45.843794],[-80.718319,45.837318],[-80.716553,45.828782],[-80.711843,45.825249],[-80.705073,45.823483],[-80.697272,45.819656],[-80.687853,45.817596],[-80.679022,45.819656],[-80.672546,45.819068],[-80.668424,45.802289],[-80.664892,45.798756],[-80.660477,45.796402],[-80.656944,45.792575],[-80.650468,45.787276],[-80.641637,45.782861],[-80.636044,45.777268],[-80.639577,45.768437],[-80.644728,45.760784],[-80.6462,45.753424],[-80.645317,45.745477],[-80.642668,45.737234],[-80.63369,45.723399],[-80.619266,45.711919],[-80.602781,45.703088],[-80.587474,45.696907],[-80.602193,45.691608],[-80.608521,45.690725],[-80.608521,45.683071],[-80.598807,45.683071],[-80.590418,45.6816],[-80.574375,45.676301],[-80.579821,45.662172],[-80.573198,45.65128],[-80.559363,45.64451],[-80.52448,45.638917],[-80.517857,45.630086],[-80.519476,45.616545],[-80.525952,45.600649],[-80.512117,45.598],[-80.508732,45.589169],[-80.509173,45.579455],[-80.506083,45.573274],[-80.492836,45.572096],[-80.480767,45.576512],[-80.469287,45.582693],[-80.457807,45.587109],[-80.445591,45.587403],[-80.433669,45.58652],[-80.423661,45.587697],[-80.416743,45.593879],[-80.416302,45.60271],[-80.4216,45.611835],[-80.437201,45.628025],[-80.41689,45.627142],[-80.406293,45.617134],[-80.396285,45.587109],[-80.391428,45.578278],[-80.387601,45.573568],[-80.38451,45.568858],[-80.382597,45.559144],[-80.382155,45.54737],[-80.38348,45.540894],[-80.385835,45.535301],[-80.395107,45.497033],[-80.394813,45.481138],[-80.388779,45.463476],[-80.360961,45.435806],[-80.35478,45.422265],[-80.368909,45.409018],[-80.362875,45.39901],[-80.354927,45.390768],[-80.34536,45.384586],[-80.334174,45.381643],[-80.328581,45.395478],[-80.327992,45.409901],[-80.332261,45.423737],[-80.341092,45.4361],[-80.3302,45.436983],[-80.319603,45.435806],[-80.309447,45.433451],[-80.300028,45.429918],[-80.309742,45.415789],[-80.311214,45.404014],[-80.306798,45.37811],[-80.300175,45.366336],[-80.284721,45.363686],[-80.255284,45.367219],[-80.243657,45.364275],[-80.22938,45.35044],[-80.181988,45.341609],[-80.168447,45.341903],[-80.162854,45.350734],[-80.167564,45.358976],[-80.177719,45.363981],[-80.187286,45.369868],[-80.19023,45.381643],[-80.183754,45.3943],[-80.171391,45.401659],[-80.142396,45.409018],[-80.114284,45.411079],[-80.084553,45.405192],[-80.065125,45.390473],[-80.067333,45.367219],[-80.054381,45.361626],[-80.044814,45.351617],[-80.037897,45.339254],[-80.033187,45.326302],[-80.072631,45.278909],[-80.084406,45.27155],[-80.105895,45.265369],[-80.123704,45.25065],[-80.127825,45.23446],[-80.10825,45.223863],[-80.114431,45.213266],[-80.115167,45.203847],[-80.110604,45.195604],[-80.100743,45.189717],[-80.096622,45.198842],[-80.091176,45.203847],[-80.077488,45.213266],[-80.066303,45.217976],[-80.059532,45.2115],[-80.054087,45.201786],[-80.046727,45.196487],[-80.036719,45.196193],[-80.029654,45.195016],[-80.024209,45.192955],[-80.01891,45.189717],[-80.01788,45.186185],[-80.001837,45.164696],[-79.998452,45.161753],[-80.003897,45.137026],[-80.030685,45.127606],[-80.067039,45.128489],[-80.100743,45.134377],[-80.095592,45.124074],[-80.088086,45.11642],[-80.078519,45.110828],[-80.067333,45.107884],[-80.074839,45.106412],[-80.07793,45.10494],[-80.080874,45.101114],[-80.073662,45.096992],[-80.06071,45.084629],[-80.053645,45.079919],[-80.014053,45.070205],[-80.001837,45.062552],[-79.997716,45.05431],[-79.998305,45.045184],[-79.996391,45.035176],[-79.984764,45.024579],[-79.972695,45.021635],[-79.943406,45.019869],[-79.93325,45.014865],[-79.928393,44.997792],[-79.930306,44.978364],[-79.92751,44.960996],[-79.909112,44.949516],[-79.898515,44.951871],[-79.873053,44.963057],[-79.868048,44.960113],[-79.862897,44.953931],[-79.851122,44.948633],[-79.837582,44.944806],[-79.826985,44.943334],[-79.834932,44.925378],[-79.832136,44.91537],[-79.813444,44.90124],[-79.807409,44.898297],[-79.801375,44.898591],[-79.796076,44.897119],[-79.792986,44.887994],[-79.796371,44.883578],[-79.805054,44.879457],[-79.814769,44.876514],[-79.82095,44.875042],[-79.804907,44.868566],[-79.791072,44.865622],[-79.779886,44.860618],[-79.772527,44.847077],[-79.774735,44.835303],[-79.7818,44.827944],[-79.782536,44.821173],[-79.76561,44.812931],[-79.738675,44.81352],[-79.718364,44.828238],[-79.714979,44.848843],[-79.738381,44.867683],[-79.696434,44.884756],[-79.690547,44.887994],[-79.681863,44.877691],[-79.679655,44.86209],[-79.68201,44.846489],[-79.686867,44.836775],[-79.713507,44.816169],[-79.723957,44.802334],[-79.721014,44.788793],[-79.705854,44.779962],[-79.671413,44.767893]],[[-80.216134,44.865033],[-80.237917,44.875042],[-80.245423,44.854731],[-80.231147,44.832653],[-80.209364,44.809693],[-80.186698,44.793797],[-80.169772,44.79262],[-80.183018,44.807338],[-80.175512,44.825883],[-80.160058,44.844722],[-80.149166,44.861501],[-80.165798,44.871509],[-80.216134,44.865033]],[[-80.183312,45.333956],[-80.221285,45.310995],[-80.22732,45.296571],[-80.217459,45.27155],[-80.210247,45.261248],[-80.202005,45.252417],[-80.192143,45.246529],[-80.179927,45.244469],[-80.171243,45.248001],[-80.160941,45.265957],[-80.149166,45.27155],[-80.156084,45.25801],[-80.096769,45.290978],[-80.074103,45.299515],[-80.080874,45.30658],[-80.075575,45.310995],[-80.07219,45.315999],[-80.067333,45.326302],[-80.059827,45.333956],[-80.069541,45.33896],[-80.07425,45.340432],[-80.080874,45.340432],[-80.074103,45.347496],[-80.091176,45.347791],[-80.104864,45.342198],[-80.11605,45.333072],[-80.125617,45.323358],[-80.138422,45.318649],[-80.155201,45.321298],[-80.171685,45.32748],[-80.183312,45.333956]]]}},{"type":"Feature","properties":{"name":"Lake Ladoga","scalerank":0},"geometry":{"type":"MultiPolygon","coordinates":[[[[30.077983,61.242865],[30.088286,61.25199],[30.110658,61.259349],[30.082399,61.274362],[30.077395,61.292318],[30.092407,61.307625],[30.124199,61.314101],[30.19779,61.300855],[30.237529,61.301149],[30.261372,61.320871],[30.244005,61.324698],[30.208387,61.32823],[30.19308,61.334412],[30.226048,61.333235],[30.239884,61.336767],[30.24842,61.348247],[30.223105,61.355312],[30.144804,61.355018],[30.163643,61.369736],[30.196906,61.383571],[30.219572,61.40035],[30.206915,61.423899],[30.221927,61.432435],[30.247243,61.453924],[30.264905,61.458045],[30.311414,61.445976],[30.338496,61.442444],[30.350859,61.451275],[30.264905,61.479239],[30.237234,61.4813],[30.226637,61.488659],[30.22546,61.503377],[30.227226,61.526926],[30.253719,61.517212],[30.268731,61.514563],[30.29699,61.519861],[30.316124,61.519861],[30.334669,61.516329],[30.373819,61.496312],[30.415913,61.487776],[30.458891,61.485715],[30.488033,61.491602],[30.472431,61.513385],[30.452415,61.533697],[30.474492,61.531047],[30.498041,61.524571],[30.520118,61.521922],[30.561329,61.540467],[30.619908,61.540761],[30.645812,61.546943],[30.583407,61.57844],[30.575753,61.5805],[30.566628,61.581972],[30.559269,61.584916],[30.556031,61.591981],[30.557503,61.601989],[30.561624,61.60611],[30.5681,61.606404],[30.587528,61.601106],[30.59577,61.601989],[30.601951,61.606699],[30.604012,61.61553],[30.607544,61.624949],[30.616375,61.629659],[30.638158,61.636135],[30.650522,61.644672],[30.703507,61.699718],[30.82037,61.775958],[30.83391,61.780079],[30.84127,61.778608],[30.849512,61.770365],[30.858048,61.766539],[30.893666,61.759179],[30.906324,61.759768],[30.896316,61.752703],[30.864819,61.738574],[30.88513,61.738574],[30.925752,61.732981],[30.926046,61.732392],[30.990512,61.729449],[31.023775,61.723267],[31.049679,61.711198],[31.062631,61.695008],[31.066164,61.677052],[31.06322,61.639373],[31.078233,61.622889],[31.111201,61.613469],[31.143876,61.610231],[31.158888,61.612292],[31.165953,61.638196],[31.184204,61.637607],[31.208636,61.630542],[31.23454,61.636135],[31.228653,61.647027],[31.228947,61.656152],[31.236012,61.662039],[31.248964,61.663511],[31.260444,61.660567],[31.261033,61.654975],[31.258972,61.647027],[31.261916,61.636135],[31.271924,61.621417],[31.283404,61.608465],[31.298123,61.59934],[31.317256,61.595219],[31.316373,61.606404],[31.319317,61.614352],[31.326382,61.619945],[31.337567,61.622595],[31.333152,61.627304],[31.323438,61.642317],[31.337862,61.635252],[31.378484,61.622595],[31.411158,61.593747],[31.434413,61.58521],[31.483866,61.54812],[31.510065,61.534874],[31.522134,61.526926],[31.534497,61.514269],[31.537735,61.505732],[31.538029,61.497195],[31.542445,61.485421],[31.55157,61.474529],[31.56305,61.464521],[31.57247,61.453924],[31.576591,61.440677],[31.592192,61.424487],[31.625161,61.405943],[31.652243,61.398878],[31.652243,61.416245],[31.641351,61.428314],[31.616036,61.440972],[31.604556,61.451275],[31.596608,61.464815],[31.59337,61.478356],[31.598963,61.48601],[31.617802,61.482183],[31.639879,61.468348],[31.700813,61.410358],[31.730838,61.391813],[31.766456,61.376506],[31.804429,61.365909],[31.856826,61.359139],[31.865951,61.352074],[31.882435,61.331468],[31.897448,61.319694],[31.912461,61.312335],[32.210504,61.224467],[32.508548,61.136599],[32.533569,61.118349],[32.569481,61.081259],[32.58155,61.060359],[32.585083,61.032689],[32.582433,61.016793],[32.578901,61.005902],[32.580373,60.998248],[32.591559,60.991772],[32.608632,60.991772],[32.621584,60.997071],[32.629532,60.995599],[32.632475,60.974699],[32.64425,60.960275],[32.721079,60.90258],[32.77848,60.878442],[32.805856,60.861369],[32.817336,60.83782],[32.80615,60.777181],[32.803501,60.745978],[32.814098,60.721546],[32.847361,60.70565],[32.89181,60.696819],[32.932727,60.684162],[32.95451,60.656786],[32.948328,60.628821],[32.925662,60.600857],[32.862079,60.544339],[32.821163,60.515491],[32.809388,60.500773],[32.794081,60.471042],[32.78319,60.457501],[32.772887,60.470453],[32.775242,60.482228],[32.779657,60.493708],[32.776419,60.505777],[32.76229,60.51343],[32.720784,60.520201],[32.677219,60.544044],[32.637774,60.551109],[32.601567,60.544633],[32.585083,60.519023],[32.594797,60.49989],[32.617463,60.474869],[32.642778,60.453086],[32.659557,60.443666],[32.67192,60.439545],[32.680457,60.429242],[32.685461,60.415702],[32.686933,60.40275],[32.682223,60.393919],[32.670743,60.381555],[32.645427,60.361244],[32.629532,60.355357],[32.618346,60.356534],[32.60716,60.360067],[32.591559,60.361244],[32.582433,60.358595],[32.578018,60.352413],[32.57949,60.342994],[32.622467,60.289419],[32.626588,60.278528],[32.626588,60.263515],[32.62335,60.248797],[32.619523,60.2382],[32.569776,60.190807],[32.497951,60.165492],[32.29219,60.133995],[32.263931,60.138116],[32.238616,60.152834],[32.1768,60.207586],[32.164142,60.215828],[32.152073,60.214945],[32.13971,60.211119],[32.125286,60.211119],[32.112628,60.215534],[32.095555,60.22672],[32.083781,60.232313],[32.050223,60.239966],[31.778231,60.246442],[31.762924,60.249386],[31.7485,60.254979],[31.736431,60.258511],[31.731427,60.252918],[31.729072,60.243499],[31.724362,60.235256],[31.588954,60.166964],[31.570409,60.135173],[31.580123,60.140471],[31.593664,60.14577],[31.605733,60.146653],[31.610737,60.138705],[31.606616,60.129285],[31.596902,60.123104],[31.576591,60.114861],[31.545977,60.091018],[31.540973,60.081893],[31.539796,60.072179],[31.537146,60.06217],[31.528904,60.052751],[31.549215,60.036561],[31.56776,60.010068],[31.57718,59.979748],[31.570409,59.950901],[31.537146,59.927057],[31.483572,59.908807],[31.427348,59.900564],[31.385843,59.905863],[31.371125,59.917343],[31.362,59.930001],[31.349342,59.939715],[31.323438,59.943542],[31.271336,59.941187],[31.243665,59.936182],[31.224237,59.926468],[31.186853,59.91646],[31.127391,59.919992],[31.071168,59.93265],[31.042615,59.950901],[31.085592,59.958554],[31.097366,59.964147],[31.102371,59.969446],[31.104137,59.982103],[31.107375,59.987991],[31.113556,59.991817],[31.128275,59.996527],[31.146231,60.008596],[31.155945,60.013011],[31.161243,60.019487],[31.158888,60.032145],[31.150646,60.040976],[31.135634,60.050101],[31.118561,60.057166],[31.104137,60.06011],[31.087652,60.068646],[31.094717,60.088074],[31.110024,60.111035],[31.117972,60.128991],[31.105903,60.152246],[31.081176,60.164609],[31.028485,60.179916],[30.989923,60.206409],[30.961959,60.236728],[30.882186,60.396862],[30.85746,60.43513],[30.823608,60.46486],[30.809773,60.450731],[30.796526,60.440428],[30.78328,60.438956],[30.76915,60.450731],[30.76238,60.464272],[30.762086,60.47899],[30.766795,60.493119],[30.775921,60.505777],[30.759142,60.52079],[30.727939,60.537274],[30.714399,60.55317],[30.713515,60.557879],[30.713515,60.56465],[30.712044,60.572303],[30.706156,60.580251],[30.695854,60.586727],[30.533953,60.629999],[30.5263,60.639713],[30.52836,60.67327],[30.523062,60.686222],[30.499513,60.713304],[30.494214,60.728022],[30.497747,60.737442],[30.507166,60.740091],[30.531893,60.738619],[30.536014,60.742446],[30.529832,60.761579],[30.536603,60.783362],[30.536308,60.80544],[30.532187,60.825751],[30.525122,60.834876],[30.516586,60.83782],[30.499513,60.851655],[30.490976,60.854599],[30.477435,60.855776],[30.445644,60.862841],[30.432692,60.868434],[30.448882,60.881091],[30.457713,60.885801],[30.466838,60.889333],[30.448588,60.897281],[30.379412,60.952622],[30.363222,60.962336],[30.300817,60.989712],[30.254602,61.032689],[30.234585,61.04358],[29.895772,61.165447],[29.816588,61.209602],[29.795688,61.218433],[29.80864,61.223437],[29.825419,61.22432],[29.842198,61.221376],[29.871045,61.205186],[29.912551,61.206952],[29.929035,61.200771],[29.936983,61.191645],[29.941987,61.184286],[29.948169,61.17781],[29.959649,61.169862],[29.976722,61.16162],[29.993795,61.155733],[30.011163,61.153378],[30.02853,61.155733],[30.012635,61.188113],[30.001449,61.201654],[29.987025,61.211073],[29.95906,61.217255],[29.902542,61.221671],[29.877227,61.231973],[29.886352,61.235506],[29.893711,61.236978],[29.901659,61.236094],[29.911373,61.231973],[29.898716,61.243748],[29.878699,61.250813],[29.836899,61.259349],[29.86192,61.264942],[29.872517,61.278483],[29.878699,61.294673],[29.890768,61.307331],[29.909607,61.306742],[30.030002,61.245808],[30.049136,61.239038],[30.068858,61.236978],[30.077983,61.242865]],[[30.796821,61.704133],[30.800942,61.71738],[30.802708,61.732392],[30.780336,61.724445],[30.762674,61.715025],[30.746779,61.702956],[30.730883,61.68706],[30.714987,61.661156],[30.725584,61.651148],[30.775921,61.64997],[30.792111,61.645849],[30.801825,61.639079],[30.810361,61.630837],[30.823608,61.622595],[30.828906,61.620828],[30.836265,61.62024],[30.839798,61.623183],[30.810361,61.667338],[30.795937,61.680584],[30.775921,61.683234],[30.810067,61.683234],[30.804768,61.687943],[30.796821,61.704133]],[[30.85746,61.711787],[30.850984,61.697657],[30.85746,61.68029],[30.874238,61.666455],[30.912506,61.64997],[30.904852,61.667043],[30.907501,61.685],[30.907501,61.700601],[30.8919,61.711198],[30.899554,61.705016],[30.887485,61.712964],[30.871589,61.715908],[30.85746,61.711787]],[[30.631682,61.575791],[30.650522,61.564899],[30.670538,61.558718],[30.686434,61.561072],[30.679369,61.567548],[30.65582,61.582561],[30.617553,61.589037],[30.631682,61.575791]],[[30.565156,61.518978],[30.54926,61.519567],[30.563979,61.505732],[30.582229,61.499845],[30.601363,61.503966],[30.617553,61.519567],[30.610782,61.526926],[30.565156,61.518978]],[[30.337024,61.485421],[30.351742,61.475707],[30.368815,61.468348],[30.387066,61.464227],[30.404728,61.464815],[30.395308,61.472763],[30.384416,61.479239],[30.35969,61.486598],[30.348504,61.487776],[30.337024,61.485421]],[[30.960193,61.412419],[30.885719,61.389164],[30.911328,61.366203],[30.955188,61.357078],[30.988157,61.365615],[30.980798,61.395934],[30.987863,61.395345],[30.992573,61.397406],[30.996399,61.40035],[31.001109,61.402705],[31.008174,61.402705],[31.012589,61.406826],[31.018182,61.409769],[31.025247,61.411241],[30.99846,61.419189],[30.960193,61.412419]],[[31.537441,61.394462],[31.528904,61.375623],[31.53332,61.361199],[31.545977,61.348247],[31.576591,61.32823],[31.619568,61.306447],[31.644884,61.301738],[31.659307,61.314101],[31.651065,61.327642],[31.633403,61.338239],[31.625161,61.348542],[31.646061,61.361788],[31.596902,61.389164],[31.578357,61.395345],[31.55628,61.399172],[31.537441,61.394462]],[[31.67903,61.382099],[31.666078,61.375623],[31.69522,61.371208],[31.7067,61.365909],[31.714354,61.355018],[31.700813,61.355018],[31.713765,61.349425],[31.741729,61.342949],[31.75527,61.337944],[31.819736,61.302915],[31.83887,61.299971],[31.885673,61.300855],[31.873899,61.308214],[31.849172,61.310569],[31.837986,61.314101],[31.832688,61.320283],[31.827684,61.336178],[31.824151,61.341182],[31.801191,61.351485],[31.750855,61.362377],[31.728189,61.375623],[31.720535,61.375623],[31.707289,61.380922],[31.693159,61.383276],[31.67903,61.382099]],[[30.260783,61.375329],[30.321717,61.387103],[30.350859,61.389164],[30.335846,61.395345],[30.304644,61.393579],[30.288748,61.395934],[30.296107,61.395934],[30.26255,61.397995],[30.251069,61.394168],[30.234585,61.382982],[30.260783,61.375329]],[[29.95906,61.239038],[29.980254,61.239038],[29.970835,61.246692],[29.932567,61.261998],[29.918732,61.264942],[29.911373,61.265531],[29.923442,61.249341],[29.939632,61.241687],[29.95906,61.239038]],[[30.621968,60.896693],[30.608722,60.898459],[30.591943,60.892277],[30.575164,60.881091],[30.562212,60.868434],[30.59106,60.856953],[30.605778,60.860191],[30.613726,60.874615],[30.621968,60.896693]]],[[[30.796821,61.704133],[30.796526,61.704722],[30.796526,61.705016],[30.796821,61.704133]]]]}},{"type":"Feature","properties":{"name":"Lake Balkhash","scalerank":0},"geometry":{"type":"Polygon","coordinates":[[[79.052521,46.464019],[79.025733,46.4337],[78.992176,46.407207],[78.953026,46.38513],[78.908577,46.368351],[78.884144,46.365113],[78.794658,46.377771],[78.731075,46.396316],[78.711353,46.394549],[78.67544,46.379831],[78.655129,46.374827],[78.638939,46.37365],[78.622749,46.374533],[78.607736,46.377476],[78.593901,46.382186],[78.546803,46.40603],[78.525314,46.409268],[78.472035,46.406913],[78.456139,46.402497],[78.440832,46.395138],[78.426114,46.383364],[78.417872,46.367468],[78.421698,46.34804],[78.434356,46.338032],[78.467619,46.329201],[78.477039,46.320075],[78.471151,46.294466],[78.440832,46.287401],[78.404625,46.295054],[78.380193,46.313305],[78.387846,46.313305],[78.366947,46.339798],[78.338099,46.356577],[78.306896,46.362169],[78.278932,46.354222],[78.292178,46.34804],[78.261859,46.330967],[78.14794,46.345979],[78.107317,46.34127],[78.107317,46.333616],[78.117031,46.332439],[78.126157,46.333027],[78.134988,46.335971],[78.142641,46.34127],[78.150589,46.33391],[78.160303,46.329495],[78.170606,46.327434],[78.18238,46.327434],[78.164424,46.312422],[78.132044,46.311539],[78.042852,46.324785],[78.02048,46.336854],[77.976914,46.368351],[77.871237,46.425752],[77.811481,46.438704],[77.757613,46.423103],[77.757613,46.415449],[77.777335,46.421631],[77.799118,46.423986],[77.820607,46.42222],[77.839152,46.415449],[77.822667,46.409562],[77.800884,46.405441],[77.76144,46.402497],[77.743778,46.396021],[77.728765,46.383658],[77.713753,46.375416],[77.695502,46.382186],[77.705216,46.390723],[77.737302,46.409268],[77.595124,46.41957],[77.485032,46.460487],[77.451474,46.488157],[77.433224,46.499343],[77.411735,46.506113],[77.387303,46.506408],[77.364342,46.499049],[77.316067,46.475794],[77.283098,46.467846],[77.264553,46.454011],[77.253661,46.451067],[77.243947,46.453422],[77.236883,46.458721],[77.230701,46.465491],[77.222753,46.47079],[77.203325,46.478149],[77.179776,46.483742],[77.156521,46.483742],[77.137682,46.474617],[77.118254,46.459604],[77.09706,46.45195],[77.073216,46.449596],[77.044663,46.451067],[76.928978,46.478443],[76.9278,46.457249],[76.912493,46.457838],[76.792098,46.51936],[76.752065,46.532606],[76.397356,46.540848],[76.3794,46.545264],[76.304043,46.575583],[76.281082,46.579116],[76.263126,46.573817],[76.27755,46.567636],[76.28432,46.566458],[76.28432,46.560276],[76.264009,46.56322],[76.256945,46.566458],[76.257828,46.545264],[76.246347,46.544381],[76.228097,46.551151],[76.208374,46.553506],[76.214556,46.532312],[76.199249,46.527308],[76.124186,46.535256],[76.084741,46.54497],[76.061781,46.547324],[76.057366,46.542909],[76.061781,46.533195],[76.069435,46.523775],[76.075616,46.51936],[76.079737,46.517299],[76.078265,46.512884],[76.07385,46.508174],[76.068551,46.506408],[76.062075,46.507291],[76.049418,46.511412],[76.044708,46.512295],[75.941681,46.506408],[75.941681,46.512295],[75.949334,46.513178],[75.969351,46.51936],[75.960814,46.531429],[75.951983,46.534961],[75.924607,46.532901],[75.892227,46.54497],[75.873977,46.547619],[75.859553,46.52613],[75.843952,46.521126],[75.808039,46.51936],[75.800974,46.517299],[75.783901,46.50788],[75.777131,46.506408],[75.771244,46.509646],[75.767417,46.516416],[75.762707,46.522598],[75.752993,46.525542],[75.724734,46.530251],[75.710016,46.53084],[75.695298,46.525542],[75.686172,46.51465],[75.67793,46.490807],[75.667333,46.484625],[75.657619,46.485214],[75.654381,46.490512],[75.651732,46.496105],[75.643195,46.498754],[75.636131,46.496988],[75.611993,46.484625],[75.594036,46.478149],[75.576669,46.474028],[75.537519,46.47079],[75.548116,46.484625],[75.579024,46.501992],[75.585206,46.515828],[75.576375,46.52613],[75.52074,46.556744],[75.475996,46.603842],[75.468637,46.615028],[75.470698,46.626803],[75.478351,46.632396],[75.486005,46.635339],[75.489537,46.638872],[75.490715,46.648586],[75.493953,46.655356],[75.500429,46.660066],[75.510143,46.662715],[75.513969,46.649763],[75.516913,46.64211],[75.515736,46.626803],[75.533103,46.620916],[75.556358,46.624154],[75.571665,46.635339],[75.561068,46.641521],[75.563423,46.647997],[75.573137,46.653001],[75.585206,46.655945],[75.573137,46.670957],[75.552531,46.676845],[75.491598,46.675667],[75.479234,46.673312],[75.468049,46.668897],[75.455685,46.662715],[75.427132,46.638872],[75.417418,46.635339],[75.401522,46.626214],[75.402405,46.60502],[75.411531,46.581765],[75.42095,46.566458],[75.427721,46.560571],[75.434491,46.55645],[75.43979,46.549679],[75.44185,46.536433],[75.445088,46.524953],[75.45333,46.517299],[75.475996,46.506408],[75.475702,46.503464],[75.475113,46.501404],[75.47423,46.499932],[75.472464,46.499343],[75.460101,46.494045],[75.445971,46.496694],[75.435669,46.495222],[75.434491,46.478443],[75.430076,46.483742],[75.41889,46.493456],[75.41418,46.498754],[75.4027,46.48227],[75.38857,46.46608],[75.371497,46.455483],[75.352658,46.457249],[75.354718,46.460487],[75.356779,46.467552],[75.35884,46.47079],[75.340883,46.474617],[75.332641,46.489335],[75.332936,46.504936],[75.342061,46.512295],[75.356779,46.515828],[75.352364,46.522892],[75.336762,46.529957],[75.318217,46.532901],[75.278478,46.529074],[75.262582,46.522304],[75.256401,46.509352],[75.260816,46.50523],[75.27995,46.496399],[75.283482,46.491984],[75.277301,46.486391],[75.242566,46.478443],[75.266998,46.460487],[75.276123,46.449007],[75.266704,46.443414],[75.251691,46.438704],[75.227259,46.418687],[75.208419,46.415449],[75.214601,46.423103],[75.200472,46.422808],[75.176923,46.417216],[75.163382,46.415449],[75.153373,46.419865],[75.146309,46.426635],[75.139833,46.428107],[75.132768,46.415449],[75.12276,46.42428],[75.111574,46.430756],[75.09921,46.434877],[75.084492,46.437527],[75.084492,46.443414],[75.10186,46.454011],[75.127175,46.479032],[75.146603,46.484625],[75.132768,46.49846],[75.110985,46.490807],[75.074484,46.460781],[75.058588,46.439882],[75.049463,46.41957],[75.037983,46.401909],[75.0162,46.388957],[74.995005,46.38513],[74.972045,46.386896],[74.949673,46.393666],[74.931128,46.40603],[74.910229,46.415155],[74.896394,46.403969],[74.866074,46.331556],[74.86107,46.313599],[74.859009,46.29005],[74.853416,46.267679],[74.839581,46.249134],[74.792777,46.204979],[74.785124,46.191438],[74.786301,46.17672],[74.800725,46.159353],[74.811617,46.139041],[74.801314,46.120496],[74.781297,46.105484],[74.763047,46.094592],[74.708295,46.073693],[74.691222,46.090766],[74.655898,46.082524],[74.628228,46.059563],[74.632643,46.032776],[74.560524,46.008638],[74.551104,46.013348],[74.543745,46.009227],[74.533148,45.994803],[74.521079,45.98921],[74.511365,45.992154],[74.49547,46.0054],[74.459263,46.028949],[74.443661,46.036014],[74.423939,46.038663],[74.398624,46.03572],[74.353292,46.021296],[74.331509,46.018352],[74.302367,46.020413],[74.290003,46.018352],[74.279995,46.013937],[74.258506,46.00069],[74.231425,45.988621],[74.230247,45.967722],[74.239667,45.944761],[74.249676,45.929749],[74.26616,45.909732],[74.279112,45.890304],[74.28706,45.86911],[74.290003,45.843794],[74.293241,45.834375],[74.308254,45.815241],[74.311786,45.809942],[74.313553,45.804055],[74.322089,45.79493],[74.32415,45.789042],[74.322383,45.785804],[74.318262,45.783155],[74.314141,45.7808],[74.311786,45.77874],[74.30531,45.767848],[74.296774,45.759312],[74.28706,45.753424],[74.276168,45.751658],[74.281467,45.762255],[74.27764,45.769909],[74.26822,45.774913],[74.256446,45.77874],[74.245849,45.774619],[74.237312,45.767554],[74.231719,45.759312],[74.228481,45.751658],[74.230542,45.731641],[74.239667,45.721044],[74.255268,45.72075],[74.276168,45.731641],[74.327388,45.701911],[74.339162,45.690725],[74.331509,45.683071],[74.339162,45.676301],[74.322972,45.660111],[74.299717,45.662466],[74.249676,45.683071],[74.26145,45.666881],[74.27087,45.650103],[74.27087,45.630675],[74.256446,45.608009],[74.23584,45.595351],[74.1596,45.580927],[74.12045,45.562088],[74.084537,45.539127],[74.071585,45.520877],[74.070408,45.504687],[74.079827,45.489969],[74.098078,45.477017],[74.070113,45.426386],[74.07394,45.411668],[74.089541,45.390473],[74.091308,45.374872],[74.08542,45.363392],[74.076589,45.356916],[74.072763,45.349851],[74.081005,45.337194],[74.095134,45.328363],[74.113091,45.32483],[74.131047,45.326302],[74.145765,45.333956],[74.140761,45.340432],[74.142233,45.346319],[74.148709,45.351323],[74.1596,45.354267],[74.167842,45.318649],[74.160778,45.287446],[74.14812,45.256538],[74.139583,45.223863],[74.139878,45.205024],[74.148709,45.133788],[74.17373,45.087278],[74.159306,45.073149],[74.140172,45.062552],[74.116917,45.055487],[74.087775,45.053132],[74.074823,45.050189],[74.069819,45.042829],[74.072174,45.032527],[74.081005,45.021635],[74.118978,45.036353],[74.132224,45.039003],[74.116329,45.015454],[74.111913,45.004856],[74.127809,44.998969],[74.140172,44.98484],[74.144293,44.970416],[74.136051,44.96394],[74.126043,44.966589],[74.098078,44.991021],[74.080711,44.986017],[74.001821,44.998086],[74.006531,45.007211],[74.009474,45.011038],[74.004176,45.013982],[73.993873,45.02193],[73.98828,45.024579],[73.999172,45.031938],[74.029197,45.045773],[74.035967,45.053132],[74.031552,45.060491],[73.998877,45.083746],[73.991813,45.094638],[73.988575,45.105529],[73.98828,45.131433],[73.994167,45.137615],[74.024487,45.13997],[74.035967,45.14203],[74.025664,45.145562],[74.015656,45.15145],[74.007414,45.159398],[74.001821,45.169112],[74.008003,45.177943],[74.00447,45.186479],[73.994462,45.193249],[73.98151,45.196487],[73.98151,45.202964],[73.99976,45.201492],[74.007119,45.207085],[74.003293,45.215916],[73.98828,45.223863],[73.957666,45.213855],[73.925875,45.212678],[73.896144,45.220625],[73.872301,45.237404],[73.868768,45.242703],[73.86347,45.252711],[73.858466,45.25801],[73.853756,45.260659],[73.84463,45.262425],[73.838154,45.26478],[73.824319,45.272139],[73.813134,45.281264],[73.811367,45.29245],[73.824319,45.30658],[73.801948,45.320415],[73.728357,45.354267],[73.742486,45.358388],[73.747785,45.357799],[73.756027,45.354267],[73.762503,45.361037],[73.739542,45.368102],[73.717465,45.380465],[73.697448,45.396655],[73.680375,45.415789],[73.668601,45.436394],[73.648878,45.482609],[73.635632,45.501449],[73.617087,45.514989],[73.537903,45.557084],[73.519064,45.56356],[73.471082,45.566503],[73.455187,45.572685],[73.436642,45.588286],[73.425162,45.60742],[73.429871,45.624787],[73.433698,45.632735],[73.434287,45.643921],[73.433404,45.665704],[73.437231,45.676301],[73.44665,45.67895],[73.491394,45.674829],[73.506112,45.675418],[73.513765,45.685721],[73.516709,45.724871],[73.52083,45.73223],[73.527895,45.736057],[73.539669,45.737234],[73.552327,45.74165],[73.559392,45.750186],[73.55792,45.755779],[73.543202,45.751658],[73.523185,45.76726],[73.466373,45.772264],[73.443707,45.782272],[73.424279,45.795518],[73.423101,45.8017],[73.433404,45.813475],[73.439291,45.816418],[73.468139,45.826721],[73.471377,45.831431],[73.472554,45.837318],[73.476381,45.842911],[73.487861,45.847032],[73.514943,45.819362],[73.522596,45.813475],[73.567339,45.811414],[73.57411,45.809942],[73.587356,45.822306],[73.590006,45.829665],[73.591183,45.857335],[73.593538,45.867638],[73.59972,45.873819],[73.612083,45.874997],[73.609728,45.879707],[73.606784,45.890892],[73.604724,45.895602],[73.62739,45.897368],[73.645935,45.908554],[73.652116,45.925627],[73.63887,45.943878],[73.664774,45.962717],[73.672722,45.973314],[73.663302,45.978024],[73.653588,45.981557],[73.665657,45.988621],[73.688029,45.995686],[73.707457,45.998041],[73.705691,45.993331],[73.702747,45.98244],[73.700981,45.978024],[73.729828,45.97302],[73.742781,45.972726],[73.756027,45.978024],[73.738071,45.985678],[73.735421,45.994214],[73.737776,46.004811],[73.735127,46.018352],[73.727179,46.026594],[73.714522,46.034248],[73.660653,46.058386],[73.640636,46.073104],[73.637398,46.091649],[73.65977,46.115198],[73.649761,46.117847],[73.641225,46.122263],[73.635043,46.129033],[73.632688,46.138747],[73.636809,46.141691],[73.646229,46.143163],[73.655649,46.147578],[73.668601,46.179369],[73.689206,46.188495],[73.714227,46.189083],[73.735127,46.18349],[73.739248,46.207334],[73.753672,46.224701],[73.769273,46.230883],[73.776632,46.220875],[73.783403,46.204685],[73.83109,46.162296],[73.847574,46.192321],[73.858171,46.199386],[73.879071,46.204685],[73.897616,46.20704],[73.913806,46.206745],[73.929996,46.203507],[73.973562,46.184668],[73.984748,46.184374],[74.001821,46.190261],[74.03214,46.207923],[74.045092,46.219403],[74.050391,46.231177],[74.040971,46.222935],[74.030963,46.221169],[74.005648,46.223818],[73.995934,46.227351],[73.995345,46.236182],[74.001821,46.25561],[73.997111,46.265029],[73.985631,46.263852],[73.971796,46.259436],[73.960904,46.259142],[73.954723,46.266795],[73.948835,46.288873],[73.940593,46.29947],[73.955606,46.310067],[73.972973,46.315071],[73.982393,46.322725],[73.974739,46.34127],[74.070113,46.415449],[74.101316,46.433406],[74.13399,46.441353],[74.167254,46.440176],[74.2014,46.429873],[74.218473,46.440176],[74.232897,46.456366],[74.249381,46.471673],[74.27293,46.478443],[74.299717,46.48227],[74.351231,46.497577],[74.379196,46.498754],[74.377724,46.50994],[74.390676,46.533784],[74.394208,46.550268],[74.399801,46.56322],[74.413931,46.571462],[74.499885,46.591479],[74.512543,46.597955],[74.519902,46.600016],[74.52785,46.597661],[74.534326,46.597072],[74.536975,46.604431],[74.536092,46.62798],[74.559935,46.722177],[74.571121,46.738956],[74.587606,46.748081],[74.59732,46.746903],[74.606739,46.742194],[74.622341,46.738956],[74.637942,46.743077],[74.633232,46.752791],[74.611449,46.772513],[74.763047,46.779872],[74.80779,46.772513],[74.849001,46.772513],[74.86107,46.778695],[74.875199,46.809014],[74.886385,46.821083],[74.928185,46.804599],[74.947024,46.80401],[74.964686,46.830503],[74.983231,46.834918],[74.998244,46.827853],[74.995594,46.806659],[74.987058,46.800772],[74.976166,46.798123],[74.969985,46.793119],[74.975283,46.779872],[74.986175,46.771924],[74.998832,46.772219],[75.010607,46.776928],[75.019438,46.78311],[75.033567,46.7993],[75.041221,46.804599],[75.069774,46.81078],[75.069774,46.820494],[75.064181,46.831975],[75.064475,46.840806],[75.084787,46.849931],[75.093029,46.831975],[75.098033,46.806365],[75.108924,46.793707],[75.12276,46.788703],[75.180455,46.758972],[75.246392,46.741899],[75.266704,46.728064],[75.285837,46.721294],[75.312624,46.723354],[75.35884,46.731596],[75.489537,46.734246],[75.589621,46.763682],[75.609049,46.765743],[75.628477,46.770158],[75.669982,46.789292],[75.684701,46.793707],[75.692943,46.79253],[75.707072,46.787231],[75.712077,46.786348],[75.722379,46.788114],[75.740041,46.79724],[75.749755,46.800478],[75.769772,46.799889],[75.804801,46.788997],[75.821874,46.786348],[75.854254,46.798123],[75.888401,46.821083],[75.924607,46.835213],[75.961992,46.821083],[75.93962,46.810192],[75.946096,46.796945],[75.957282,46.783405],[75.94904,46.772513],[75.94904,46.765743],[75.970234,46.766626],[75.987896,46.769275],[76.003203,46.77369],[76.017332,46.779872],[76.028518,46.787526],[76.035583,46.794002],[76.043825,46.798711],[76.058249,46.800478],[76.069435,46.786054],[76.076499,46.781344],[76.079443,46.789881],[76.100637,46.803716],[76.148619,46.801949],[76.22898,46.786348],[76.328769,46.744548],[76.362916,46.738956],[76.371452,46.730419],[76.374101,46.710697],[76.372924,46.673312],[76.378517,46.658888],[76.390291,46.646231],[76.402066,46.644759],[76.40707,46.662715],[76.490375,46.629158],[76.510392,46.615323],[76.5204,46.613556],[76.524522,46.625331],[76.524522,46.63946],[76.525993,46.646231],[76.530114,46.650352],[76.538062,46.655945],[76.548071,46.660949],[76.597229,46.675667],[76.609593,46.675079],[76.660518,46.665953],[76.682006,46.665953],[76.701729,46.671252],[76.722334,46.683909],[76.728221,46.675373],[76.729988,46.665659],[76.726455,46.656239],[76.715564,46.649469],[76.729988,46.631513],[76.757364,46.617972],[76.850677,46.591479],[76.907489,46.56793],[76.935454,46.560276],[76.909844,46.585297],[76.868339,46.617972],[76.832721,46.652707],[76.825362,46.683909],[76.84008,46.690974],[76.861568,46.681849],[76.911316,46.640638],[76.920441,46.636811],[76.932216,46.635339],[76.94399,46.635928],[76.969306,46.64211],[77.019348,46.64682],[77.062619,46.635634],[77.100886,46.610613],[77.133855,46.573817],[77.135621,46.566164],[77.132678,46.559982],[77.13415,46.554095],[77.148279,46.547324],[77.159759,46.546736],[77.227757,46.55851],[77.240415,46.571168],[77.250423,46.586769],[77.26367,46.601193],[77.283392,46.61179],[77.306941,46.617972],[77.389069,46.623565],[77.462954,46.64211],[77.619262,46.631807],[77.647815,46.64211],[77.628093,46.64682],[77.614552,46.656534],[77.614258,46.665953],[77.634863,46.670074],[77.642222,46.668014],[77.660178,46.6583],[77.669009,46.655945],[77.678429,46.657417],[77.709926,46.670074],[77.729943,46.655356],[77.767032,46.648586],[77.839152,46.649469],[77.87683,46.658005],[77.893609,46.657711],[77.958958,46.627097],[78.038436,46.601193],[78.058453,46.597072],[78.072288,46.598249],[78.118503,46.611201],[78.134399,46.61179],[78.149117,46.606786],[78.162364,46.594423],[78.18238,46.560276],[78.19651,46.551151],[78.217115,46.560276],[78.231833,46.545264],[78.244197,46.499049],[78.258032,46.478443],[78.267452,46.472556],[78.29836,46.459604],[78.309546,46.457249],[78.326619,46.461665],[78.331034,46.47285],[78.326619,46.502581],[78.332506,46.509057],[78.359293,46.522892],[78.367241,46.532901],[78.365475,46.544086],[78.349873,46.567341],[78.346047,46.57735],[78.347813,46.63269],[78.3537,46.66301],[78.367241,46.683909],[78.380487,46.670957],[78.387846,46.653001],[78.388141,46.632984],[78.380193,46.615028],[78.402565,46.604137],[78.410807,46.617972],[78.413456,46.641227],[78.418755,46.659183],[78.42788,46.667425],[78.4373,46.672724],[78.447602,46.675373],[78.459671,46.676256],[78.464087,46.67184],[78.455256,46.660949],[78.435533,46.64211],[78.436417,46.632984],[78.441421,46.620032],[78.448485,46.607669],[78.456139,46.601193],[78.461437,46.60502],[78.475273,46.624448],[78.480571,46.629158],[78.488519,46.633868],[78.49058,46.644759],[78.49058,46.657122],[78.493818,46.666542],[78.510891,46.681849],[78.531496,46.69745],[78.573296,46.717173],[78.580949,46.72777],[78.58507,46.738956],[78.590958,46.748375],[78.60391,46.751908],[78.627459,46.748964],[78.68957,46.731596],[78.703699,46.732185],[78.730486,46.738367],[78.744027,46.738956],[78.755213,46.73454],[78.771992,46.720411],[78.782589,46.717173],[78.792891,46.708342],[78.807021,46.686853],[78.817912,46.662126],[78.819679,46.64211],[78.815852,46.638577],[78.808493,46.634751],[78.792597,46.629158],[78.792597,46.621799],[78.923,46.630041],[78.93242,46.635928],[78.919174,46.652707],[78.903278,46.660949],[78.864128,46.670074],[78.847643,46.676256],[78.798484,46.730419],[78.768459,46.747492],[78.769048,46.766331],[78.779645,46.785171],[78.795835,46.793707],[78.819973,46.796062],[78.866188,46.805776],[78.887971,46.806659],[78.924178,46.793119],[78.954203,46.769864],[78.987172,46.749553],[79.031915,46.745137],[79.0275,46.753674],[79.026617,46.763093],[79.026617,46.77369],[79.025145,46.786348],[79.016608,46.804893],[79.018669,46.811958],[79.031915,46.821083],[79.049577,46.821672],[79.118753,46.816079],[79.138475,46.809897],[79.169383,46.786348],[79.179686,46.77634],[79.191166,46.757206],[79.197937,46.74867],[79.225607,46.736012],[79.237676,46.713935],[79.258576,46.662715],[79.240031,46.622976],[79.222074,46.604137],[79.199997,46.611201],[79.183218,46.612673],[79.093437,46.601193],[79.079013,46.596483],[79.075481,46.593834],[79.075775,46.587947],[79.068122,46.554978],[79.065473,46.494928],[79.061352,46.479621],[79.052521,46.464019]]]}},{"type":"Feature","properties":{"name":"Lake Albert","scalerank":0},"geometry":{"type":"Polygon","coordinates":[[[31.366121,2.271427],[31.360528,2.262302],[31.358173,2.253471],[31.359645,2.208139],[31.361705,2.199308],[31.374657,2.184296],[31.389376,2.161041],[31.394674,2.137492],[31.378484,2.120713],[31.403799,2.058308],[31.405271,2.02475],[31.385549,1.997374],[31.403799,1.95322],[31.406154,1.938796],[31.406154,1.914658],[31.404388,1.909065],[31.402033,1.904944],[31.399973,1.89994],[31.394674,1.863144],[31.381133,1.837829],[31.359645,1.824288],[31.330797,1.832825],[31.321966,1.812219],[31.315784,1.759823],[31.309603,1.737156],[31.295768,1.711841],[31.281933,1.695651],[31.24131,1.668275],[31.183909,1.614407],[31.123565,1.582027],[31.111201,1.578789],[31.097955,1.580555],[31.086475,1.584676],[31.075583,1.586148],[31.06322,1.578789],[31.05645,1.583498],[31.049679,1.586442],[31.036727,1.556123],[31.008174,1.541993],[30.974322,1.532868],[30.946652,1.517561],[30.928696,1.49254],[30.898376,1.433373],[30.730883,1.239681],[30.72058,1.22408],[30.718814,1.208773],[30.718814,1.192877],[30.714399,1.174921],[30.604012,1.058058],[30.60725,1.052171],[30.606661,1.048344],[30.601363,1.04599],[30.590471,1.044518],[30.599891,1.038925],[30.604012,1.037747],[30.604012,1.031566],[30.59106,1.027445],[30.577519,1.028033],[30.56545,1.033626],[30.556031,1.044518],[30.546611,1.038042],[30.542196,1.029799],[30.539546,1.021557],[30.533659,1.013904],[30.530421,1.024207],[30.531304,1.034509],[30.533953,1.045695],[30.53572,1.058058],[30.517469,1.041574],[30.506283,1.034509],[30.497747,1.034509],[30.491859,1.044812],[30.495686,1.054526],[30.503045,1.063946],[30.507755,1.072482],[30.509816,1.09456],[30.5054,1.108395],[30.497158,1.121052],[30.488033,1.140775],[30.494214,1.159908],[30.487444,1.181103],[30.486266,1.199059],[30.507755,1.209067],[30.507755,1.215838],[30.493331,1.223491],[30.466838,1.250573],[30.465661,1.255577],[30.460657,1.266174],[30.455064,1.271472],[30.452415,1.260581],[30.452415,1.229673],[30.447999,1.230261],[30.44741,1.231145],[30.447705,1.232911],[30.446233,1.236443],[30.436224,1.225552],[30.432692,1.222608],[30.430337,1.239681],[30.421212,1.254105],[30.407671,1.26117],[30.392364,1.256754],[30.391481,1.26794],[30.39207,1.278537],[30.394425,1.288546],[30.398546,1.297671],[30.385888,1.310329],[30.392953,1.323869],[30.408849,1.334761],[30.422095,1.339471],[30.452415,1.401287],[30.465661,1.420715],[30.476847,1.441615],[30.484795,1.463987],[30.488033,1.486358],[30.490976,1.496661],[30.49863,1.509024],[30.508638,1.519327],[30.518352,1.523743],[30.526006,1.529041],[30.541901,1.555239],[30.54926,1.565248],[30.596359,1.587325],[30.62138,1.602926],[30.631977,1.623826],[30.638453,1.645609],[30.654054,1.662977],[30.724996,1.706837],[30.734415,1.715668],[30.745012,1.745693],[30.751488,1.750109],[30.765912,1.756879],[30.816249,1.798679],[30.912506,1.90671],[30.954011,1.929082],[30.983742,1.93232],[30.994928,1.935264],[31.004936,1.940856],[31.012001,1.948804],[31.017888,1.95793],[31.025247,1.966466],[31.067047,2.002673],[31.111201,2.031521],[31.120915,2.035053],[31.142698,2.040352],[31.152118,2.045061],[31.160655,2.054775],[31.175373,2.079502],[31.183026,2.08951],[31.201571,2.106583],[31.211285,2.111588],[31.224237,2.113354],[31.236895,2.116886],[31.239544,2.126012],[31.238661,2.137197],[31.24131,2.1475],[31.294296,2.190772],[31.303421,2.205784],[31.306365,2.22639],[31.314313,2.245229],[31.325204,2.262302],[31.367593,2.309989],[31.386432,2.322647],[31.439123,2.341192],[31.450898,2.348256],[31.4612,2.359737],[31.465616,2.371511],[31.469443,2.39771],[31.474741,2.408307],[31.474447,2.358854],[31.467971,2.335893],[31.450603,2.326179],[31.432353,2.321175],[31.412042,2.3094],[31.378484,2.284674],[31.372597,2.279375],[31.366121,2.271427]]]}},{"type":"Feature","properties":{"name":"Lake Malawi","scalerank":0},"geometry":{"type":"Polygon","coordinates":[[[35.224646,-14.384578],[35.222585,-14.380751],[35.174604,-14.339835],[35.155765,-14.310693],[35.143696,-14.297152],[35.126917,-14.291559],[35.122796,-14.285377],[35.098069,-14.256824],[35.092182,-14.24711],[35.084234,-14.218557],[35.0651,-14.186177],[35.040668,-14.164982],[35.017708,-14.168515],[35.012998,-14.162922],[35.001223,-14.153208],[34.996514,-14.147321],[34.964133,-14.155268],[34.941762,-14.127598],[34.933225,-14.086093],[34.942056,-14.051652],[34.928515,-14.043704],[34.906438,-14.021333],[34.893486,-14.01103],[34.863167,-14.002493],[34.844033,-14.015445],[34.840206,-14.041055],[34.856102,-14.069608],[34.862578,-14.093452],[34.844916,-14.117001],[34.821956,-14.141433],[34.812242,-14.168515],[34.816657,-14.17764],[34.824605,-14.187943],[34.830787,-14.197951],[34.82902,-14.206193],[34.817835,-14.213258],[34.813713,-14.217968],[34.812242,-14.226504],[34.805766,-14.237985],[34.790164,-14.247699],[34.771914,-14.254469],[34.75749,-14.257118],[34.741594,-14.262123],[34.72511,-14.270953],[34.709214,-14.27478],[34.69479,-14.264772],[34.69273,-14.250054],[34.698028,-14.237102],[34.698617,-14.22415],[34.681838,-14.209431],[34.664176,-14.20325],[34.64887,-14.201778],[34.634151,-14.197657],[34.616784,-14.185294],[34.60913,-14.174696],[34.601183,-14.159684],[34.595001,-14.143494],[34.592646,-14.130247],[34.586759,-14.11965],[34.551141,-14.079028],[34.546136,-14.064899],[34.529063,-13.97865],[34.534067,-13.95304],[34.549963,-13.931552],[34.575867,-13.90447],[34.582638,-13.89299],[34.600005,-13.84648],[34.598828,-13.838533],[34.591763,-13.822048],[34.592646,-13.812334],[34.598239,-13.804975],[34.615312,-13.792023],[34.620316,-13.78437],[34.622377,-13.765825],[34.618844,-13.751695],[34.618844,-13.73786],[34.63003,-13.719609],[34.63474,-13.703419],[34.62326,-13.689879],[34.607659,-13.678398],[34.600005,-13.668096],[34.594118,-13.654261],[34.564681,-13.628357],[34.551141,-13.613638],[34.538189,-13.585674],[34.530535,-13.573899],[34.517289,-13.565068],[34.501687,-13.563596],[34.470485,-13.575077],[34.45194,-13.578315],[34.438105,-13.574194],[34.428391,-13.564185],[34.420149,-13.551822],[34.400721,-13.529156],[34.379526,-13.483824],[34.325069,-13.395809],[34.312411,-13.363135],[34.308879,-13.329871],[34.321537,-13.301612],[34.343025,-13.271882],[34.348029,-13.243917],[34.33861,-13.174741],[34.336844,-13.012252],[34.325069,-12.961916],[34.326541,-12.944843],[34.334194,-12.915112],[34.331251,-12.900983],[34.328307,-12.910991],[34.323008,-12.922471],[34.315649,-12.928359],[34.307996,-12.921588],[34.305641,-12.909519],[34.311823,-12.886265],[34.311234,-12.873313],[34.300048,-12.855651],[34.269729,-12.829158],[34.263547,-12.808258],[34.277088,-12.759688],[34.27591,-12.738199],[34.238232,-12.722009],[34.222925,-12.704642],[34.202025,-12.667552],[34.186423,-12.621631],[34.182008,-12.596316],[34.181714,-12.571589],[34.184657,-12.546863],[34.189073,-12.537737],[34.198492,-12.52714],[34.204968,-12.517721],[34.205557,-12.508595],[34.202025,-12.486224],[34.171117,-12.397031],[34.147862,-12.382313],[34.128139,-12.382313],[34.108417,-12.385551],[34.085457,-12.380253],[34.087517,-12.372599],[34.086045,-12.36318],[34.080747,-12.355526],[34.062791,-12.348461],[34.059553,-12.339336],[34.058964,-12.32815],[34.057492,-12.318436],[34.039536,-12.270455],[34.03041,-12.205695],[34.030116,-12.188033],[34.041891,-12.139463],[34.045717,-12.107377],[34.057492,-12.05763],[34.062496,-12.019362],[34.068972,-12.001995],[34.08163,-11.985805],[34.195254,-11.89985],[34.182891,-11.879539],[34.182891,-11.850397],[34.190839,-11.820372],[34.202025,-11.798],[34.211739,-11.788875],[34.235288,-11.775334],[34.246474,-11.766798],[34.250006,-11.761499],[34.253538,-11.749136],[34.257365,-11.742954],[34.263841,-11.736773],[34.274733,-11.730591],[34.315649,-11.692324],[34.324186,-11.672307],[34.325069,-11.639927],[34.31977,-11.61314],[34.314766,-11.59901],[34.307996,-11.589002],[34.303286,-11.578699],[34.30358,-11.549557],[34.284152,-11.478615],[34.277382,-11.353511],[34.257365,-11.296698],[34.248534,-11.286984],[34.239409,-11.280803],[34.232344,-11.272266],[34.229401,-11.25637],[34.23205,-11.231349],[34.231756,-11.221047],[34.226163,-11.211627],[34.214977,-11.185723],[34.222042,-11.160408],[34.249712,-11.112132],[34.235582,-11.093293],[34.229106,-11.060324],[34.232933,-10.934336],[34.21586,-10.741822],[34.202025,-10.687659],[34.202613,-10.672058],[34.208795,-10.637617],[34.20909,-10.625548],[34.200847,-10.608769],[34.189073,-10.593462],[34.183185,-10.577861],[34.191428,-10.560494],[34.198492,-10.554018],[34.22263,-10.539888],[34.229401,-10.532823],[34.228812,-10.525464],[34.224985,-10.517516],[34.22263,-10.50898],[34.220864,-10.477483],[34.226457,-10.468358],[34.243236,-10.454228],[34.251772,-10.45099],[34.258543,-10.452462],[34.264724,-10.451285],[34.270906,-10.440687],[34.268845,-10.437744],[34.257365,-10.412723],[34.247062,-10.377988],[34.239115,-10.364153],[34.203497,-10.323825],[34.192605,-10.308224],[34.187895,-10.293211],[34.181125,-10.279082],[34.164935,-10.264952],[34.133438,-10.241992],[34.077803,-10.186651],[33.995381,-10.068906],[33.966239,-10.001791],[33.955053,-9.933498],[33.955053,-9.899352],[33.952698,-9.889638],[33.946517,-9.886694],[33.938569,-9.885811],[33.930915,-9.881984],[33.907366,-9.827233],[33.899713,-9.758057],[33.904423,-9.725383],[33.911862,-9.717959],[33.928296,-9.700285],[33.928296,-9.693464],[33.943075,-9.683852],[33.951343,-9.67362],[33.954857,-9.660598],[33.955581,-9.642304],[33.962609,-9.612125],[33.964469,-9.594659],[33.945866,-9.55001],[33.960748,-9.524896],[33.984313,-9.505569],[33.996508,-9.491823],[34.012735,-9.477457],[34.047461,-9.489962],[34.078491,-9.510186],[34.089319,-9.522208],[34.103169,-9.529856],[34.137068,-9.570577],[34.144613,-9.574918],[34.161873,-9.593625],[34.19025,-9.60646],[34.288067,-9.70845],[34.317936,-9.719199],[34.32424,-9.732428],[34.326721,-9.750308],[34.331682,-9.769222],[34.33747,-9.77718],[34.35969,-9.799918],[34.364238,-9.802398],[34.382325,-9.819658],[34.383462,-9.823792],[34.4833,-9.946162],[34.494669,-9.966729],[34.524745,-10.008794],[34.536424,-10.043003],[34.537767,-10.053855],[34.5357,-10.065328],[34.526812,-10.084861],[34.524745,-10.094783],[34.532393,-10.12889],[34.565569,-10.202684],[34.575078,-10.255807],[34.583449,-10.277614],[34.58562,-10.290017],[34.58531,-10.300662],[34.565053,-10.409803],[34.569497,-10.431404],[34.58872,-10.463133],[34.592958,-10.481736],[34.590787,-10.491245],[34.581486,-10.513672],[34.579419,-10.526488],[34.581072,-10.539717],[34.585723,-10.553567],[34.592338,-10.566692],[34.600399,-10.578061],[34.608874,-10.581989],[34.617556,-10.581472],[34.624377,-10.583436],[34.627168,-10.595114],[34.626341,-10.614338],[34.629028,-10.620229],[34.650525,-10.645344],[34.660034,-10.665498],[34.660861,-10.687305],[34.647631,-10.708389],[34.653936,-10.717588],[34.655693,-10.722032],[34.65993,-10.727716],[34.666442,-10.732367],[34.672436,-10.739498],[34.67502,-10.752418],[34.662824,-10.761409],[34.656727,-10.769884],[34.660551,-10.796032],[34.647631,-10.858561],[34.647631,-10.902899],[34.645461,-10.913235],[34.627064,-10.954059],[34.597919,-10.990956],[34.592958,-11.016174],[34.597299,-11.036638],[34.610631,-11.077669],[34.613525,-11.102164],[34.62107,-11.119734],[34.668715,-11.160145],[34.673986,-11.169963],[34.677087,-11.178748],[34.681841,-11.185053],[34.699928,-11.189497],[34.707886,-11.194974],[34.714087,-11.202726],[34.716568,-11.211718],[34.719772,-11.234559],[34.728348,-11.253721],[34.7413,-11.268439],[34.757496,-11.277553],[34.757496,-11.283755],[34.751604,-11.287062],[34.743026,-11.293676],[34.737032,-11.296777],[34.759149,-11.337498],[34.765557,-11.345146],[34.772172,-11.344423],[34.784884,-11.333467],[34.792325,-11.330883],[34.80049,-11.331917],[34.843692,-11.346283],[34.867876,-11.358789],[34.886583,-11.375429],[34.894128,-11.395996],[34.897902,-11.403258],[34.917072,-11.418837],[34.925651,-11.445915],[34.935056,-11.456457],[34.944461,-11.464415],[34.948698,-11.471753],[34.950972,-11.477748],[34.955726,-11.48674],[34.960687,-11.498522],[34.962961,-11.513095],[34.962961,-11.564874],[34.964615,-11.573556],[34.966783,-11.670541],[34.957657,-11.715284],[34.955597,-11.739422],[34.958541,-11.788875],[34.955891,-11.813602],[34.90791,-11.913686],[34.887599,-12.005822],[34.869348,-12.042617],[34.826077,-12.05763],[34.819306,-12.062634],[34.810475,-12.088243],[34.804882,-12.098546],[34.796935,-12.102962],[34.775446,-12.110321],[34.767793,-12.115914],[34.750131,-12.135342],[34.711275,-12.168899],[34.69479,-12.188033],[34.710392,-12.20805],[34.715985,-12.236603],[34.71363,-12.266628],[34.700089,-12.318142],[34.708331,-12.379075],[34.709214,-12.40704],[34.705682,-12.412338],[34.691847,-12.421758],[34.688609,-12.427351],[34.690669,-12.435004],[34.700089,-12.447368],[34.705682,-12.469739],[34.719811,-12.492994],[34.723049,-12.502119],[34.726876,-12.509184],[34.753663,-12.544213],[34.765438,-12.566585],[34.769264,-12.578065],[34.77368,-12.607796],[34.781628,-12.618393],[34.790459,-12.627813],[34.798701,-12.639882],[34.812242,-12.694928],[34.818718,-12.70111],[34.823133,-12.706702],[34.825488,-12.714945],[34.824016,-12.720243],[34.818129,-12.737611],[34.796346,-12.778233],[34.788104,-12.787653],[34.783983,-12.797955],[34.777507,-12.845937],[34.760434,-12.881849],[34.756901,-12.893624],[34.754841,-12.921883],[34.756607,-12.943077],[34.763377,-12.963388],[34.806354,-13.048459],[34.815774,-13.084666],[34.808709,-13.109687],[34.797229,-13.136474],[34.801056,-13.172681],[34.809298,-13.209182],[34.812242,-13.236264],[34.79458,-13.280713],[34.791636,-13.29808],[34.79458,-13.315742],[34.801939,-13.328694],[34.826077,-13.353126],[34.85934,-13.374026],[34.862872,-13.382857],[34.862283,-13.389039],[34.860223,-13.394337],[34.85934,-13.400519],[34.86611,-13.470283],[34.864638,-13.488828],[34.854924,-13.521502],[34.852569,-13.537398],[34.85934,-13.602747],[34.852275,-13.666918],[34.857279,-13.693117],[34.879945,-13.716077],[34.898785,-13.724908],[34.913503,-13.726674],[35.017119,-13.723436],[35.054798,-13.730501],[35.068927,-13.74934],[35.074226,-13.777599],[35.086,-13.812334],[35.097186,-13.82823],[35.109844,-13.842948],[35.113376,-13.849424],[35.114554,-13.866203],[35.121618,-13.888869],[35.124856,-13.908003],[35.126917,-13.942443],[35.13457,-13.970996],[35.170188,-14.024865],[35.181374,-14.051652],[35.180785,-14.067253],[35.177547,-14.083738],[35.176664,-14.100517],[35.184907,-14.117001],[35.216404,-14.164688],[35.220525,-14.2006],[35.230533,-14.230626],[35.271744,-14.312459],[35.287934,-14.336302],[35.287934,-14.346311],[35.282341,-14.363678],[35.274688,-14.380163],[35.267623,-14.387522],[35.259969,-14.390171],[35.245251,-14.400474],[35.236126,-14.401357],[35.231122,-14.39753],[35.227295,-14.391054],[35.224646,-14.384578]],[[34.710686,-12.066166],[34.702444,-12.077941],[34.708331,-12.083828],[34.717751,-12.090598],[34.728937,-12.093542],[34.739828,-12.088832],[34.744243,-12.076175],[34.740417,-12.063517],[34.741005,-12.052331],[34.756901,-12.043794],[34.728937,-12.030254],[34.718339,-12.03879],[34.710686,-12.066166]]]}},{"type":"Feature","properties":{"name":"Lake Tanganyika","scalerank":0},"geometry":{"type":"Polygon","coordinates":[[[30.809773,-8.584722],[30.802708,-8.572947],[30.795054,-8.559701],[30.776509,-8.55764],[30.753843,-8.559112],[30.734415,-8.556463],[30.725879,-8.549692],[30.722052,-8.542333],[30.719403,-8.534974],[30.714399,-8.528204],[30.703213,-8.525554],[30.692027,-8.527026],[30.683196,-8.524966],[30.679664,-8.511131],[30.684668,-8.491997],[30.684373,-8.484343],[30.676131,-8.481105],[30.654348,-8.4814],[30.645223,-8.483166],[30.638158,-8.486698],[30.637864,-8.488465],[30.631977,-8.501122],[30.64434,-8.504949],[30.649638,-8.50436],[30.657881,-8.501122],[30.643457,-8.524083],[30.624323,-8.543216],[30.603423,-8.558229],[30.583407,-8.569415],[30.561329,-8.578246],[30.548083,-8.581778],[30.531893,-8.582955],[30.529538,-8.577951],[30.541018,-8.566765],[30.557503,-8.554991],[30.569866,-8.548809],[30.565156,-8.539095],[30.562212,-8.535268],[30.573987,-8.51584],[30.566922,-8.5023],[30.549849,-8.49759],[30.51217,-8.514074],[30.487444,-8.516724],[30.470371,-8.508481],[30.473609,-8.486698],[30.446233,-8.466682],[30.442112,-8.433418],[30.451826,-8.396034],[30.466838,-8.364537],[30.486855,-8.341282],[30.514525,-8.323326],[30.543962,-8.310374],[30.569866,-8.303015],[30.560741,-8.290652],[30.561329,-8.280055],[30.566039,-8.268575],[30.569866,-8.254739],[30.569866,-8.202931],[30.574576,-8.177616],[30.582523,-8.158482],[30.58429,-8.140232],[30.569866,-8.117566],[30.548966,-8.098138],[30.54249,-8.089601],[30.51482,-8.038971],[30.497452,-8.026902],[30.474492,-8.018365],[30.452415,-8.015127],[30.45683,-8.004824],[30.460068,-8.000703],[30.418563,-7.959787],[30.414442,-7.952427],[30.41297,-7.945951],[30.41032,-7.941242],[30.40149,-7.939181],[30.393542,-7.938887],[30.386183,-7.937415],[30.380884,-7.934471],[30.371464,-7.906801],[30.353214,-7.890022],[30.328782,-7.88178],[30.302878,-7.884724],[30.276385,-7.8494],[30.268731,-7.836154],[30.266082,-7.82379],[30.265788,-7.796414],[30.261372,-7.781696],[30.266965,-7.765212],[30.263727,-7.745195],[30.255485,-7.727533],[30.23223,-7.711049],[30.199556,-7.600957],[30.198673,-7.577996],[30.218395,-7.542967],[30.216629,-7.522361],[30.206915,-7.479384],[30.205737,-7.460251],[30.203971,-7.450831],[30.187781,-7.40491],[30.183071,-7.368998],[30.175124,-7.348981],[30.152163,-7.309242],[30.128025,-7.248603],[30.113896,-7.230058],[29.974662,-7.11084],[29.956411,-7.103187],[29.946697,-7.101126],[29.92668,-7.091707],[29.914906,-7.089646],[29.902542,-7.088763],[29.881348,-7.085231],[29.825125,-7.068158],[29.789506,-7.047258],[29.762131,-7.020176],[29.722097,-6.958065],[29.677648,-6.910673],[29.648212,-6.853861],[29.638203,-6.839142],[29.625546,-6.827368],[29.549011,-6.771144],[29.498675,-6.702852],[29.493671,-6.689017],[29.49161,-6.666056],[29.473654,-6.609833],[29.490433,-6.568916],[29.485723,-6.545661],[29.484251,-6.527411],[29.487195,-6.513576],[29.442451,-6.517991],[29.418019,-6.482373],[29.391821,-6.389943],[29.365917,-6.332542],[29.3668,-6.321356],[29.351198,-6.310464],[29.340012,-6.286327],[29.332948,-6.258656],[29.326177,-6.208614],[29.322351,-6.1989],[29.313814,-6.189481],[29.3041,-6.185065],[29.294092,-6.181533],[29.284966,-6.175057],[29.27849,-6.167992],[29.275547,-6.161222],[29.274664,-6.153274],[29.274664,-6.140911],[29.272603,-6.125898],[29.266716,-6.119422],[29.258179,-6.11589],[29.211375,-6.09028],[29.197835,-6.078211],[29.192536,-6.058194],[29.185766,-5.979599],[29.187826,-5.944864],[29.186354,-5.930146],[29.178995,-5.917783],[29.235513,-5.890112],[29.311754,-5.826824],[29.320584,-5.815933],[29.329121,-5.80092],[29.346194,-5.759415],[29.356791,-5.746463],[29.350021,-5.747935],[29.345017,-5.74764],[29.340601,-5.746757],[29.335303,-5.746463],[29.349432,-5.727329],[29.344428,-5.707901],[29.336186,-5.690239],[29.342073,-5.665218],[29.331182,-5.642847],[29.332065,-5.633721],[29.344134,-5.625773],[29.351493,-5.630189],[29.358852,-5.636959],[29.370038,-5.637254],[29.372687,-5.609583],[29.257885,-5.410593],[29.24876,-5.404117],[29.177229,-5.291964],[29.144849,-5.211309],[29.127187,-5.130064],[29.117768,-5.121822],[29.107465,-5.102688],[29.099517,-5.082083],[29.096279,-5.067953],[29.101578,-5.052352],[29.111292,-5.032335],[29.117768,-5.012024],[29.113646,-4.996129],[29.105699,-4.97935],[29.098928,-4.770351],[29.112763,-4.614633],[29.118945,-4.597854],[29.138079,-4.568417],[29.143672,-4.550461],[29.148676,-4.513371],[29.15839,-4.500125],[29.173991,-4.500714],[29.189592,-4.511605],[29.201367,-4.516021],[29.206077,-4.496298],[29.199895,-4.437425],[29.199895,-4.41682],[29.204016,-4.398569],[29.217557,-4.370016],[29.259357,-4.119218],[29.240517,-4.047099],[29.234041,-4.047099],[29.213436,-4.125694],[29.19283,-4.16926],[29.18135,-4.227838],[29.168398,-4.249327],[29.158095,-4.27111],[29.151619,-4.330571],[29.138079,-4.348527],[29.126598,-4.347644],[29.113058,-4.34058],[29.100694,-4.33116],[29.093335,-4.32439],[29.083916,-4.319385],[29.041822,-4.307022],[29.048592,-4.307022],[29.053596,-4.284062],[29.068314,-4.25963],[29.085976,-4.239907],[29.100106,-4.231959],[29.104816,-4.224011],[29.106287,-4.206644],[29.103638,-4.176619],[29.099517,-4.169554],[29.086271,-4.158074],[29.082738,-4.149832],[29.083916,-4.141884],[29.093924,-4.126871],[29.096279,-4.118629],[29.088626,-4.040917],[29.090097,-4.019723],[29.102166,-3.987048],[29.104816,-3.938773],[29.102755,-3.925526],[29.096279,-3.917284],[29.104816,-3.898445],[29.10511,-3.867536],[29.124244,-3.830447],[29.117768,-3.812785],[29.104816,-3.795123],[29.096279,-3.77334],[29.1004,-3.755384],[29.124832,-3.721532],[29.130425,-3.700338],[29.133663,-3.695039],[29.151619,-3.680027],[29.134546,-3.426873],[29.142494,-3.383896],[29.16516,-3.350633],[29.206077,-3.334443],[29.253175,-3.332971],[29.296741,-3.340625],[29.329121,-3.362113],[29.34325,-3.403324],[29.336774,-3.762743],[29.370038,-3.855173],[29.373276,-3.887259],[29.377397,-3.897267],[29.386816,-3.906687],[29.398002,-3.913457],[29.407422,-3.921405],[29.415958,-3.945837],[29.434798,-3.964971],[29.438919,-3.975274],[29.437153,-3.985871],[29.433326,-3.993819],[29.430677,-4.002061],[29.432148,-4.012952],[29.437153,-4.022078],[29.459524,-4.05328],[29.469533,-4.073297],[29.474831,-4.081834],[29.483662,-4.091253],[29.493965,-4.10656],[29.496909,-4.123339],[29.497203,-4.142178],[29.50103,-4.163078],[29.510449,-4.176324],[29.524284,-4.187216],[29.536353,-4.200757],[29.541946,-4.221657],[29.545184,-4.243734],[29.553721,-4.2664],[29.591399,-4.329394],[29.606118,-4.346173],[29.641441,-4.379436],[29.654393,-4.399158],[29.656748,-4.420352],[29.649684,-4.509545],[29.602585,-4.760637],[29.601997,-4.832168],[29.603468,-4.842176],[29.608473,-4.850418],[29.615832,-4.858661],[29.621425,-4.866314],[29.620836,-4.87279],[29.593166,-4.897517],[29.593166,-4.904287],[29.611122,-4.910469],[29.641736,-4.913412],[29.651744,-4.91665],[29.664402,-4.923715],[29.670583,-4.931074],[29.674999,-4.939022],[29.682652,-4.948442],[29.689717,-4.952268],[29.71621,-4.963454],[29.735932,-4.969047],[29.745646,-4.977584],[29.761836,-4.999072],[29.765663,-5.000838],[29.771256,-5.000544],[29.776849,-5.001133],[29.781559,-5.006431],[29.781853,-5.012319],[29.779498,-5.0185],[29.775377,-5.026448],[29.781559,-5.044699],[29.805697,-5.075901],[29.816294,-5.097095],[29.822475,-5.12035],[29.823064,-5.143605],[29.820709,-5.155085],[29.816882,-5.160972],[29.813056,-5.164799],[29.809523,-5.170392],[29.807168,-5.171864],[29.803342,-5.171864],[29.799221,-5.172747],[29.795688,-5.177162],[29.795688,-5.183639],[29.800692,-5.184522],[29.80658,-5.184227],[29.809523,-5.18776],[29.811289,-5.198945],[29.813939,-5.206305],[29.813644,-5.212781],[29.805991,-5.221906],[29.799809,-5.233386],[29.80658,-5.253697],[29.802459,-5.266649],[29.795099,-5.262528],[29.791861,-5.261939],[29.788918,-5.264],[29.781559,-5.266649],[29.784208,-5.279012],[29.78568,-5.30315],[29.784208,-5.32876],[29.778321,-5.345833],[29.765369,-5.363201],[29.7533,-5.385572],[29.744763,-5.409121],[29.741231,-5.431199],[29.750062,-5.463579],[29.770373,-5.491543],[29.816294,-5.534226],[29.836016,-5.559836],[29.943165,-5.79621],[29.952879,-5.841837],[29.95229,-5.861853],[29.945814,-5.898649],[29.946108,-5.917783],[29.922265,-5.922787],[29.899599,-5.935444],[29.83425,-5.996378],[29.826596,-6.000205],[29.815705,-5.997555],[29.798632,-5.986664],[29.788918,-5.986075],[29.771256,-5.997555],[29.751239,-6.019927],[29.73446,-6.044948],[29.72769,-6.064965],[29.725335,-6.128547],[29.732105,-6.195662],[29.728279,-6.218623],[29.716799,-6.236579],[29.711794,-6.246587],[29.716504,-6.25689],[29.726807,-6.264544],[29.750356,-6.271314],[29.757421,-6.280145],[29.768018,-6.301339],[29.856622,-6.411137],[29.904897,-6.452054],[29.940221,-6.47001],[29.95229,-6.483845],[29.952879,-6.507394],[30.029708,-6.4653],[30.072096,-6.453231],[30.117428,-6.452054],[30.138622,-6.457646],[30.158639,-6.468832],[30.173652,-6.484434],[30.179539,-6.503567],[30.190136,-6.523584],[30.29228,-6.620724],[30.309648,-6.632793],[30.327015,-6.637797],[30.335846,-6.646334],[30.358218,-6.699025],[30.395602,-6.747006],[30.39413,-6.757898],[30.40149,-6.782919],[30.418563,-6.822069],[30.484206,-6.89566],[30.507755,-6.910967],[30.514525,-6.924508],[30.564567,-6.956299],[30.576636,-6.97661],[30.576636,-7.017527],[30.573693,-7.022826],[30.560446,-7.034306],[30.556031,-7.041076],[30.557208,-7.059327],[30.561035,-7.082287],[30.559857,-7.101715],[30.546022,-7.109957],[30.518352,-7.109957],[30.511582,-7.105836],[30.506283,-7.09936],[30.500985,-7.098183],[30.494214,-7.109957],[30.508049,-7.1182],[30.52159,-7.132623],[30.531893,-7.150285],[30.53572,-7.168241],[30.533365,-7.173834],[30.530421,-7.184431],[30.532482,-7.194734],[30.546022,-7.199444],[30.551321,-7.204743],[30.562212,-7.240361],[30.604306,-7.331908],[30.610782,-7.370764],[30.607544,-7.389309],[30.594298,-7.436407],[30.593709,-7.445827],[30.604895,-7.454363],[30.599597,-7.473497],[30.583407,-7.507938],[30.623146,-7.577113],[30.62815,-7.589182],[30.644929,-7.595953],[30.653465,-7.611259],[30.658764,-7.62951],[30.666123,-7.643934],[30.677014,-7.651293],[30.704096,-7.663951],[30.714399,-7.671898],[30.720286,-7.683967],[30.726173,-7.700157],[30.733532,-7.713993],[30.744718,-7.720174],[30.79947,-7.874421],[30.823608,-7.896498],[30.833616,-7.910039],[30.840975,-7.945068],[30.849806,-7.955665],[30.871589,-7.973327],[30.882186,-7.986868],[30.902792,-8.018954],[30.906324,-8.031611],[30.909562,-8.073706],[30.915744,-8.093722],[30.926046,-8.110501],[30.930462,-8.106674],[30.946652,-8.09696],[30.954894,-8.111384],[30.961959,-8.129046],[30.964608,-8.14818],[30.959604,-8.165253],[30.955188,-8.155539],[30.954011,-8.151418],[30.946652,-8.151418],[30.942825,-8.165841],[30.945769,-8.176439],[30.951362,-8.185858],[30.955777,-8.205286],[30.960193,-8.212057],[30.964608,-8.217061],[30.967257,-8.220593],[30.969024,-8.227952],[30.968729,-8.231485],[30.967846,-8.235311],[30.967257,-8.244437],[30.971084,-8.262099],[30.980798,-8.270341],[30.994045,-8.275051],[31.008174,-8.281821],[31.01936,-8.294773],[31.031134,-8.324209],[31.042615,-8.337161],[31.044381,-8.332452],[31.044969,-8.331568],[31.046147,-8.331568],[31.049679,-8.329802],[31.067341,-8.356884],[31.127097,-8.393974],[31.145348,-8.426059],[31.134456,-8.48817],[31.135339,-8.52526],[31.155356,-8.542039],[31.165953,-8.546454],[31.168602,-8.557934],[31.165659,-8.586782],[31.170957,-8.598557],[31.194506,-8.612097],[31.199805,-8.627993],[31.197744,-8.63653],[31.188914,-8.651837],[31.186853,-8.658607],[31.188914,-8.665377],[31.197744,-8.681862],[31.199805,-8.689221],[31.198628,-8.705411],[31.194212,-8.723661],[31.18597,-8.739557],[31.173312,-8.748094],[31.16978,-8.738085],[31.155356,-8.726605],[31.149174,-8.70806],[31.142993,-8.710121],[31.131513,-8.720718],[31.128275,-8.725133],[31.125331,-8.731609],[31.12121,-8.738085],[31.107375,-8.743384],[31.103254,-8.750154],[31.102076,-8.75928],[31.103548,-8.768699],[31.087358,-8.775764],[31.065575,-8.789893],[31.043498,-8.801079],[31.025247,-8.799019],[30.858048,-8.61769],[30.809773,-8.584722]]]}},{"type":"Feature","properties":{"name":"Lake Victoria","scalerank":0},"geometry":{"type":"Polygon","coordinates":[[[33.913548,-1.532052],[33.904717,-1.529402],[33.888821,-1.52116],[33.879402,-1.518216],[33.870276,-1.517333],[33.841723,-1.518216],[33.82465,-1.512329],[33.816702,-1.4982],[33.810226,-1.482304],[33.797568,-1.470529],[33.793153,-1.481715],[33.784322,-1.48201],[33.771664,-1.478183],[33.755769,-1.476711],[33.747821,-1.47936],[33.734575,-1.489074],[33.725744,-1.491135],[33.716618,-1.489074],[33.710437,-1.484659],[33.705727,-1.479949],[33.7019,-1.476711],[33.681,-1.466408],[33.66746,-1.464348],[33.653919,-1.470529],[33.647443,-1.482304],[33.652741,-1.492018],[33.661867,-1.500849],[33.667754,-1.511446],[33.682472,-1.508797],[33.686004,-1.519099],[33.681295,-1.534995],[33.671286,-1.549125],[33.657157,-1.555012],[33.64185,-1.554423],[33.626543,-1.555601],[33.612413,-1.566198],[33.619184,-1.571202],[33.627426,-1.572674],[33.636846,-1.570908],[33.64656,-1.566198],[33.648326,-1.577972],[33.653919,-1.584154],[33.66275,-1.584743],[33.674524,-1.580327],[33.686888,-1.597695],[33.688359,-1.604171],[33.687771,-1.615357],[33.685416,-1.617711],[33.679234,-1.619478],[33.667754,-1.628014],[33.67629,-1.632135],[33.684238,-1.633901],[33.692775,-1.633018],[33.7019,-1.628014],[33.709259,-1.636845],[33.71132,-1.648325],[33.70867,-1.6601],[33.7019,-1.669814],[33.695424,-1.673641],[33.687771,-1.675407],[33.585332,-1.675996],[33.549125,-1.672169],[33.543238,-1.675407],[33.550597,-1.690125],[33.556779,-1.696307],[33.578267,-1.710142],[33.584154,-1.716029],[33.589747,-1.723094],[33.598873,-1.738106],[33.605643,-1.730453],[33.614768,-1.738695],[33.641261,-1.756946],[33.64656,-1.76195],[33.641261,-1.775196],[33.629487,-1.778434],[33.617712,-1.775491],[33.612413,-1.76872],[33.580622,-1.761067],[33.578267,-1.758418],[33.567376,-1.765482],[33.567081,-1.771664],[33.568848,-1.779906],[33.564726,-1.792564],[33.557073,-1.803455],[33.550008,-1.809637],[33.540883,-1.812581],[33.527048,-1.813169],[33.522632,-1.81729],[33.515273,-1.826416],[33.505265,-1.835541],[33.492607,-1.839662],[33.470824,-1.840251],[33.450808,-1.837307],[33.440505,-1.825533],[33.447864,-1.799628],[33.388402,-1.798745],[33.365148,-1.804338],[33.338066,-1.826121],[33.331296,-1.837307],[33.321287,-1.86586],[33.311279,-1.883522],[33.310396,-1.890881],[33.31069,-1.9056],[33.307158,-1.907366],[33.28302,-1.922378],[33.314223,-1.944456],[33.352784,-1.924733],[33.392523,-1.897063],[33.427553,-1.895002],[33.430202,-1.884994],[33.437855,-1.880284],[33.449041,-1.879696],[33.461699,-1.881462],[33.455223,-1.893531],[33.460816,-1.901478],[33.482304,-1.915608],[33.490252,-1.926794],[33.488486,-1.932387],[33.461699,-1.949754],[33.504382,-1.953581],[33.544121,-1.963295],[33.542355,-1.967416],[33.541766,-1.968299],[33.540589,-1.968299],[33.536762,-1.970065],[33.544415,-1.973303],[33.547065,-1.975364],[33.550008,-1.974481],[33.557956,-1.970065],[33.573263,-1.987138],[33.569142,-2.001562],[33.557073,-2.014809],[33.550597,-2.028938],[33.542649,-2.0257],[33.496434,-2.025406],[33.431379,-1.981251],[33.399883,-1.972126],[33.372212,-1.99803],[33.400177,-2.038947],[33.386047,-2.042773],[33.382515,-2.046011],[33.379571,-2.05337],[33.340421,-2.01893],[33.324231,-2.016575],[33.324525,-2.045717],[33.317755,-2.045717],[33.310396,-2.030999],[33.296855,-2.011276],[33.281548,-2.000385],[33.269774,-2.011571],[33.284786,-2.01893],[33.29244,-2.031587],[33.292734,-2.045423],[33.285964,-2.056314],[33.280959,-2.052487],[33.256233,-2.045717],[33.256233,-2.047189],[33.228268,-2.045717],[33.223264,-2.044539],[33.220909,-2.041596],[33.218849,-2.042773],[33.214727,-2.05337],[33.217082,-2.05337],[33.219143,-2.061907],[33.221203,-2.072504],[33.221498,-2.079863],[33.217671,-2.09046],[33.20884,-2.104295],[33.207663,-2.114892],[33.210018,-2.123135],[33.21355,-2.130199],[33.221498,-2.141974],[33.239454,-2.121663],[33.259471,-2.111066],[33.282431,-2.111066],[33.31069,-2.121663],[33.336594,-2.135792],[33.347486,-2.146095],[33.351901,-2.159047],[33.358083,-2.167584],[33.372507,-2.166112],[33.400177,-2.155809],[33.449336,-2.151099],[33.509386,-2.15316],[33.566198,-2.163168],[33.605643,-2.182891],[33.628898,-2.158164],[33.642144,-2.146684],[33.657157,-2.141974],[33.666576,-2.137559],[33.712203,-2.10459],[33.749293,-2.08575],[33.786383,-2.094876],[33.815819,-2.123135],[33.83142,-2.162579],[33.831126,-2.171999],[33.825533,-2.187895],[33.82465,-2.197314],[33.827005,-2.200552],[33.831715,-2.204674],[33.836425,-2.210561],[33.838485,-2.220569],[33.780495,-2.258837],[33.770193,-2.260603],[33.75989,-2.269728],[33.715441,-2.279148],[33.7019,-2.286801],[33.667754,-2.313294],[33.64862,-2.30829],[33.633902,-2.318887],[33.612413,-2.34744],[33.597401,-2.356565],[33.557367,-2.372167],[33.540589,-2.374816],[33.532346,-2.378643],[33.522338,-2.387179],[33.513801,-2.397482],[33.509975,-2.40543],[33.511447,-2.414261],[33.514979,-2.418382],[33.520572,-2.421031],[33.527048,-2.426035],[33.529991,-2.440165],[33.515273,-2.448701],[33.49349,-2.448407],[33.475828,-2.435749],[33.465526,-2.444286],[33.442565,-2.452234],[33.416956,-2.467246],[33.407536,-2.467246],[33.407536,-2.467835],[33.420782,-2.477255],[33.4564,-2.493739],[33.461699,-2.501687],[33.458755,-2.516111],[33.450808,-2.527002],[33.439916,-2.531123],[33.427553,-2.524942],[33.42196,-2.532301],[33.420782,-2.539071],[33.422843,-2.545547],[33.427553,-2.552906],[33.41048,-2.554378],[33.399883,-2.552023],[33.39429,-2.544075],[33.392818,-2.528768],[33.38693,-2.530829],[33.373095,-2.532595],[33.3572,-2.531418],[33.344836,-2.524942],[33.347486,-2.522292],[33.351018,-2.513756],[33.353373,-2.504336],[33.351901,-2.498449],[33.344542,-2.495505],[33.33836,-2.497566],[33.334239,-2.502276],[33.329824,-2.5167],[33.323053,-2.514345],[33.315694,-2.508457],[33.31069,-2.505219],[33.286258,-2.511107],[33.233861,-2.517877],[33.221498,-2.518171],[33.207663,-2.512873],[33.185585,-2.495211],[33.177343,-2.491384],[33.173222,-2.488146],[33.174105,-2.473722],[33.170573,-2.470484],[33.169984,-2.469013],[33.151145,-2.46342],[33.147024,-2.462831],[33.138487,-2.452528],[33.127007,-2.428979],[33.119059,-2.416321],[33.119354,-2.400131],[33.080497,-2.388945],[32.999253,-2.380409],[32.962752,-2.388357],[32.926545,-2.409257],[32.902996,-2.438399],[32.906823,-2.470484],[32.892399,-2.465186],[32.881507,-2.467246],[32.874737,-2.477255],[32.872676,-2.494917],[32.877975,-2.507574],[32.901524,-2.532595],[32.906823,-2.549668],[32.900641,-2.554084],[32.877092,-2.586758],[32.876209,-2.594412],[32.865612,-2.601476],[32.865023,-2.617372],[32.869733,-2.634445],[32.876209,-2.645631],[32.895048,-2.658877],[32.899169,-2.662704],[32.907706,-2.675362],[32.909472,-2.679189],[32.906234,-2.681543],[32.899169,-2.69008],[32.895637,-2.688314],[32.888278,-2.687136],[32.880919,-2.690963],[32.879447,-2.704504],[32.883273,-2.708625],[32.900347,-2.724226],[32.906823,-2.730997],[32.910944,-2.73865],[32.916537,-2.753368],[32.920363,-2.758961],[32.925956,-2.762494],[32.942441,-2.769558],[32.947739,-2.772502],[32.954804,-2.786337],[32.948034,-2.793696],[32.93567,-2.802233],[32.927134,-2.820483],[32.960103,-2.818717],[32.968639,-2.820483],[32.969522,-2.824016],[32.96805,-2.837262],[32.968639,-2.841089],[32.982474,-2.848448],[32.991894,-2.849625],[33.00043,-2.846093],[33.010144,-2.845504],[33.023391,-2.85463],[33.027806,-2.861106],[33.029278,-2.868759],[33.028101,-2.876118],[33.023391,-2.882594],[33.011322,-2.883772],[32.991599,-2.878179],[32.933904,-2.851686],[32.917714,-2.8405],[32.908,-2.824604],[32.906823,-2.799878],[32.899169,-2.799878],[32.890927,-2.821955],[32.877681,-2.831963],[32.860607,-2.839028],[32.841179,-2.851392],[32.832348,-2.866404],[32.825284,-2.888481],[32.822046,-2.90997],[32.824989,-2.922922],[32.809388,-2.960895],[32.803795,-2.970609],[32.770826,-2.999457],[32.762879,-3.012114],[32.755519,-3.012114],[32.747866,-3.000045],[32.745511,-2.985033],[32.748749,-2.969137],[32.759052,-2.95383],[32.762584,-2.941761],[32.76229,-2.928221],[32.769649,-2.918212],[32.79673,-2.91674],[32.79673,-2.90997],[32.764939,-2.886126],[32.745511,-2.877296],[32.728438,-2.882594],[32.72049,-2.869642],[32.725494,-2.862577],[32.749043,-2.85463],[32.781718,-2.836673],[32.793198,-2.834024],[32.805856,-2.833141],[32.847361,-2.82431],[32.84795,-2.816657],[32.844417,-2.805765],[32.844712,-2.793107],[32.865906,-2.754546],[32.872971,-2.728936],[32.862079,-2.717456],[32.834115,-2.714218],[32.822929,-2.705387],[32.82705,-2.692435],[32.844712,-2.676539],[32.825578,-2.665648],[32.81763,-2.66447],[32.810566,-2.668886],[32.805856,-2.660938],[32.802029,-2.652696],[32.79673,-2.635034],[32.811743,-2.639155],[32.817336,-2.642393],[32.821457,-2.623259],[32.815864,-2.603831],[32.816158,-2.589702],[32.837647,-2.587053],[32.834115,-2.575572],[32.82911,-2.56733],[32.821457,-2.563798],[32.810566,-2.566447],[32.812332,-2.549963],[32.820574,-2.539366],[32.830877,-2.53024],[32.837647,-2.518171],[32.837647,-2.51199],[32.828522,-2.50934],[32.824401,-2.504336],[32.820868,-2.497271],[32.814098,-2.488146],[32.805267,-2.485203],[32.787899,-2.495211],[32.776419,-2.491384],[32.76229,-2.499626],[32.746689,-2.522881],[32.73462,-2.532595],[32.734914,-2.519349],[32.732265,-2.498743],[32.73462,-2.491384],[32.728438,-2.484614],[32.687227,-2.511107],[32.673392,-2.518171],[32.679868,-2.504336],[32.690171,-2.489618],[32.69488,-2.473428],[32.683989,-2.453706],[32.669565,-2.433983],[32.666327,-2.418088],[32.665738,-2.401603],[32.659557,-2.380409],[32.650726,-2.388945],[32.641895,-2.40543],[32.635125,-2.422209],[32.632475,-2.432511],[32.630415,-2.453411],[32.624822,-2.467246],[32.549465,-2.538482],[32.524738,-2.552906],[32.502072,-2.546136],[32.516201,-2.518171],[32.522972,-2.509635],[32.540339,-2.494917],[32.548581,-2.482259],[32.552997,-2.466658],[32.553586,-2.450468],[32.550642,-2.435749],[32.543577,-2.435749],[32.537984,-2.446641],[32.517673,-2.459887],[32.509431,-2.470484],[32.5006,-2.461948],[32.492064,-2.455766],[32.483233,-2.455472],[32.475285,-2.462831],[32.465865,-2.45871],[32.455562,-2.456355],[32.444965,-2.45606],[32.433779,-2.456649],[32.436134,-2.451939],[32.439372,-2.440459],[32.441139,-2.435749],[32.395218,-2.436632],[32.371374,-2.432217],[32.358128,-2.416321],[32.361072,-2.403664],[32.338111,-2.378937],[32.320155,-2.353916],[32.323982,-2.333899],[32.330163,-2.333016],[32.338994,-2.334782],[32.345176,-2.337726],[32.344293,-2.341258],[32.356656,-2.333605],[32.361072,-2.328895],[32.35489,-2.32654],[32.338111,-2.323302],[32.328691,-2.315649],[32.309852,-2.271789],[32.305731,-2.2712],[32.293073,-2.271789],[32.28071,-2.274732],[32.270407,-2.280619],[32.258633,-2.283857],[32.241854,-2.279148],[32.237144,-2.273555],[32.230963,-2.256482],[32.227725,-2.252066],[32.218894,-2.250889],[32.214184,-2.256187],[32.213889,-2.262369],[32.217716,-2.265607],[32.223898,-2.272672],[32.225075,-2.289156],[32.221543,-2.320947],[32.202998,-2.321536],[32.177388,-2.370401],[32.159432,-2.388357],[32.146186,-2.391006],[32.132939,-2.388651],[32.122931,-2.381881],[32.119104,-2.370989],[32.082014,-2.369517],[32.077599,-2.367457],[32.070534,-2.37511],[32.066413,-2.385707],[32.064352,-2.398659],[32.063764,-2.412789],[32.067885,-2.424564],[32.077304,-2.429568],[32.088785,-2.431923],[32.09791,-2.435749],[32.102325,-2.441931],[32.104386,-2.454294],[32.107918,-2.459887],[32.114983,-2.464008],[32.129996,-2.469896],[32.146186,-2.482259],[32.157372,-2.488441],[32.166791,-2.496388],[32.173562,-2.51199],[32.162376,-2.520821],[32.160904,-2.535833],[32.156783,-2.550846],[32.138238,-2.560265],[32.138532,-2.552023],[32.132056,-2.532595],[32.119399,-2.536422],[32.108213,-2.530829],[32.101737,-2.521115],[32.104386,-2.51199],[32.095555,-2.506397],[32.086724,-2.503159],[32.077893,-2.502864],[32.069945,-2.505219],[32.074361,-2.513167],[32.07495,-2.515522],[32.072889,-2.517583],[32.069945,-2.524942],[32.058465,-2.509046],[32.035505,-2.483142],[32.029618,-2.470484],[32.026085,-2.478727],[32.02373,-2.486674],[32.022553,-2.494917],[32.022847,-2.505219],[32.016077,-2.505219],[32.007246,-2.486969],[31.993999,-2.490795],[31.985757,-2.507869],[31.991939,-2.528768],[31.992233,-2.537011],[31.988407,-2.561443],[31.991939,-2.566447],[31.995177,-2.568802],[31.995471,-2.573806],[31.994294,-2.579399],[31.991939,-2.583815],[31.982814,-2.590879],[31.977809,-2.590879],[31.973983,-2.587641],[31.96839,-2.587053],[31.95691,-2.588524],[31.948373,-2.58823],[31.941014,-2.589113],[31.934244,-2.594412],[31.932183,-2.601182],[31.935715,-2.607952],[31.942486,-2.612957],[31.950728,-2.615017],[31.957793,-2.618549],[31.965446,-2.627086],[31.971922,-2.637389],[31.977221,-2.659466],[31.983697,-2.66712],[31.990467,-2.671535],[31.994883,-2.676539],[31.995766,-2.683604],[31.994294,-2.702738],[31.994883,-2.710685],[32.00077,-2.717161],[32.01902,-2.732174],[32.022847,-2.741594],[32.015488,-2.760139],[31.999004,-2.768381],[31.980753,-2.765732],[31.96839,-2.752191],[31.965152,-2.729819],[31.965446,-2.709802],[31.959853,-2.695673],[31.937187,-2.69008],[31.937187,-2.68066],[31.938659,-2.661821],[31.931889,-2.648575],[31.906279,-2.655934],[31.906573,-2.641216],[31.904513,-2.63474],[31.899509,-2.635034],[31.893327,-2.640921],[31.894504,-2.644454],[31.898037,-2.648575],[31.899509,-2.655934],[31.899214,-2.667708],[31.902452,-2.699794],[31.906279,-2.710685],[31.888028,-2.712452],[31.872133,-2.717456],[31.874488,-2.702443],[31.868306,-2.687431],[31.858003,-2.678011],[31.847995,-2.679777],[31.839458,-2.686842],[31.832099,-2.691257],[31.826506,-2.697145],[31.824151,-2.707447],[31.829156,-2.720988],[31.830627,-2.728053],[31.827389,-2.730997],[31.828861,-2.738061],[31.842108,-2.773385],[31.844757,-2.786337],[31.838281,-2.799878],[31.825329,-2.814302],[31.810022,-2.826665],[31.796481,-2.834024],[31.78294,-2.81489],[31.782352,-2.790753],[31.790299,-2.741594],[31.789416,-2.725698],[31.786473,-2.718633],[31.78088,-2.717161],[31.762335,-2.717456],[31.759686,-2.715984],[31.760863,-2.711274],[31.763512,-2.692729],[31.775876,-2.668886],[31.775581,-2.664765],[31.773521,-2.660055],[31.773521,-2.654168],[31.779408,-2.645631],[31.785001,-2.642982],[31.797953,-2.643865],[31.809139,-2.640038],[31.81326,-2.641216],[31.815909,-2.640038],[31.816792,-2.631796],[31.816792,-2.624142],[31.817087,-2.620021],[31.819147,-2.617961],[31.824151,-2.615017],[31.835337,-2.615017],[31.846817,-2.619138],[31.855648,-2.617372],[31.858298,-2.600888],[31.846229,-2.605597],[31.829744,-2.607952],[31.799719,-2.608247],[31.769105,-2.617961],[31.754681,-2.620021],[31.7485,-2.611485],[31.7485,-2.556733],[31.743201,-2.547019],[31.731427,-2.54437],[31.719652,-2.539071],[31.714354,-2.521704],[31.717886,-2.507574],[31.726717,-2.504925],[31.739963,-2.506397],[31.75527,-2.505219],[31.771166,-2.49786],[31.78294,-2.487852],[31.791183,-2.475783],[31.796481,-2.462831],[31.795304,-2.455472],[31.791477,-2.448113],[31.789416,-2.440754],[31.796187,-2.424858],[31.789711,-2.420442],[31.775876,-2.416321],[31.759391,-2.393067],[31.756153,-2.380998],[31.75527,-2.361275],[31.771166,-2.36363],[31.772343,-2.357449],[31.763512,-2.348029],[31.7485,-2.341258],[31.751149,-2.337137],[31.75527,-2.32654],[31.725245,-2.320359],[31.704051,-2.331839],[31.684917,-2.349206],[31.659307,-2.361275],[31.641646,-2.361864],[31.633698,-2.356271],[31.631637,-2.343319],[31.631932,-2.323597],[31.633992,-2.316238],[31.638996,-2.308584],[31.649299,-2.296221],[31.652831,-2.288273],[31.652243,-2.258837],[31.672259,-2.199375],[31.669316,-2.189955],[31.674909,-2.182596],[31.693748,-2.141974],[31.691687,-2.134909],[31.681679,-2.123723],[31.680502,-2.114892],[31.684328,-2.105473],[31.697869,-2.087811],[31.700813,-2.076625],[31.698458,-2.071621],[31.688449,-2.063673],[31.686389,-2.059552],[31.687861,-2.054548],[31.692865,-2.047189],[31.695514,-2.033648],[31.706994,-2.0048],[31.689333,-2.005978],[31.680502,-2.011865],[31.67432,-2.019518],[31.666078,-2.025406],[31.656658,-2.027761],[31.651065,-2.027466],[31.645178,-2.026289],[31.63517,-2.025406],[31.629282,-2.028644],[31.626044,-2.035709],[31.621334,-2.040713],[31.611032,-2.038947],[31.612504,-2.003623],[31.618391,-1.974186],[31.630754,-1.947988],[31.673731,-1.895002],[31.684328,-1.867332],[31.693748,-1.799628],[31.698458,-1.783733],[31.711704,-1.755474],[31.720535,-1.675996],[31.736136,-1.643616],[31.754093,-1.619772],[31.760863,-1.596517],[31.741729,-1.566198],[31.752621,-1.537644],[31.748794,-1.493784],[31.75527,-1.46582],[31.796481,-1.48407],[31.801191,-1.470824],[31.802957,-1.456106],[31.802957,-1.425492],[31.805312,-1.411951],[31.814732,-1.389874],[31.820913,-1.347485],[31.842108,-1.306863],[31.850938,-1.278015],[31.858592,-1.182347],[31.8686,-1.158798],[31.870072,-1.149967],[31.864185,-1.138487],[31.856237,-1.125829],[31.850938,-1.113466],[31.85035,-1.099336],[31.851527,-1.087267],[31.851233,-1.075198],[31.844757,-1.059008],[31.853882,-1.051944],[31.867129,-1.038108],[31.873899,-1.024568],[31.86183,-1.01868],[31.853588,-1.021035],[31.845934,-1.024568],[31.840047,-1.024273],[31.837986,-1.014854],[31.838281,-1.003962],[31.837398,-0.995131],[31.833571,-0.988361],[31.824151,-0.983945],[31.82474,-1.001607],[31.821208,-1.02133],[31.813849,-1.039875],[31.802957,-1.045468],[31.781469,-1.055182],[31.768517,-1.047528],[31.767045,-1.029572],[31.785001,-0.998664],[31.787945,-0.988655],[31.786473,-0.980413],[31.772343,-0.973348],[31.769988,-0.964517],[31.766162,-0.920068],[31.769105,-0.863845],[31.760569,-0.846477],[31.740846,-0.842651],[31.71818,-0.843534],[31.700813,-0.839413],[31.696986,-0.8244],[31.699047,-0.799379],[31.706111,-0.775241],[31.717592,-0.764644],[31.717886,-0.756991],[31.75527,-0.716369],[31.778819,-0.66927],[31.786473,-0.661617],[31.795009,-0.659262],[31.798247,-0.652491],[31.79707,-0.644838],[31.78559,-0.625704],[31.784707,-0.616285],[31.792949,-0.575957],[31.796481,-0.565654],[31.827684,-0.522677],[31.834748,-0.508547],[31.837986,-0.493829],[31.846817,-0.471458],[31.868306,-0.456739],[31.913049,-0.435839],[31.926296,-0.422299],[31.961325,-0.37785],[31.96839,-0.363426],[31.977515,-0.338111],[31.997826,-0.314561],[32.01902,-0.306025],[32.029618,-0.325747],[32.037271,-0.325747],[32.035799,-0.311323],[32.029618,-0.294545],[32.020787,-0.278649],[32.012839,-0.267463],[32.009895,-0.260987],[32.008718,-0.253039],[32.006068,-0.246563],[31.998709,-0.244208],[31.990173,-0.244503],[31.984285,-0.244208],[31.979576,-0.240382],[31.974571,-0.230373],[31.980164,-0.204764],[31.980459,-0.189457],[31.971333,-0.182686],[31.961325,-0.183569],[31.92659,-0.195638],[31.935421,-0.15531],[31.940131,-0.140298],[31.934538,-0.13912],[31.91982,-0.134116],[31.939836,-0.124697],[31.994883,-0.085841],[32.011956,-0.092611],[32.051695,-0.094966],[32.069945,-0.099381],[32.061703,-0.075832],[32.025791,-0.067296],[32.016077,-0.04463],[32.031089,-0.048751],[32.037271,-0.052283],[32.076716,-0.036387],[32.104386,-0.045513],[32.132056,-0.063175],[32.170029,-0.072594],[32.18828,-0.068473],[32.200349,-0.057582],[32.206236,-0.04198],[32.208002,-0.024318],[32.205353,-0.015782],[32.195933,0.002469],[32.193578,0.013655],[32.195639,0.01807],[32.208002,0.037204],[32.206825,0.031022],[32.206825,0.026018],[32.205353,0.021602],[32.200349,0.016598],[32.215361,-0.003419],[32.241265,-0.021375],[32.26923,-0.029028],[32.289835,-0.017548],[32.291602,0.00188],[32.279533,0.018953],[32.24833,0.043974],[32.255689,0.051333],[32.286009,0.037498],[32.324276,0.026901],[32.352241,0.009533],[32.351946,-0.024318],[32.372846,-0.025202],[32.379028,-0.024318],[32.368725,-0.003713],[32.374907,0.053982],[32.365487,0.085479],[32.386092,0.091661],[32.401105,0.077826],[32.421122,0.08283],[32.439078,0.099314],[32.447615,0.119037],[32.459095,0.108734],[32.457917,0.095193],[32.449969,0.081653],[32.441139,0.07135],[32.41965,0.05516],[32.422005,0.048684],[32.437606,0.033671],[32.45203,0.030139],[32.462921,0.041325],[32.471752,0.056337],[32.481761,0.067818],[32.484116,0.07606],[32.488237,0.083419],[32.49589,0.085479],[32.5006,0.08077],[32.509431,0.051333],[32.517968,0.056632],[32.523855,0.073999],[32.530037,0.07812],[32.539751,0.074882],[32.54711,0.065757],[32.557412,0.043974],[32.57007,0.060458],[32.543872,0.102258],[32.550642,0.119037],[32.559473,0.11315],[32.578018,0.105202],[32.588026,0.107851],[32.571542,0.133461],[32.590676,0.139348],[32.598329,0.140231],[32.598329,0.147001],[32.589498,0.149945],[32.571542,0.161425],[32.575369,0.174672],[32.563005,0.189684],[32.568009,0.198515],[32.578901,0.201459],[32.588026,0.197338],[32.594797,0.19616],[32.598329,0.208524],[32.615991,0.211467],[32.626588,0.240021],[32.63483,0.273284],[32.645427,0.290946],[32.662795,0.288885],[32.666916,0.276816],[32.663383,0.263275],[32.647782,0.247674],[32.648077,0.230895],[32.656613,0.222064],[32.673392,0.236488],[32.680751,0.222064],[32.657496,0.183208],[32.661323,0.171728],[32.690465,0.167313],[32.699296,0.174083],[32.707244,0.187918],[32.714897,0.208524],[32.724906,0.205874],[32.731087,0.19616],[32.736091,0.183797],[32.741684,0.173789],[32.728438,0.16643],[32.71107,0.144647],[32.704006,0.140231],[32.685755,0.141114],[32.680751,0.140231],[32.670448,0.135227],[32.6625,0.132872],[32.653081,0.133461],[32.660734,0.11992],[32.661323,0.098431],[32.666621,0.091661],[32.682223,0.089012],[32.69488,0.094605],[32.704594,0.102258],[32.71107,0.106085],[32.719607,0.107262],[32.732265,0.1105],[32.744039,0.115799],[32.749043,0.122864],[32.756108,0.126102],[32.771709,0.120214],[32.79673,0.106085],[32.797319,0.124924],[32.799085,0.138759],[32.803206,0.150239],[32.810566,0.161425],[32.817336,0.161425],[32.82234,0.149651],[32.832348,0.149651],[32.8453,0.151711],[32.859136,0.147001],[32.855309,0.154949],[32.853248,0.163192],[32.851482,0.181148],[32.859136,0.181148],[32.86414,0.168784],[32.877681,0.190567],[32.892987,0.195572],[32.890044,0.19145],[32.888278,0.188507],[32.885628,0.181148],[32.895931,0.181442],[32.899169,0.181148],[32.890927,0.171434],[32.885923,0.161131],[32.887395,0.152594],[32.899169,0.147001],[32.888866,0.143175],[32.877681,0.136404],[32.871499,0.126985],[32.876209,0.115799],[32.887983,0.107262],[32.892693,0.107262],[32.893282,0.104907],[32.892987,0.088717],[32.90123,0.076943],[32.920658,0.077826],[32.986301,0.101081],[33.008084,0.112855],[33.077554,0.166135],[33.084913,0.173789],[33.091978,0.186152],[33.105224,0.222064],[33.071667,0.223536],[33.043113,0.228835],[33.070489,0.246497],[33.078731,0.250029],[33.078731,0.256799],[33.071078,0.256799],[33.071078,0.262981],[33.081086,0.260332],[33.098748,0.251795],[33.123769,0.247085],[33.123475,0.239726],[33.112877,0.225597],[33.116999,0.214411],[33.126418,0.21706],[33.135544,0.224714],[33.13937,0.228835],[33.140842,0.234133],[33.13937,0.241198],[33.138782,0.24738],[33.143197,0.250029],[33.15085,0.251206],[33.156149,0.25415],[33.167335,0.262981],[33.156443,0.276522],[33.150556,0.297422],[33.153794,0.316261],[33.170573,0.324503],[33.188823,0.328919],[33.220026,0.347463],[33.238571,0.351879],[33.242103,0.354528],[33.264181,0.367775],[33.269774,0.373073],[33.270657,0.38632],[33.26683,0.390441],[33.259176,0.390735],[33.231212,0.396917],[33.210018,0.398388],[33.192945,0.406042],[33.187352,0.428119],[33.210901,0.422821],[33.235922,0.427236],[33.250346,0.440483],[33.241809,0.461677],[33.273895,0.476689],[33.28302,0.482871],[33.290673,0.439599],[33.318638,0.437539],[33.34572,0.456378],[33.351901,0.475217],[33.366031,0.497],[33.385164,0.490819],[33.389285,0.484637],[33.372212,0.461677],[33.349841,0.421938],[33.354845,0.41605],[33.362498,0.41134],[33.366031,0.407219],[33.349252,0.391912],[33.325703,0.389263],[33.310101,0.381904],[33.317755,0.351879],[33.328646,0.359532],[33.366031,0.373073],[33.369857,0.363948],[33.368974,0.355117],[33.365148,0.34658],[33.35926,0.338927],[33.376922,0.343048],[33.394878,0.341282],[33.411951,0.334511],[33.427553,0.324503],[33.426081,0.33304],[33.424315,0.338927],[33.420782,0.342754],[33.413718,0.345697],[33.441977,0.356294],[33.455812,0.357766],[33.469058,0.351879],[33.454929,0.345697],[33.46582,0.330685],[33.483188,0.324503],[33.494668,0.31891],[33.489075,0.304781],[33.508209,0.300365],[33.507914,0.283292],[33.494962,0.27034],[33.475828,0.277405],[33.482304,0.280937],[33.489075,0.283586],[33.47524,0.289768],[33.45905,0.294478],[33.444037,0.295361],[33.434323,0.290946],[33.426375,0.295655],[33.418427,0.297716],[33.400177,0.297716],[33.405475,0.288885],[33.413423,0.283586],[33.434323,0.277405],[33.420782,0.270046],[33.43344,0.261215],[33.439033,0.258565],[33.447864,0.256799],[33.426375,0.243553],[33.439622,0.227363],[33.465526,0.208818],[33.482304,0.187918],[33.489075,0.187918],[33.486426,0.216177],[33.487603,0.230307],[33.492607,0.236488],[33.501144,0.232073],[33.503793,0.221476],[33.502616,0.195572],[33.511152,0.202931],[33.522044,0.217943],[33.53058,0.222064],[33.529108,0.211173],[33.525576,0.200576],[33.516156,0.181148],[33.525282,0.18262],[33.531169,0.185563],[33.534701,0.191745],[33.536762,0.201753],[33.544121,0.201753],[33.545887,0.185858],[33.555601,0.179676],[33.566493,0.183797],[33.571497,0.198515],[33.580033,0.20764],[33.598873,0.215588],[33.617418,0.227069],[33.626249,0.246202],[33.618889,0.298893],[33.619773,0.310962],[33.629487,0.320676],[33.642144,0.323326],[33.655685,0.319793],[33.667754,0.310962],[33.68571,0.325975],[33.694247,0.330096],[33.70867,0.332157],[33.720445,0.330685],[33.735458,0.325975],[33.748998,0.319204],[33.755769,0.310962],[33.733397,0.306841],[33.715146,0.298305],[33.7019,0.284175],[33.69513,0.262981],[33.706316,0.267985],[33.718385,0.268868],[33.730748,0.266808],[33.742817,0.262981],[33.742817,0.256799],[33.733691,0.248851],[33.720445,0.23325],[33.709848,0.215294],[33.70867,0.201753],[33.721917,0.193217],[33.763717,0.190862],[33.776963,0.187918],[33.78756,0.197926],[33.787854,0.208524],[33.786088,0.220593],[33.789915,0.236488],[33.804633,0.220298],[33.807871,0.199987],[33.809343,0.177321],[33.81788,0.153772],[33.823472,0.166724],[33.827005,0.193511],[33.83142,0.208524],[33.862034,0.188507],[33.893826,0.173789],[33.895297,0.192334],[33.905011,0.199104],[33.915903,0.204402],[33.920907,0.219121],[33.965945,0.256211],[33.972126,0.262981],[33.980369,0.264453],[33.98184,0.26563],[33.982723,0.264453],[33.989199,0.256799],[33.993026,0.251501],[34.001857,0.232956],[34.003623,0.225597],[34.001268,0.212939],[33.991554,0.181148],[33.989199,0.164369],[33.990377,0.134933],[33.988316,0.119037],[33.982429,0.106085],[33.974187,0.102847],[33.965356,0.10579],[33.957997,0.10579],[33.955053,0.095193],[33.956231,0.075471],[33.958291,0.066346],[33.961824,0.057515],[33.968888,0.05045],[33.977719,0.044857],[33.985961,0.038087],[33.989199,0.026901],[33.989788,0.01807],[33.99597,-0.010778],[33.99597,-0.040508],[33.999797,-0.04463],[34.018047,-0.045807],[34.024523,-0.048162],[34.030116,-0.052283],[34.030116,-0.058465],[34.020696,-0.070534],[34.027172,-0.074949],[34.038947,-0.074655],[34.043657,-0.072594],[34.055137,-0.087901],[34.05131,-0.085841],[34.054548,-0.091139],[34.055137,-0.096732],[34.057198,-0.101736],[34.064851,-0.10674],[34.064851,-0.096732],[34.066029,-0.088784],[34.068383,-0.081131],[34.071916,-0.072594],[34.064851,-0.072594],[34.07692,-0.063469],[34.094582,-0.059348],[34.12343,-0.058465],[34.13491,-0.064941],[34.130789,-0.079659],[34.112832,-0.10674],[34.128728,-0.106446],[34.138442,-0.11145],[34.137853,-0.117338],[34.12343,-0.120576],[34.115482,-0.12293],[34.091049,-0.135588],[34.085457,-0.140298],[34.093993,-0.168851],[34.122252,-0.185336],[34.158165,-0.191223],[34.187895,-0.188868],[34.184952,-0.208885],[34.195843,-0.221248],[34.229401,-0.237144],[34.249123,-0.252156],[34.253244,-0.26452],[34.236465,-0.298666],[34.251184,-0.29896],[34.256776,-0.305142],[34.253833,-0.314856],[34.243236,-0.325747],[34.252067,-0.328691],[34.262664,-0.334284],[34.272083,-0.340466],[34.277088,-0.346353],[34.278854,-0.358127],[34.276205,-0.36843],[34.272083,-0.376672],[34.270906,-0.381088],[34.287979,-0.396395],[34.302992,-0.390507],[34.313883,-0.373729],[34.318299,-0.35695],[34.325363,-0.341349],[34.376288,-0.301904],[34.386885,-0.284831],[34.388357,-0.265403],[34.383059,-0.244208],[34.372756,-0.223309],[34.357449,-0.228902],[34.346263,-0.219776],[34.341553,-0.203881],[34.34538,-0.188868],[34.359804,-0.179448],[34.377466,-0.178565],[34.406902,-0.182686],[34.446641,-0.168263],[34.461654,-0.168263],[34.491385,-0.179743],[34.505514,-0.18092],[34.520821,-0.171795],[34.534067,-0.159432],[34.548491,-0.149423],[34.564093,-0.142653],[34.600299,-0.137354],[34.623849,-0.123519],[34.646515,-0.117043],[34.658878,-0.108801],[34.669769,-0.098793],[34.674479,-0.089667],[34.722755,-0.091139],[34.73659,-0.085841],[34.735413,-0.109684],[34.730997,-0.123814],[34.731291,-0.137943],[34.74336,-0.162081],[34.750131,-0.154427],[34.756901,-0.165613],[34.768087,-0.179154],[34.781628,-0.190634],[34.795168,-0.195638],[34.798701,-0.206235],[34.832847,-0.27129],[34.836674,-0.272467],[34.846977,-0.279532],[34.85463,-0.28748],[34.849331,-0.291307],[34.846388,-0.294545],[34.84315,-0.301609],[34.837851,-0.308969],[34.82902,-0.312207],[34.809298,-0.306319],[34.782805,-0.286891],[34.770736,-0.291307],[34.749542,-0.287186],[34.748365,-0.300726],[34.754252,-0.320449],[34.753663,-0.335756],[34.740417,-0.340171],[34.678306,-0.346353],[34.658289,-0.344881],[34.612957,-0.331929],[34.604715,-0.332812],[34.595884,-0.335461],[34.586759,-0.335756],[34.575867,-0.328985],[34.569097,-0.322215],[34.562326,-0.318388],[34.554379,-0.318977],[34.544076,-0.325747],[34.527003,-0.32457],[34.497861,-0.32928],[34.467836,-0.337522],[34.448702,-0.346353],[34.450762,-0.367253],[34.449291,-0.396983],[34.456944,-0.424065],[34.499921,-0.441432],[34.50522,-0.45409],[34.505514,-0.467925],[34.503159,-0.476756],[34.4749,-0.493829],[34.472251,-0.497362],[34.460771,-0.501483],[34.436339,-0.520911],[34.423975,-0.525032],[34.407491,-0.521794],[34.40808,-0.513552],[34.415733,-0.504426],[34.420443,-0.497362],[34.418677,-0.489119],[34.409551,-0.468514],[34.403959,-0.459977],[34.395422,-0.450852],[34.386002,-0.44467],[34.374522,-0.441432],[34.359215,-0.442021],[34.365691,-0.459094],[34.360687,-0.472635],[34.347735,-0.479405],[34.331251,-0.476756],[34.326541,-0.470869],[34.318299,-0.453501],[34.311234,-0.44938],[34.304758,-0.452324],[34.304463,-0.460566],[34.307701,-0.469691],[34.311234,-0.476756],[34.284741,-0.465865],[34.244413,-0.429363],[34.21586,-0.42848],[34.219981,-0.418766],[34.22263,-0.415234],[34.189073,-0.422299],[34.174355,-0.450852],[34.161108,-0.517673],[34.150217,-0.531508],[34.13697,-0.53504],[34.10253,-0.532097],[34.101352,-0.534746],[34.085457,-0.551819],[34.077803,-0.554468],[34.063674,-0.555646],[34.057492,-0.558589],[34.065734,-0.568598],[34.075154,-0.57684],[34.082807,-0.58626],[34.085457,-0.599506],[34.081335,-0.607748],[34.072505,-0.616873],[34.062202,-0.624527],[34.054548,-0.627471],[34.047778,-0.641306],[34.037475,-0.730498],[34.057492,-0.728143],[34.0675,-0.748749],[34.071327,-0.776124],[34.071916,-0.795258],[34.078392,-0.797613],[34.119603,-0.826166],[34.165524,-0.841768],[34.174943,-0.846772],[34.183185,-0.871204],[34.169645,-0.886511],[34.150217,-0.898286],[34.139914,-0.911826],[34.127845,-0.953626],[34.124607,-0.977764],[34.133438,-0.997486],[34.133438,-1.003668],[34.117542,-0.999252],[34.071916,-0.97011],[34.066029,-0.996014],[34.058375,-1.002196],[34.037475,-0.997486],[34.048072,-1.01191],[34.063379,-1.015737],[34.079569,-1.01191],[34.092227,-1.003668],[34.09782,-1.018975],[34.087223,-1.022802],[34.072505,-1.025156],[34.064851,-1.035459],[34.0675,-1.043996],[34.072505,-1.046056],[34.075448,-1.048411],[34.071916,-1.059008],[34.040713,-1.079614],[34.033648,-1.082263],[34.03041,-1.088739],[34.028056,-1.095804],[34.023346,-1.100514],[34.016281,-1.101691],[33.992732,-1.100514],[33.975659,-1.105224],[33.980074,-1.115821],[33.990377,-1.128478],[33.992732,-1.138192],[33.963295,-1.172633],[33.948283,-1.18323],[33.915608,-1.198831],[33.900596,-1.20884],[33.886172,-1.223264],[33.87322,-1.255938],[33.885878,-1.277721],[33.908838,-1.285669],[33.927677,-1.278015],[33.933859,-1.278015],[33.931798,-1.282725],[33.929738,-1.289201],[33.927677,-1.292439],[33.927677,-1.298621],[33.946517,-1.303625],[33.966828,-1.316283],[33.982723,-1.333061],[33.989199,-1.350134],[33.988611,-1.359848],[33.985667,-1.369857],[33.979485,-1.376039],[33.968888,-1.374272],[33.967417,-1.369857],[33.969183,-1.362203],[33.972421,-1.355433],[33.975659,-1.353667],[33.961824,-1.340126],[33.95417,-1.336888],[33.933859,-1.334533],[33.915608,-1.323936],[33.905306,-1.320698],[33.882934,-1.319521],[33.821412,-1.326291],[33.804339,-1.319521],[33.792564,-1.334239],[33.79904,-1.348663],[33.82465,-1.374272],[33.820529,-1.37751],[33.81994,-1.379277],[33.819646,-1.381926],[33.81788,-1.387813],[33.832009,-1.383103],[33.843784,-1.387519],[33.852909,-1.397527],[33.858796,-1.408419],[33.797568,-1.387813],[33.781378,-1.397527],[33.781378,-1.409596],[33.791092,-1.421371],[33.804339,-1.429024],[33.812581,-1.429613],[33.830243,-1.427552],[33.838485,-1.429024],[33.847316,-1.43344],[33.849965,-1.437266],[33.851731,-1.441976],[33.858796,-1.449924],[33.867333,-1.470824],[33.871159,-1.470529],[33.875869,-1.469352],[33.879402,-1.470529],[33.890882,-1.480243],[33.894414,-1.486131],[33.893826,-1.497611],[33.909132,-1.487603],[33.918552,-1.48407],[33.927677,-1.48407],[33.93592,-1.489957],[33.940041,-1.499083],[33.94269,-1.507619],[33.944751,-1.511446],[33.952993,-1.513801],[33.955936,-1.518511],[33.952993,-1.523515],[33.944751,-1.525575],[33.940041,-1.524398],[33.932976,-1.518805],[33.927677,-1.518216],[33.927089,-1.520277],[33.923262,-1.525281],[33.918258,-1.529991],[33.913548,-1.532052]],[[34.14639,-0.405226],[34.119603,-0.415234],[34.119603,-0.427892],[34.132849,-0.431718],[34.149922,-0.432601],[34.161108,-0.435839],[34.204085,-0.407286],[34.217332,-0.389036],[34.22263,-0.360188],[34.214094,-0.36843],[34.207323,-0.388741],[34.202025,-0.394923],[34.191133,-0.394629],[34.182008,-0.387269],[34.16729,-0.366958],[34.158459,-0.39404],[34.153749,-0.401105],[34.14639,-0.405226]],[[33.946517,-0.464098],[33.945634,-0.472929],[33.951815,-0.476756],[33.971832,-0.480288],[33.998619,-0.49795],[34.017164,-0.504721],[34.026878,-0.497656],[34.048955,-0.490002],[34.057492,-0.482938],[34.061907,-0.474401],[34.059258,-0.470574],[34.05396,-0.467336],[34.05131,-0.459977],[34.045129,-0.437311],[34.03041,-0.432307],[33.99597,-0.442021],[33.964179,-0.444965],[33.955053,-0.44938],[33.950932,-0.454973],[33.946517,-0.464098]],[[31.815909,-1.800806],[31.810611,-1.819351],[31.840636,-1.795213],[31.849172,-1.779906],[31.850938,-1.758418],[31.845346,-1.753119],[31.842402,-1.751647],[31.837986,-1.751647],[31.836515,-1.774608],[31.826801,-1.788443],[31.815909,-1.800806]],[[31.774698,-2.139913],[31.786473,-2.147567],[31.797953,-2.151394],[31.802957,-2.145506],[31.821208,-2.136381],[31.82474,-2.130494],[31.806784,-2.12755],[31.793243,-2.124312],[31.785001,-2.114892],[31.781469,-2.10194],[31.782646,-2.087517],[31.775876,-2.079863],[31.768811,-2.093698],[31.764395,-2.107239],[31.764101,-2.121074],[31.769105,-2.135204],[31.774698,-2.139913]],[[31.91982,-2.416321],[31.920997,-2.398071],[31.913932,-2.383353],[31.904513,-2.369517],[31.899509,-2.354799],[31.901569,-2.336843],[31.907162,-2.32654],[31.907751,-2.32183],[31.895976,-2.320947],[31.868895,-2.310056],[31.860064,-2.283563],[31.856237,-2.252066],[31.844757,-2.224102],[31.840341,-2.215565],[31.828272,-2.209972],[31.817675,-2.202907],[31.816792,-2.182891],[31.810611,-2.182891],[31.790888,-2.23411],[31.788239,-2.25972],[31.810611,-2.252066],[31.807961,-2.267667],[31.801191,-2.281208],[31.790299,-2.288862],[31.775876,-2.285918],[31.782646,-2.320947],[31.802957,-2.315943],[31.822385,-2.316826],[31.830333,-2.322714],[31.816792,-2.333899],[31.82474,-2.34744],[31.844757,-2.364513],[31.850938,-2.374816],[31.851233,-2.388651],[31.840636,-2.411023],[31.837986,-2.426035],[31.840636,-2.441048],[31.848289,-2.454589],[31.860064,-2.460476],[31.875371,-2.453706],[31.912755,-2.423975],[31.91982,-2.416321]],[[31.899509,-1.635079],[31.940131,-1.66216],[31.937482,-1.651269],[31.93336,-1.64391],[31.91982,-1.628014],[31.896271,-1.615062],[31.892444,-1.610941],[31.888323,-1.610352],[31.858298,-1.621244],[31.868012,-1.636256],[31.871838,-1.653035],[31.872133,-1.690125],[31.867129,-1.690714],[31.865951,-1.688948],[31.865951,-1.686298],[31.865362,-1.682766],[31.865362,-1.699545],[31.858298,-1.744877],[31.888617,-1.691302],[31.897742,-1.662749],[31.899509,-1.635079]],[[32.069945,-2.292983],[32.071417,-2.27797],[32.06759,-2.267079],[32.059937,-2.265313],[32.050223,-2.279148],[32.044041,-2.279148],[32.045513,-2.269728],[32.048457,-2.260897],[32.051989,-2.252655],[32.056993,-2.245001],[32.050223,-2.252066],[32.046102,-2.247062],[32.04463,-2.242647],[32.044041,-2.231461],[32.025791,-2.233521],[32.009601,-2.242941],[31.993116,-2.25501],[31.974571,-2.265607],[31.960148,-2.271494],[31.951022,-2.277087],[31.947196,-2.285918],[31.951022,-2.292394],[31.972216,-2.289745],[31.981342,-2.292983],[31.985169,-2.308878],[31.974866,-2.322419],[31.960736,-2.334782],[31.954555,-2.34744],[31.966035,-2.340964],[31.969862,-2.343613],[31.971333,-2.350089],[31.974571,-2.354799],[31.975455,-2.357743],[31.974571,-2.361864],[31.974277,-2.365691],[31.977809,-2.367457],[31.981636,-2.366574],[31.98664,-2.364513],[31.989878,-2.362453],[31.988701,-2.361275],[32.003713,-2.361275],[32.020787,-2.357743],[32.037565,-2.350973],[32.050223,-2.341258],[32.069945,-2.292983]],[[32.282771,-0.353123],[32.323982,-0.354006],[32.318977,-0.337522],[32.297194,-0.314267],[32.289835,-0.298666],[32.28071,-0.303081],[32.277178,-0.308969],[32.278061,-0.316916],[32.283065,-0.325747],[32.273351,-0.330163],[32.264226,-0.330752],[32.255984,-0.326925],[32.24833,-0.318388],[32.255689,-0.305436],[32.212712,-0.321332],[32.187397,-0.327513],[32.166202,-0.325747],[32.152956,-0.311618],[32.156194,-0.291601],[32.173562,-0.257455],[32.172384,-0.239793],[32.157372,-0.234494],[32.111745,-0.237144],[32.086135,-0.231551],[32.073772,-0.230373],[32.064352,-0.235083],[32.06553,-0.244797],[32.064647,-0.254511],[32.050223,-0.257455],[32.050223,-0.263931],[32.077304,-0.273056],[32.091728,-0.280415],[32.09791,-0.288069],[32.099382,-0.295722],[32.102325,-0.298077],[32.106741,-0.299843],[32.111745,-0.305436],[32.111745,-0.309263],[32.105858,-0.316328],[32.104386,-0.322215],[32.116455,-0.329868],[32.144125,-0.338111],[32.172384,-0.34076],[32.187397,-0.331929],[32.193578,-0.331929],[32.202409,-0.341349],[32.218011,-0.35018],[32.228313,-0.360482],[32.221543,-0.373729],[32.231257,-0.378144],[32.241265,-0.386092],[32.248036,-0.396689],[32.24833,-0.408464],[32.242148,-0.413468],[32.233317,-0.413173],[32.225075,-0.409052],[32.216539,-0.39875],[32.205942,-0.407875],[32.197111,-0.421416],[32.197111,-0.42848],[32.18563,-0.429069],[32.1768,-0.43113],[32.170618,-0.435545],[32.166202,-0.442021],[32.166202,-0.44938],[32.170912,-0.458211],[32.167674,-0.471458],[32.152662,-0.497362],[32.135883,-0.515318],[32.132351,-0.525326],[32.138238,-0.538278],[32.166202,-0.538278],[32.165614,-0.531213],[32.167086,-0.523266],[32.173562,-0.504721],[32.178271,-0.506487],[32.189163,-0.509136],[32.193578,-0.510902],[32.19034,-0.497362],[32.189752,-0.478228],[32.187397,-0.469986],[32.22537,-0.462627],[32.241854,-0.463804],[32.241854,-0.469986],[32.236261,-0.47705],[32.238616,-0.483526],[32.247153,-0.488531],[32.258927,-0.490297],[32.263048,-0.487059],[32.265992,-0.4797],[32.271879,-0.472341],[32.283065,-0.469986],[32.274823,-0.432896],[32.270702,-0.386681],[32.282771,-0.353123]],[[32.342821,-0.261576],[32.347236,-0.265697],[32.351946,-0.27129],[32.369902,-0.269818],[32.365193,-0.258044],[32.351946,-0.241559],[32.344293,-0.227135],[32.339583,-0.215949],[32.328103,-0.204175],[32.312501,-0.197993],[32.296606,-0.202997],[32.305731,-0.205941],[32.315151,-0.211534],[32.323982,-0.219776],[32.331341,-0.230373],[32.321627,-0.235378],[32.319272,-0.242148],[32.322804,-0.249801],[32.331341,-0.257455],[32.333107,-0.252156],[32.334284,-0.252156],[32.337522,-0.250096],[32.339289,-0.25716],[32.342821,-0.261576]],[[32.388447,-0.367841],[32.400516,-0.366075],[32.413468,-0.366958],[32.413468,-0.360188],[32.400222,-0.35695],[32.394629,-0.348413],[32.389919,-0.338699],[32.379028,-0.331929],[32.369314,-0.334284],[32.368725,-0.344292],[32.37314,-0.35695],[32.379028,-0.366958],[32.372552,-0.364898],[32.358422,-0.362543],[32.351946,-0.360188],[32.354007,-0.370196],[32.356656,-0.374906],[32.360777,-0.375495],[32.388447,-0.367841]],[[32.531214,-2.32654],[32.536807,-2.307112],[32.532686,-2.283857],[32.523855,-2.282386],[32.512963,-2.287979],[32.502072,-2.285918],[32.49589,-2.285918],[32.498834,-2.312411],[32.502072,-2.320947],[32.474696,-2.32448],[32.464982,-2.314177],[32.467926,-2.271789],[32.461744,-2.271789],[32.454974,-2.283269],[32.446437,-2.283857],[32.438195,-2.277087],[32.433779,-2.265607],[32.407581,-2.342142],[32.409936,-2.354799],[32.42642,-2.362158],[32.432013,-2.379231],[32.434368,-2.399543],[32.441139,-2.416321],[32.45203,-2.420442],[32.462627,-2.418382],[32.472341,-2.411906],[32.481761,-2.402192],[32.492064,-2.404252],[32.506782,-2.396599],[32.519439,-2.383058],[32.523266,-2.367457],[32.519439,-2.369517],[32.518851,-2.370695],[32.518262,-2.371872],[32.516201,-2.374816],[32.51208,-2.35892],[32.520028,-2.343319],[32.531214,-2.32654]],[[32.538279,-0.390213],[32.543577,-0.373729],[32.529448,-0.378144],[32.523855,-0.381382],[32.516201,-0.387269],[32.508842,-0.383443],[32.504132,-0.384031],[32.502072,-0.391096],[32.502661,-0.40552],[32.502072,-0.408464],[32.489709,-0.418472],[32.469986,-0.420533],[32.454091,-0.42848],[32.477051,-0.441727],[32.47293,-0.46086],[32.455857,-0.479111],[32.441139,-0.490297],[32.444082,-0.49795],[32.448498,-0.502071],[32.454091,-0.503838],[32.461744,-0.504721],[32.470869,-0.499717],[32.481172,-0.492063],[32.486471,-0.48176],[32.481761,-0.469986],[32.492947,-0.465865],[32.5006,-0.458506],[32.521206,-0.420533],[32.523561,-0.409641],[32.523266,-0.394923],[32.530037,-0.394923],[32.536807,-0.408464],[32.537101,-0.398455],[32.538279,-0.390213]],[[32.753753,-0.018431],[32.749632,-0.027262],[32.753459,-0.03992],[32.762879,-0.052283],[32.782307,-0.036682],[32.803206,-0.009012],[32.81086,0.019247],[32.789371,0.037204],[32.789371,0.016598],[32.78319,0.016598],[32.773476,0.020719],[32.767,0.011594],[32.765233,-0.003713],[32.769649,-0.017548],[32.753753,-0.018431]],[[32.803795,-0.106446],[32.817336,-0.085841],[32.804384,-0.079953],[32.793198,-0.080248],[32.78525,-0.086724],[32.78319,-0.099381],[32.773476,-0.097026],[32.762879,-0.0932],[32.765822,-0.07701],[32.758757,-0.059937],[32.746689,-0.045807],[32.73462,-0.037859],[32.737269,-0.049339],[32.742567,-0.060231],[32.755519,-0.079659],[32.755519,-0.085841],[32.745511,-0.083191],[32.739035,-0.077598],[32.735797,-0.069356],[32.73462,-0.058465],[32.730204,-0.06759],[32.724022,-0.0723],[32.716369,-0.071417],[32.707538,-0.065235],[32.709599,-0.07701],[32.71372,-0.088195],[32.714308,-0.097909],[32.707538,-0.10674],[32.698707,-0.105857],[32.691642,-0.097615],[32.683989,-0.094083],[32.673392,-0.10674],[32.659557,-0.099381],[32.665444,-0.111156],[32.673981,-0.117926],[32.685755,-0.12087],[32.700768,-0.120576],[32.718724,-0.12558],[32.740801,-0.114983],[32.755519,-0.120576],[32.741684,-0.127346],[32.741684,-0.134116],[32.765822,-0.130878],[32.786428,-0.121459],[32.803795,-0.106446]],[[33.005729,-1.805221],[33.009261,-1.819351],[32.995426,-1.819351],[32.998664,-1.826416],[33.002491,-1.83819],[33.003668,-1.849082],[32.999253,-1.854086],[32.996898,-1.858796],[33.004846,-1.869687],[33.023391,-1.888232],[33.027218,-1.88941],[33.030456,-1.889998],[33.033988,-1.891176],[33.037226,-1.895002],[33.070489,-1.869687],[33.083735,-1.856146],[33.088151,-1.853791],[33.0908,-1.849082],[33.091683,-1.836718],[33.089917,-1.832597],[33.081381,-1.821117],[33.078731,-1.813169],[33.084913,-1.813169],[33.093449,-1.816702],[33.097571,-1.814347],[33.096982,-1.807871],[33.091683,-1.799628],[33.083441,-1.795507],[33.072255,-1.795802],[33.050767,-1.799628],[33.015737,-1.800512],[33.005729,-1.805221]],[[33.186763,-2.131966],[33.187352,-2.124606],[33.186174,-2.116659],[33.182936,-2.11607],[33.178521,-2.117247],[33.173517,-2.114892],[33.143786,-2.087811],[33.13466,-2.073976],[33.147024,-2.066911],[33.147024,-2.059552],[33.109345,-2.05131],[33.100514,-2.043362],[33.120237,-2.011276],[33.117587,-1.995969],[33.109934,-1.981251],[33.105224,-1.966827],[33.097276,-1.965355],[33.04694,-1.977424],[33.043702,-1.975658],[33.035754,-1.973303],[33.027218,-1.973303],[33.023391,-1.980662],[33.018975,-1.98184],[32.992483,-1.99126],[32.940969,-1.963295],[32.931549,-1.947988],[32.935965,-1.936802],[32.944796,-1.925616],[32.947739,-1.909426],[32.943029,-1.904422],[32.924779,-1.896474],[32.920363,-1.895002],[32.911532,-1.896474],[32.907117,-1.899712],[32.899169,-1.909426],[32.879741,-1.927088],[32.867967,-1.935036],[32.851482,-1.943278],[32.846478,-1.934742],[32.841474,-1.930915],[32.834703,-1.929737],[32.824989,-1.929149],[32.831171,-1.943278],[32.846478,-1.959468],[32.851482,-1.970065],[32.859136,-1.970065],[32.863845,-1.971832],[32.89181,-1.974481],[32.899169,-1.977424],[32.897109,-1.989493],[32.887395,-2.003034],[32.850305,-2.041596],[32.845006,-2.050721],[32.844712,-2.059552],[32.853248,-2.071915],[32.862079,-2.070443],[32.871499,-2.066322],[32.882685,-2.069855],[32.904468,-2.085456],[32.928606,-2.092226],[32.978647,-2.093698],[32.996015,-2.098997],[33.043113,-2.135204],[33.055771,-2.140502],[33.066662,-2.139325],[33.07461,-2.132849],[33.078731,-2.121663],[33.10228,-2.134321],[33.120531,-2.152277],[33.141725,-2.166701],[33.173517,-2.16935],[33.163508,-2.154043],[33.167629,-2.147567],[33.17646,-2.146978],[33.180876,-2.148744],[33.185585,-2.137559],[33.186763,-2.131966]],[[33.184114,0.149945],[33.194711,0.161425],[33.176755,0.161425],[33.165863,0.147001],[33.164097,0.125513],[33.173517,0.106085],[33.180876,0.117271],[33.184114,0.149945]],[[33.295972,0.030728],[33.30392,0.043974],[33.28302,0.043974],[33.284786,0.048684],[33.288024,0.059575],[33.290379,0.063696],[33.264181,0.057515],[33.250346,0.049567],[33.247696,0.035437],[33.256233,0.010417],[33.284492,0.021897],[33.295972,0.030728]],[[33.38693,0.251206],[33.400177,0.256799],[33.388402,0.272401],[33.381043,0.287413],[33.371035,0.297716],[33.351901,0.297716],[33.351901,0.290946],[33.359555,0.288885],[33.365736,0.285058],[33.370152,0.278582],[33.372212,0.270046],[33.366031,0.270046],[33.356905,0.274461],[33.349841,0.267102],[33.347191,0.254444],[33.351901,0.24267],[33.343365,0.245908],[33.341598,0.247085],[33.338066,0.250029],[33.329235,0.239137],[33.319815,0.240315],[33.314517,0.247968],[33.317755,0.256799],[33.317755,0.262981],[33.295972,0.263275],[33.293911,0.274167],[33.30392,0.288296],[33.317755,0.297716],[33.298327,0.305075],[33.278016,0.304486],[33.238571,0.297716],[33.233272,0.294184],[33.211195,0.266513],[33.205013,0.255916],[33.20884,0.249735],[33.221498,0.24267],[33.255055,0.207935],[33.259176,0.201753],[33.263298,0.198515],[33.26212,0.19145],[33.256233,0.184386],[33.245636,0.181148],[33.235627,0.181736],[33.207663,0.187918],[33.228268,0.153772],[33.235039,0.153772],[33.246813,0.164958],[33.264475,0.153183],[33.279193,0.129928],[33.28302,0.106085],[33.293911,0.109912],[33.301271,0.117565],[33.304509,0.127868],[33.30392,0.140231],[33.31069,0.140231],[33.310101,0.100198],[33.316283,0.084891],[33.332473,0.07812],[33.339244,0.079886],[33.342187,0.081653],[33.344836,0.085479],[33.324525,0.09696],[33.319227,0.119037],[33.325114,0.141703],[33.338066,0.153772],[33.325114,0.160248],[33.317755,0.171434],[33.316872,0.184091],[33.324525,0.195572],[33.318344,0.210878],[33.32482,0.219121],[33.3363,0.217355],[33.344836,0.201753],[33.352196,0.210878],[33.35926,0.217355],[33.366325,0.219121],[33.372212,0.215883],[33.378688,0.227657],[33.381632,0.240315],[33.38693,0.251206]],[[33.726038,-0.129701],[33.728687,-0.108801],[33.718973,-0.099381],[33.704844,-0.104091],[33.671286,-0.126757],[33.653919,-0.134116],[33.653919,-0.140298],[33.670698,-0.138237],[33.681589,-0.139709],[33.689242,-0.147068],[33.69513,-0.162081],[33.7019,-0.154427],[33.715441,-0.168263],[33.726038,-0.129701]],[[33.769604,0.07812],[33.781084,0.072822],[33.81994,0.064874],[33.83142,0.063696],[33.842901,0.067818],[33.85232,0.073116],[33.863506,0.073705],[33.879402,0.063696],[33.88264,0.078709],[33.866744,0.090484],[33.843784,0.095782],[33.82465,0.091661],[33.812287,0.11521],[33.786088,0.115799],[33.765483,0.100786],[33.769604,0.07812]]]}},{"type":"Feature","properties":{"name":"Lake Chad","scalerank":1},"geometry":{"type":"Polygon","coordinates":[[[14.733664,13.080772],[14.745145,13.075768],[14.768105,13.069881],[14.720712,13.052219],[14.705111,13.044566],[14.698635,13.038973],[14.690687,13.009536],[14.688921,13.007181],[14.687155,13.004238],[14.681268,13.001883],[14.678618,12.995407],[14.680973,12.98952],[14.683917,12.983338],[14.681268,12.977745],[14.667138,12.974507],[14.652714,12.973918],[14.644767,12.972446],[14.637113,12.973035],[14.619451,12.990108],[14.609443,12.993935],[14.598846,12.99629],[14.588249,12.991286],[14.58089,12.981866],[14.578535,12.974213],[14.57147,12.971563],[14.564994,12.977156],[14.560578,12.984515],[14.550864,12.985987],[14.540856,12.983632],[14.509065,12.978039],[14.495524,12.970092],[14.485516,12.957434],[14.47904,12.95243],[14.476685,12.944188],[14.473447,12.937123],[14.469031,12.939183],[14.465204,12.951547],[14.461966,12.957434],[14.456373,12.951252],[14.452547,12.943599],[14.452252,12.933002],[14.450486,12.929764],[14.44872,12.926526],[14.441361,12.933296],[14.43253,12.93624],[14.423405,12.930941],[14.415457,12.923288],[14.406037,12.915929],[14.398384,12.907098],[14.410158,12.89444],[14.406626,12.882077],[14.400444,12.882077],[14.394557,12.883254],[14.387492,12.882371],[14.37248,12.872951],[14.362766,12.874129],[14.35364,12.878839],[14.343043,12.879133],[14.318611,12.870302],[14.313313,12.875012],[14.310369,12.88502],[14.30036,12.88767],[14.268864,12.888258],[14.275928,12.898561],[14.287997,12.904154],[14.273279,12.9383],[14.28417,12.941244],[14.29359,12.946837],[14.285937,12.961849],[14.271807,12.973918],[14.270335,12.9801],[14.270924,12.98481],[14.260621,12.993935],[14.247375,12.999234],[14.251202,13.004532],[14.257678,13.009831],[14.263271,13.011597],[14.282993,13.013069],[14.293884,13.019545],[14.294179,13.027198],[14.29153,13.034852],[14.290352,13.042211],[14.285348,13.048687],[14.278578,13.052808],[14.273868,13.058106],[14.285054,13.061639],[14.324793,13.057223],[14.32126,13.069881],[14.305953,13.099023],[14.302421,13.109031],[14.296534,13.118157],[14.284759,13.125221],[14.278872,13.136113],[14.306837,13.126693],[14.345987,13.08872],[14.350697,13.081656],[14.362766,13.06782],[14.380722,13.063699],[14.376306,13.073413],[14.373068,13.083422],[14.371302,13.102555],[14.359528,13.112269],[14.344809,13.118745],[14.303304,13.165549],[14.30036,13.172614],[14.308897,13.171731],[14.318022,13.16761],[14.327148,13.162311],[14.337156,13.159073],[14.346576,13.15819],[14.35629,13.158779],[14.363649,13.1629],[14.366887,13.170259],[14.364238,13.180268],[14.373952,13.193808],[14.437534,13.223539],[14.446954,13.222067],[14.457257,13.216474],[14.469031,13.214414],[14.462555,13.222362],[14.464321,13.230604],[14.513186,13.251209],[14.536735,13.253564],[14.544388,13.248854],[14.55057,13.242084],[14.570587,13.22766],[14.598551,13.199107],[14.607677,13.192925],[14.612092,13.197341],[14.614153,13.202639],[14.611209,13.20941],[14.609737,13.217357],[14.631814,13.212353],[14.651243,13.215886],[14.667433,13.205583],[14.673614,13.18851],[14.667727,13.180562],[14.666844,13.17703],[14.670965,13.164372],[14.67538,13.157307],[14.692748,13.148771],[14.702756,13.134935],[14.718652,13.127871],[14.719535,13.121983],[14.719829,13.116391],[14.71718,13.109326],[14.718652,13.098729],[14.724245,13.089015],[14.733664,13.080772]]]}},{"type":"Feature","properties":{"name":"Vänern","scalerank":1},"geometry":{"type":"Polygon","coordinates":[[[14.116677,59.066631],[14.098132,59.042493],[14.071051,59.023065],[14.040437,59.009819],[14.010412,59.005109],[13.989512,59.004814],[13.978326,59.003343],[13.973616,58.998338],[13.972733,58.987741],[13.977149,58.977438],[13.987746,58.967136],[14.001287,58.959482],[14.014239,58.956539],[14.014239,58.950357],[14.004819,58.937994],[13.993633,58.899138],[13.986274,58.881476],[13.973911,58.86352],[13.965668,58.856455],[13.95566,58.853511],[13.953894,58.850568],[13.964785,58.834672],[13.965963,58.82643],[13.958604,58.821425],[13.936232,58.816127],[13.931522,58.809651],[13.928579,58.808768],[13.912094,58.817599],[13.904441,58.819954],[13.879714,58.813183],[13.868528,58.799054],[13.871766,58.783453],[13.890017,58.771678],[13.849983,58.739592],[13.711927,58.689845],[13.702507,58.682191],[13.695737,58.674832],[13.686906,58.669828],[13.67101,58.669239],[13.653054,58.67336],[13.648638,58.679542],[13.647755,58.688373],[13.640396,58.699559],[13.624206,58.69897],[13.547377,58.669239],[13.530304,58.65717],[13.522356,58.65511],[13.507049,58.655698],[13.488504,58.663352],[13.475552,58.665118],[13.462306,58.658642],[13.439345,58.644218],[13.363105,58.628323],[13.325427,58.60389],[13.279506,58.536187],[13.245948,58.510871],[13.213568,58.503512],[13.172652,58.502923],[13.137622,58.512343],[13.122904,58.535598],[13.128203,58.542368],[13.160288,58.56945],[13.166764,58.579458],[13.176184,58.602419],[13.184426,58.613899],[13.17118,58.614193],[13.136445,58.620964],[13.123787,58.620375],[13.006041,58.600358],[13.001332,58.602713],[12.996622,58.606834],[12.990146,58.609483],[12.979549,58.607128],[12.983964,58.605951],[12.979254,58.596826],[12.965714,58.579753],[12.946874,58.569155],[12.924797,58.567095],[12.900659,58.571216],[12.875932,58.579753],[12.894772,58.57151],[12.923031,58.552377],[12.938632,58.546489],[12.927152,58.540896],[12.920676,58.539425],[12.911256,58.538836],[12.917732,58.529122],[12.921559,58.527061],[12.931273,58.524706],[12.915083,58.515876],[12.892417,58.499097],[12.875932,58.491149],[12.824124,58.479963],[12.807346,58.473781],[12.796749,58.472015],[12.778498,58.477019],[12.770256,58.473781],[12.762014,58.46289],[12.757009,58.45818],[12.670466,58.442579],[12.679003,58.428155],[12.684301,58.42109],[12.691661,58.414909],[12.651038,58.389005],[12.601879,58.366044],[12.552721,58.356919],[12.512687,58.373698],[12.531526,58.384589],[12.569205,58.400485],[12.584806,58.411671],[12.619247,58.464362],[12.63632,58.477608],[12.603646,58.468777],[12.590399,58.462301],[12.578036,58.452882],[12.541829,58.414909],[12.537414,58.408433],[12.533587,58.406372],[12.528877,58.401662],[12.522401,58.396952],[12.478247,58.389005],[12.465,58.388121],[12.40495,58.391065],[12.383167,58.388121],[12.343428,58.376641],[12.32606,58.376053],[12.310753,58.384589],[12.303689,58.399013],[12.307221,58.413437],[12.317524,58.424623],[12.331653,58.429038],[12.376102,58.469955],[12.395236,58.477903],[12.414958,58.482024],[12.45823,58.483495],[12.465589,58.495564],[12.487666,58.513521],[12.513865,58.530888],[12.533881,58.538836],[12.530643,58.542663],[12.529172,58.546195],[12.526522,58.549139],[12.520341,58.552082],[12.530055,58.560619],[12.560668,58.579753],[12.598347,58.617431],[12.621308,58.630972],[12.631022,58.639508],[12.629255,58.648045],[12.617481,58.651283],[12.563907,58.648045],[12.540357,58.653344],[12.518574,58.666884],[12.501796,58.684252],[12.492965,58.702797],[12.491493,58.730173],[12.498263,58.751367],[12.520341,58.792283],[12.500618,58.790517],[12.472065,58.774033],[12.45823,58.771678],[12.450282,58.774033],[12.4441,58.778743],[12.439979,58.785807],[12.438213,58.795816],[12.434681,58.796699],[12.42585,58.800526],[12.416136,58.806119],[12.410248,58.812595],[12.436447,58.828196],[12.451459,58.830845],[12.464411,58.804352],[12.479718,58.801114],[12.497969,58.803175],[12.512687,58.806413],[12.493848,58.812595],[12.483545,58.822897],[12.479424,58.837027],[12.478541,58.853511],[12.479718,58.863225],[12.485017,58.880004],[12.486194,58.888246],[12.483839,58.892367],[12.47913,58.897666],[12.476186,58.905025],[12.478541,58.915622],[12.453814,58.921804],[12.434681,58.939465],[12.43056,58.955361],[12.451459,58.956539],[12.504445,58.920332],[12.524167,58.901787],[12.533881,58.895311],[12.50886,58.850568],[12.510921,58.8332],[12.540357,58.82643],[12.566261,58.815833],[12.581274,58.815538],[12.59246,58.842031],[12.603646,58.84939],[12.629255,58.861165],[12.623368,58.871173],[12.624251,58.878238],[12.627489,58.883831],[12.629255,58.888246],[12.632788,58.92563],[12.642796,58.940349],[12.644268,58.951829],[12.651333,58.961543],[12.677237,58.970962],[12.667228,58.987741],[12.681063,59.000693],[12.701375,59.014528],[12.711972,59.032485],[12.708145,59.039844],[12.699903,59.048086],[12.694604,59.057211],[12.697842,59.066631],[12.707556,59.070458],[12.71727,59.065748],[12.725807,59.056328],[12.731694,59.046025],[12.772905,59.077228],[12.783502,59.079877],[12.80764,59.08076],[12.811761,59.084881],[12.823536,59.092829],[12.836193,59.095184],[12.841786,59.083704],[12.846496,59.078994],[12.857388,59.080466],[12.868868,59.086353],[12.875932,59.093712],[12.885646,59.083704],[12.890062,59.072518],[12.887413,59.061627],[12.875932,59.052796],[12.890651,59.049852],[12.935394,59.052207],[12.944814,59.049558],[12.948052,59.039549],[12.955705,59.039844],[12.96483,59.044259],[12.971895,59.046025],[12.982492,59.044848],[12.98838,59.045437],[12.993678,59.04367],[13.003098,59.035428],[13.019877,59.026892],[13.061971,59.018944],[13.074923,59.01129],[13.076983,58.997161],[13.067858,58.985092],[13.054023,58.975672],[13.040482,58.970962],[13.05314,58.96743],[13.073156,58.958305],[13.085814,58.956539],[13.090524,58.952418],[13.105831,58.92563],[13.124965,58.915328],[13.169119,58.910029],[13.184426,58.902081],[13.186781,58.896783],[13.197967,58.881476],[13.245065,58.904142],[13.259489,58.915622],[13.251541,58.92828],[13.244476,58.942998],[13.234762,58.95595],[13.219161,58.963309],[13.225343,58.980088],[13.225931,58.997455],[13.221516,59.013351],[13.211802,59.025714],[13.215629,59.035723],[13.214451,59.046614],[13.210036,59.057211],[13.204737,59.066631],[13.201794,59.068103],[13.188842,59.078405],[13.187664,59.08076],[13.184132,59.083115],[13.184132,59.089002],[13.185015,59.095773],[13.184426,59.101366],[13.159699,59.139633],[13.142038,59.157884],[13.122904,59.168775],[13.13615,59.181433],[13.133501,59.193207],[13.109069,59.216757],[13.112601,59.222938],[13.114073,59.227354],[13.112601,59.231475],[13.109069,59.237951],[13.110246,59.251197],[13.100238,59.257673],[13.086403,59.262972],[13.074923,59.271214],[13.071979,59.282988],[13.08287,59.281811],[13.096706,59.275335],[13.102593,59.271214],[13.126731,59.278279],[13.134973,59.294763],[13.130557,59.315368],[13.115545,59.333913],[13.129969,59.341273],[13.155578,59.361878],[13.170591,59.36806],[13.177361,59.328615],[13.197378,59.310659],[13.229758,59.306243],[13.27303,59.306832],[13.264787,59.315074],[13.238589,59.331264],[13.232702,59.337151],[13.238,59.347749],[13.251541,59.357168],[13.267142,59.364233],[13.280389,59.36806],[13.3007,59.369237],[13.359278,59.361289],[13.363399,59.36335],[13.376646,59.372769],[13.383122,59.37483],[13.393425,59.373358],[13.417857,59.361289],[13.450826,59.356874],[13.483206,59.360995],[13.595358,59.394258],[13.628327,59.39779],[13.655114,59.40721],[13.67101,59.408388],[13.661885,59.393669],[13.656586,59.388665],[13.669538,59.377479],[13.682785,59.376007],[13.711927,59.381306],[13.719286,59.383367],[13.723407,59.388371],[13.726056,59.393375],[13.729294,59.395436],[13.766384,59.395436],[13.766384,59.388665],[13.76344,59.37483],[13.754609,59.367177],[13.72635,59.35393],[13.734004,59.346277],[13.736064,59.341567],[13.732532,59.333913],[13.743424,59.325377],[13.763735,59.323611],[13.808184,59.326554],[13.79376,59.338918],[13.784635,59.351281],[13.786989,59.360112],[13.808184,59.361289],[13.815543,59.350692],[13.822608,59.343333],[13.831733,59.340095],[13.842919,59.342156],[13.851161,59.345394],[13.859403,59.345982],[13.87,59.340095],[13.856459,59.328615],[13.858226,59.322728],[13.867351,59.320667],[13.876182,59.319784],[13.887956,59.322139],[13.901497,59.32626],[13.913272,59.325083],[13.917981,59.309776],[13.922103,59.305949],[13.931522,59.306243],[13.940353,59.311542],[13.944769,59.323022],[13.942414,59.331559],[13.939176,59.339212],[13.940648,59.346865],[13.952128,59.35393],[13.975088,59.353341],[13.985685,59.336563],[13.994811,59.316252],[14.01365,59.306832],[14.026013,59.310953],[14.032489,59.320373],[14.035433,59.329792],[14.037493,59.333913],[14.050445,59.33303],[14.061337,59.329792],[14.070168,59.323022],[14.075761,59.313014],[14.065164,59.313602],[14.055744,59.311836],[14.047502,59.306832],[14.040437,59.299178],[14.048679,59.285343],[14.05545,59.267387],[14.060454,59.249137],[14.061926,59.234124],[14.054566,59.212047],[14.021598,59.183788],[14.00894,59.154057],[13.996871,59.148464],[13.972733,59.142282],[13.962136,59.135512],[13.953011,59.127564],[13.932111,59.099894],[13.92799,59.095478],[13.927401,59.090769],[13.931522,59.08076],[13.939764,59.071635],[13.948595,59.067514],[13.955954,59.062804],[13.958898,59.052796],[14.001581,59.065453],[14.023658,59.067808],[14.048385,59.066631],[14.04603,59.071046],[14.042498,59.082526],[14.040437,59.086942],[14.059865,59.092535],[14.058393,59.101366],[14.051328,59.111374],[14.054566,59.120499],[14.06899,59.121677],[14.081648,59.112552],[14.091362,59.098716],[14.096661,59.086942],[14.091951,59.081643],[14.086652,59.071929],[14.082531,59.066631],[14.089301,59.062804],[14.096955,59.061627],[14.10608,59.063098],[14.116677,59.066631]],[[13.19885,58.63421],[13.204737,58.655698],[13.204737,58.671594],[13.199144,58.680425],[13.170591,58.696615],[13.157639,58.690433],[13.144098,58.690433],[13.115545,58.696615],[13.101121,58.692788],[13.084048,58.683074],[13.069035,58.671594],[13.061382,58.66188],[13.061971,58.644807],[13.075806,58.640686],[13.094056,58.638625],[13.109069,58.628323],[13.138211,58.639214],[13.149985,58.64569],[13.163821,58.655698],[13.170591,58.648045],[13.165292,58.64569],[13.156461,58.638331],[13.149691,58.634504],[13.170885,58.627145],[13.18737,58.625968],[13.19885,58.63421]],[[13.568571,59.306832],[13.568571,59.313014],[13.562684,59.315957],[13.561507,59.320078],[13.56239,59.32626],[13.561801,59.333913],[13.533836,59.342744],[13.497335,59.343627],[13.460245,59.334797],[13.431398,59.313014],[13.450826,59.316252],[13.472903,59.313897],[13.486149,59.303888],[13.479379,59.285638],[13.48821,59.275629],[13.499984,59.271214],[13.508227,59.274158],[13.507049,59.285638],[13.547377,59.278867],[13.533836,59.299767],[13.527655,59.306832],[13.568571,59.306832]],[[13.83085,58.800526],[13.84233,58.819954],[13.821724,58.83997],[13.794054,58.831728],[13.779925,58.825547],[13.774037,58.816421],[13.771977,58.803469],[13.76609,58.799643],[13.757259,58.803175],[13.746073,58.812595],[13.743424,58.82172],[13.74519,58.830551],[13.739597,58.837321],[13.715459,58.83997],[13.704273,58.836438],[13.698386,58.828196],[13.691027,58.806413],[13.711044,58.78463],[13.712221,58.776976],[13.711927,58.761081],[13.71752,58.752544],[13.730766,58.754605],[13.75667,58.764908],[13.769033,58.76373],[13.791111,58.758726],[13.801413,58.757254],[13.811127,58.759609],[13.813188,58.765202],[13.812599,58.772267],[13.814954,58.779037],[13.83085,58.800526]]]}},{"type":"Feature","properties":{"name":"Lake Onega","scalerank":1},"geometry":{"type":"Polygon","coordinates":[[[35.859884,60.854599],[35.843988,60.859603],[35.81985,60.881974],[35.805426,60.889333],[35.789236,60.88845],[35.762155,60.875498],[35.743315,60.875793],[35.756267,60.89316],[35.774518,60.906112],[35.778933,60.91406],[35.75038,60.916709],[35.717411,60.913471],[35.652062,60.899047],[35.617033,60.895809],[35.589657,60.899047],[35.560221,60.907878],[35.532845,60.921125],[35.494578,60.950856],[35.489573,60.959392],[35.489573,60.971461],[35.497816,60.981469],[35.508118,60.981764],[35.512828,60.983824],[35.503703,60.999426],[35.488102,61.012672],[35.465141,61.024741],[35.387429,61.055355],[35.368295,61.058593],[35.353283,61.057121],[35.317665,61.035927],[35.299709,61.028568],[35.279986,61.009728],[35.267623,61.005607],[35.253199,61.009728],[35.239364,61.018265],[35.224646,61.024741],[35.209044,61.023269],[35.151643,61.000309],[35.123384,60.996482],[35.092182,60.999426],[35.137808,61.020031],[35.143696,61.034455],[35.120146,61.053883],[35.108078,61.058887],[35.101307,61.05771],[35.093948,61.054766],[35.078347,61.053883],[35.067455,61.056532],[35.029188,61.072134],[35.015353,61.073311],[34.962073,61.067718],[34.951476,61.071839],[34.93558,61.09009],[34.920862,61.094211],[34.879357,61.093033],[34.874647,61.087735],[34.920862,61.053883],[34.902317,61.039754],[34.876413,61.028273],[34.849037,61.021209],[34.825488,61.019737],[34.833436,61.041225],[34.823133,61.055355],[34.806943,61.066246],[34.798701,61.077432],[34.800173,61.085969],[34.803116,61.093033],[34.803999,61.099215],[34.798406,61.104808],[34.77574,61.113933],[34.771619,61.120998],[34.777507,61.136599],[34.785749,61.143958],[34.796052,61.145725],[34.80606,61.146313],[34.812242,61.149551],[34.814302,61.158677],[34.811359,61.168096],[34.806943,61.17781],[34.804882,61.18723],[34.809298,61.205775],[34.821367,61.219904],[34.838734,61.22903],[34.85934,61.231973],[34.885244,61.226675],[34.931753,61.202831],[34.955303,61.197238],[35.056564,61.199299],[35.072165,61.207541],[35.080407,61.225203],[35.098364,61.221671],[35.133687,61.197238],[35.162535,61.184286],[35.193443,61.176927],[35.25732,61.169862],[35.240836,61.17104],[35.226412,61.167802],[35.216992,61.158677],[35.216404,61.142781],[35.179902,61.154261],[35.145462,61.169568],[35.110138,61.180165],[35.072165,61.177516],[35.057741,61.171923],[35.048616,61.165153],[35.042434,61.155733],[35.037725,61.142781],[35.031543,61.134244],[35.026539,61.133067],[35.027127,61.131595],[35.037725,61.122175],[35.045084,61.118937],[35.07923,61.111578],[35.156059,61.058298],[35.181374,61.046524],[35.219347,61.050351],[35.290289,61.087441],[35.325907,61.084791],[35.345629,61.076255],[35.366529,61.070956],[35.428346,61.065069],[35.44277,61.058887],[35.500465,61.020914],[35.52843,61.009434],[35.556983,61.010611],[35.628219,61.058004],[35.634106,61.063891],[35.635578,61.080081],[35.639699,61.090384],[35.648236,61.098332],[35.661188,61.108635],[35.685914,61.120998],[35.691802,61.128063],[35.688858,61.142781],[35.679438,61.152495],[35.624392,61.17781],[35.615856,61.180165],[35.607908,61.183698],[35.599371,61.191057],[35.610263,61.206952],[35.612323,61.223731],[35.607025,61.24051],[35.596133,61.256111],[35.58848,61.260821],[35.566991,61.26818],[35.559043,61.273184],[35.554039,61.282604],[35.552567,61.302326],[35.548152,61.310569],[35.532551,61.327936],[35.524308,61.334412],[35.489573,61.355018],[35.473678,61.369147],[35.464258,61.373562],[35.391845,61.377389],[35.374183,61.382982],[35.355932,61.394462],[35.351517,61.405648],[35.348867,61.418011],[35.33621,61.433907],[35.323552,61.440972],[35.297942,61.44627],[35.284402,61.451275],[35.279103,61.45569],[35.260853,61.475707],[35.239953,61.48336],[35.147522,61.491602],[35.124268,61.501316],[35.112787,61.504555],[35.095714,61.505732],[35.081585,61.503083],[35.070399,61.498078],[35.058919,61.495135],[35.044495,61.498962],[35.054503,61.507793],[35.056564,61.516035],[35.053031,61.524571],[35.044495,61.533697],[35.028305,61.540761],[34.910265,61.531047],[34.893486,61.533697],[34.881123,61.539878],[34.874058,61.546943],[34.868465,61.554302],[34.85934,61.561072],[34.826077,61.57167],[34.723049,61.582267],[34.701561,61.593747],[34.693907,61.609054],[34.688903,61.625538],[34.674479,61.642317],[34.663882,61.646438],[34.632974,61.65262],[34.620316,61.656741],[34.578811,61.683234],[34.510518,61.738574],[34.427508,61.78685],[34.340965,61.812165],[34.318299,61.828061],[34.341848,61.827472],[34.330368,61.843662],[34.284152,61.883107],[34.307996,61.893704],[34.335077,61.881341],[34.353622,61.859558],[34.35215,61.841601],[34.38247,61.831299],[34.418971,61.824823],[34.489619,61.820996],[34.509047,61.811282],[34.531713,61.79156],[34.554673,61.77743],[34.575867,61.783612],[34.580871,61.802157],[34.578516,61.8469],[34.589408,61.855731],[34.61384,61.85367],[34.62326,61.858086],[34.626792,61.873098],[34.625909,61.896059],[34.624143,61.906362],[34.620316,61.916664],[34.610013,61.931677],[34.564681,61.978775],[34.538483,62.014688],[34.52141,62.032644],[34.503454,62.040297],[34.493151,62.043241],[34.455178,62.064729],[34.307407,62.110356],[34.284152,62.12949],[34.30358,62.137143],[34.28739,62.15451],[34.236465,62.184241],[34.277088,62.206024],[34.284152,62.211617],[34.281209,62.216033],[34.260603,62.228985],[34.257071,62.234578],[34.258543,62.239287],[34.261781,62.243703],[34.263547,62.249001],[34.264136,62.262836],[34.263841,62.270196],[34.257954,62.276083],[34.207912,62.310818],[34.154043,62.337605],[34.116365,62.384998],[34.075743,62.422676],[34.023346,62.417672],[34.037475,62.403837],[34.020402,62.380582],[34.005095,62.374695],[33.989788,62.382643],[33.942984,62.432979],[33.932093,62.452407],[33.927677,62.475367],[33.928855,62.486259],[33.932976,62.505687],[33.935036,62.524526],[33.938275,62.525409],[33.942984,62.524526],[33.948283,62.52747],[33.950343,62.52747],[33.960646,62.534829],[33.969771,62.54366],[33.968888,62.547192],[33.981546,62.54572],[34.052488,62.522466],[34.068383,62.513929],[34.070738,62.513929],[34.07015,62.511869],[34.071916,62.499505],[34.071033,62.475662],[34.0675,62.453584],[34.073682,62.437689],[34.10253,62.431213],[34.139914,62.403837],[34.164052,62.392062],[34.172,62.384115],[34.174943,62.369396],[34.201142,62.338488],[34.372756,62.259893],[34.32242,62.245175],[34.300342,62.232223],[34.304463,62.211617],[34.299754,62.196016],[34.310939,62.183653],[34.329484,62.174233],[34.418677,62.139498],[34.45871,62.130667],[34.50051,62.107412],[34.524059,62.102408],[34.549669,62.100053],[34.57469,62.093871],[34.707448,62.037942],[34.745421,62.033232],[34.74336,62.061491],[34.684193,62.10594],[34.65564,62.133022],[34.655346,62.157454],[34.5585,62.231928],[34.583226,62.227513],[34.594707,62.227513],[34.606187,62.231928],[34.600005,62.239582],[34.61384,62.246941],[34.623849,62.244292],[34.640333,62.225747],[34.709803,62.166874],[34.723344,62.16187],[34.728937,62.170995],[34.724521,62.178943],[34.702444,62.201314],[34.69479,62.211617],[34.690964,62.224275],[34.690375,62.2334],[34.688903,62.241937],[34.681838,62.252534],[34.670064,62.262542],[34.642982,62.279615],[34.544076,62.362332],[34.512285,62.403837],[34.495211,62.419438],[34.456944,62.441221],[34.44517,62.451818],[34.439577,62.463887],[34.444875,62.475367],[34.455472,62.472424],[34.510518,62.444754],[34.553496,62.40472],[34.579694,62.384998],[34.630913,62.368513],[34.655346,62.349085],[34.69479,62.30758],[34.72717,62.281087],[34.76691,62.255183],[34.794874,62.250473],[34.791636,62.28668],[34.770442,62.341137],[34.761022,62.34938],[34.73659,62.353501],[34.711863,62.363803],[34.689197,62.378227],[34.671241,62.39324],[34.606187,62.437394],[34.570274,62.454468],[34.556439,62.466242],[34.543782,62.505098],[34.527003,62.51599],[34.506692,62.523643],[34.489619,62.533651],[34.47755,62.547781],[34.470485,62.562205],[34.461654,62.595762],[34.478727,62.59223],[34.487558,62.581044],[34.494034,62.566915],[34.503159,62.554257],[34.5167,62.544837],[34.59765,62.504509],[34.67183,62.478017],[34.702444,62.459177],[34.711275,62.448286],[34.727759,62.421204],[34.73659,62.410607],[34.791636,62.376755],[34.803411,62.365275],[34.812242,62.353795],[34.825488,62.328185],[34.832258,62.30287],[34.837263,62.290212],[34.846388,62.280498],[34.845505,62.291684],[34.845799,62.301987],[34.848154,62.31229],[34.852569,62.321415],[34.868171,62.295805],[34.874352,62.267546],[34.86611,62.251062],[34.839029,62.259893],[34.856396,62.236049],[34.862872,62.228985],[34.866993,62.220448],[34.869348,62.194544],[34.872292,62.184241],[34.888482,62.166579],[35.050971,62.06002],[35.101896,62.039414],[35.161652,62.034116],[35.153704,62.049717],[35.162535,62.061786],[35.177547,62.0715],[35.188439,62.081214],[35.19256,62.100936],[35.186378,62.118304],[35.17166,62.130961],[35.15076,62.135671],[35.132215,62.142442],[35.096597,62.171289],[35.07923,62.17806],[35.060979,62.182769],[35.041846,62.194544],[35.024184,62.210145],[35.010349,62.225747],[35.051854,62.225747],[35.040374,62.232223],[35.030071,62.240465],[35.010349,62.259893],[35.03743,62.255477],[35.078935,62.241642],[35.116908,62.22398],[35.133687,62.208085],[35.154587,62.182475],[35.202568,62.175116],[35.291466,62.170701],[35.335621,62.132139],[35.357698,62.122719],[35.372711,62.160398],[35.385957,62.172761],[35.401559,62.181003],[35.414511,62.181003],[35.434233,62.173055],[35.448951,62.170112],[35.464258,62.172172],[35.483097,62.17806],[35.577883,62.232811],[35.59319,62.249001],[35.588185,62.278732],[35.576117,62.295805],[35.560221,62.311112],[35.54462,62.334956],[35.54197,62.347025],[35.542559,62.369691],[35.537849,62.382937],[35.52843,62.390885],[35.514594,62.397655],[35.502231,62.406486],[35.496933,62.420616],[35.48663,62.437394],[35.421281,62.492735],[35.36388,62.530708],[35.353872,62.544249],[35.338859,62.573685],[35.326201,62.582222],[35.304124,62.582516],[35.296765,62.570447],[35.299709,62.55308],[35.308834,62.537478],[35.310306,62.523937],[35.286757,62.526587],[35.243485,62.541011],[35.216404,62.543954],[35.161063,62.557201],[35.107489,62.562205],[35.094537,62.565443],[35.084528,62.573979],[35.068927,62.591936],[35.056269,62.601355],[35.01918,62.6199],[34.983856,62.642861],[34.966488,62.651397],[34.94706,62.655813],[34.920862,62.657284],[34.928221,62.645804],[34.938818,62.636973],[34.962367,62.623138],[34.935875,62.623138],[34.902611,62.638151],[34.870526,62.645804],[34.846388,62.623138],[34.848743,62.60165],[34.869348,62.589286],[34.897018,62.580161],[34.920862,62.568386],[34.929104,62.559261],[34.937935,62.540128],[34.945,62.530708],[34.956774,62.521583],[34.97944,62.508925],[34.989743,62.499505],[34.994747,62.490086],[34.99563,62.481255],[34.99828,62.472129],[35.014764,62.453879],[35.020946,62.444165],[35.03066,62.423854],[35.023889,62.423854],[35.017708,62.435628],[34.989743,62.46477],[34.983267,62.475367],[34.974436,62.496562],[34.968549,62.505687],[34.959129,62.515107],[34.937641,62.531591],[34.927632,62.541011],[34.915269,62.563382],[34.905849,62.569858],[34.886716,62.568386],[34.896135,62.550725],[34.90791,62.533651],[34.895547,62.536006],[34.887893,62.542188],[34.876119,62.557495],[34.866993,62.562794],[34.84315,62.569564],[34.832847,62.574568],[34.816951,62.589875],[34.79458,62.620195],[34.739239,62.664055],[34.713924,62.675535],[34.702444,62.660522],[34.711275,62.646393],[34.770736,62.595762],[34.739828,62.612247],[34.718634,62.63403],[34.700089,62.658168],[34.678306,62.681422],[34.625026,62.720573],[34.564681,62.753247],[34.575867,62.775913],[34.574101,62.796519],[34.562326,62.815947],[34.544076,62.835375],[34.529946,62.856275],[34.519349,62.863928],[34.506986,62.859513],[34.493445,62.85127],[34.484026,62.854803],[34.454884,62.896308],[34.451351,62.906611],[34.458416,62.911026],[34.522587,62.92074],[34.544076,62.917797],[34.556439,62.910438],[34.56527,62.901312],[34.575573,62.893364],[34.605009,62.887477],[34.640333,62.869521],[34.640333,62.863339],[34.657112,62.844206],[34.687726,62.823895],[34.719517,62.812709],[34.739828,62.821834],[34.765438,62.842439],[34.806649,62.850682],[34.850509,62.847149],[34.883478,62.832137],[34.896135,62.824189],[34.999752,62.782978],[35.013881,62.780034],[35.029482,62.778857],[35.046555,62.774736],[35.059802,62.767671],[35.065395,62.756485],[34.976202,62.767082],[34.976202,62.759723],[35.044495,62.739118],[35.119558,62.735291],[35.216698,62.698201],[35.376538,62.672886],[35.415099,62.65699],[35.418043,62.633147],[35.412156,62.618723],[35.42187,62.611952],[35.437765,62.607243],[35.452189,62.599295],[35.463081,62.590464],[35.479271,62.581927],[35.496344,62.575746],[35.510473,62.574568],[35.480743,62.599589],[35.475738,62.609303],[35.480448,62.625787],[35.494578,62.636973],[35.512239,62.640211],[35.527546,62.633147],[35.543148,62.614013],[35.549035,62.603121],[35.55139,62.591936],[35.552567,62.572213],[35.556983,62.565737],[35.585831,62.568386],[35.609674,62.567209],[35.686209,62.552785],[35.705931,62.551608],[35.715939,62.547192],[35.719177,62.542777],[35.725359,62.528942],[35.730363,62.523643],[35.805132,62.478311],[35.825737,62.459177],[35.839278,62.436511],[35.846932,62.407075],[35.843988,62.378816],[35.818673,62.350851],[35.819261,62.340254],[35.823382,62.328774],[35.825737,62.317883],[35.798656,62.284031],[35.791885,62.273139],[35.776578,62.192189],[35.760683,62.167168],[35.737722,62.148034],[35.687975,62.116832],[35.668252,62.094755],[35.66001,62.057959],[35.67885,62.029994],[35.712701,62.0088],[35.776578,61.984074],[35.828387,61.97171],[35.853702,61.961702],[35.871952,61.946101],[35.866948,61.932854],[35.833391,61.909894],[35.860472,61.876336],[35.83604,61.868977],[35.823382,61.858675],[35.825737,61.847194],[35.846932,61.83542],[35.861355,61.832182],[35.908454,61.828061],[35.913752,61.824823],[35.916107,61.81658],[35.921994,61.814814],[35.931708,61.81452],[35.939951,61.813637],[35.947898,61.811282],[35.956729,61.807455],[35.957907,61.804512],[35.97969,61.783612],[36.004122,61.752115],[36.033853,61.723561],[36.042095,61.706488],[36.03503,61.68706],[36.020901,61.664689],[36.026494,61.654386],[36.045333,61.648204],[36.135114,61.608171],[36.182801,61.574024],[36.213415,61.545177],[36.231665,61.512502],[36.223129,61.479239],[36.283474,61.474235],[36.342641,61.460989],[36.395332,61.435968],[36.435954,61.395934],[36.445374,61.375917],[36.448906,61.353251],[36.445079,61.330291],[36.432422,61.310569],[36.405046,61.294379],[36.349411,61.27966],[36.332927,61.259349],[36.383852,61.2149],[36.401808,61.204303],[36.433894,61.19871],[36.450084,61.193706],[36.45656,61.183698],[36.448317,61.171923],[36.43095,61.17104],[36.395038,61.177516],[36.379731,61.169568],[36.294365,61.103042],[36.265223,61.09009],[36.209882,61.0739],[36.175442,61.068307],[36.158663,61.068896],[36.141001,61.0739],[36.132465,61.080965],[36.122751,61.090973],[36.110976,61.09686],[36.096552,61.091267],[36.078302,61.071839],[36.053575,61.031806],[36.037974,61.012378],[35.987343,60.975288],[35.931414,60.954977],[35.870481,60.94644],[35.805426,60.944674],[35.816612,60.939375],[35.828387,60.93702],[35.840455,60.936432],[35.853113,60.937315],[35.843988,60.936137],[35.835157,60.933194],[35.826915,60.928778],[35.818967,60.922891],[35.921994,60.92819],[35.94937,60.922891],[35.927882,60.887273],[35.921994,60.881974],[35.904627,60.877853],[35.876368,60.859014],[35.859884,60.854599]],[[35.140752,61.984957],[35.143107,62.005857],[35.140458,62.017926],[35.129272,62.025873],[35.106311,62.034116],[35.096303,62.037648],[35.082762,62.040297],[35.070693,62.03912],[35.065395,62.030289],[35.067455,62.022047],[35.076581,62.009978],[35.078347,62.002913],[35.078641,61.952282],[35.082174,61.94404],[35.108078,61.94404],[35.124562,61.947867],[35.13457,61.959641],[35.140752,61.984957]],[[34.681838,61.94404],[34.681838,61.951399],[34.667709,61.956992],[34.651813,61.965234],[34.637978,61.976126],[34.628853,61.988489],[34.611191,62.002324],[34.601477,62.00674],[34.592646,62.00674],[34.585876,62.000264],[34.584404,61.990844],[34.587936,61.982602],[34.604126,61.974948],[34.61178,61.966117],[34.623554,61.947867],[34.636212,61.93933],[34.651224,61.938153],[34.681838,61.94404]],[[35.347101,61.997909],[35.353577,62.016159],[35.348867,62.029406],[35.319431,62.075032],[35.319431,62.081214],[35.301475,62.091811],[35.279986,62.096226],[35.257615,62.093283],[35.236126,62.081214],[35.223174,62.066201],[35.21552,62.047362],[35.216404,62.028523],[35.229944,62.012921],[35.211105,62.00203],[35.195504,61.9879],[35.183435,61.970827],[35.174604,61.951399],[35.171955,61.935504],[35.170777,61.905773],[35.152232,61.869566],[35.160474,61.858675],[35.180491,61.855731],[35.202568,61.855731],[35.211694,61.85161],[35.219053,61.843956],[35.226706,61.840424],[35.236126,61.848372],[35.236126,61.854848],[35.232299,61.86309],[35.227001,61.871332],[35.222585,61.876336],[35.245546,61.887228],[35.306773,61.896353],[35.319431,61.906362],[35.320608,61.916076],[35.325907,61.935504],[35.326201,61.94404],[35.323552,61.950222],[35.314132,61.965823],[35.311778,61.971416],[35.318254,61.9879],[35.347101,61.997909]]]}},{"type":"Feature","properties":{"name":"Lake Tana","scalerank":1},"geometry":{"type":"Polygon","coordinates":[[[37.301973,11.740238],[37.29638,11.786159],[37.292259,11.798817],[37.284606,11.808236],[37.272243,11.816479],[37.258996,11.821777],[37.224556,11.830314],[37.209837,11.830314],[37.194825,11.824426],[37.181873,11.816184],[37.167449,11.810003],[37.14861,11.810297],[37.132125,11.816479],[37.123,11.825898],[37.119762,11.839439],[37.120645,11.858278],[37.101806,11.85033],[37.095035,11.835318],[37.092386,11.818539],[37.086499,11.803527],[37.072369,11.826781],[37.06972,11.830314],[37.066188,11.83208],[37.044405,11.840028],[37.039401,11.841205],[37.035574,11.861516],[37.026154,11.879767],[37.010847,11.889775],[36.991419,11.88536],[36.987298,11.905377],[36.993185,11.92245],[37.000839,11.935402],[37.001428,11.943644],[36.999367,11.955124],[37.015263,12.170893],[37.024388,12.18826],[37.068248,12.242129],[37.0812,12.252137],[37.096802,12.255964],[37.110048,12.261851],[37.123,12.273332],[37.137424,12.28128],[37.15538,12.27657],[37.167449,12.258908],[37.170393,12.238597],[37.175986,12.220052],[37.196297,12.207688],[37.212192,12.220641],[37.226616,12.219463],[37.239863,12.212104],[37.251048,12.207688],[37.268122,12.20916],[37.275775,12.215636],[37.294909,12.264795],[37.301679,12.274509],[37.312865,12.282751],[37.3267,12.289227],[37.337591,12.290994],[37.347894,12.285106],[37.360846,12.268916],[37.378214,12.285106],[37.394698,12.29011],[37.429139,12.289522],[37.446212,12.295409],[37.461813,12.30424],[37.478592,12.309244],[37.498609,12.303946],[37.505085,12.295703],[37.525101,12.255964],[37.534227,12.244778],[37.538348,12.236831],[37.546296,12.207688],[37.559836,12.180313],[37.591922,12.138219],[37.601047,12.11202],[37.601342,12.093181],[37.598104,12.075813],[37.580442,12.015763],[37.574849,12.006343],[37.568962,11.999573],[37.566607,11.99192],[37.573671,11.981028],[37.560719,11.96837],[37.548945,11.934813],[37.538937,11.920095],[37.52569,11.913913],[37.500375,11.912736],[37.49125,11.905965],[37.49331,11.898017],[37.508028,11.868581],[37.511561,11.858278],[37.505673,11.838262],[37.490072,11.829725],[37.471233,11.823543],[37.456809,11.810297],[37.454748,11.80176],[37.453277,11.779977],[37.450333,11.76938],[37.444151,11.761727],[37.42855,11.74642],[37.429139,11.734645],[37.429139,11.721693],[37.424134,11.712274],[37.411771,11.695495],[37.409122,11.690491],[37.408533,11.668708],[37.406178,11.661937],[37.401763,11.652812],[37.38675,11.631912],[37.369971,11.624259],[37.350543,11.625731],[37.3267,11.632207],[37.315514,11.648397],[37.302856,11.656344],[37.293731,11.663998],[37.292554,11.680188],[37.29903,11.697555],[37.307861,11.697555],[37.319047,11.692257],[37.33347,11.693729],[37.344067,11.70462],[37.336708,11.712274],[37.312865,11.721693],[37.305211,11.731113],[37.301973,11.740238]]]}},{"type":"Feature","properties":{"name":"Lago Titicaca","scalerank":1},"geometry":{"type":"Polygon","coordinates":[[[-69.294636,-16.26527],[-69.325544,-16.25379],[-69.35086,-16.248786],[-69.372054,-16.238483],[-69.390304,-16.210519],[-69.381179,-16.206398],[-69.377205,-16.200216],[-69.378088,-16.192268],[-69.383387,-16.183437],[-69.395456,-16.195212],[-69.404287,-16.192562],[-69.412971,-16.185203],[-69.424451,-16.183437],[-69.469636,-16.214051],[-69.476112,-16.214934],[-69.485973,-16.211991],[-69.495981,-16.206692],[-69.503488,-16.20051],[-69.510994,-16.190208],[-69.510994,-16.183437],[-69.488328,-16.15459],[-69.422096,-16.089535],[-69.415914,-16.075111],[-69.42033,-16.060687],[-69.43181,-16.039199],[-69.434753,-16.027719],[-69.433723,-16.019182],[-69.435195,-16.012412],[-69.445498,-16.005053],[-69.454623,-16.004464],[-69.490094,-16.011529],[-69.510258,-16.007996],[-69.543374,-15.991217],[-69.561477,-15.984741],[-69.646696,-15.980915],[-69.684816,-15.96914],[-69.698651,-15.936171],[-69.700123,-15.936466],[-69.703214,-15.936171],[-69.705863,-15.934111],[-69.706157,-15.929401],[-69.703361,-15.926163],[-69.698504,-15.924102],[-69.691881,-15.922631],[-69.689673,-15.920864],[-69.685699,-15.919981],[-69.681578,-15.916743],[-69.678781,-15.90909],[-69.695707,-15.894372],[-69.707187,-15.889367],[-69.722053,-15.919687],[-69.743394,-15.914388],[-69.764736,-15.892605],[-69.77445,-15.864346],[-69.775922,-15.851983],[-69.780043,-15.837265],[-69.785488,-15.824902],[-69.791523,-15.819603],[-69.803592,-15.814893],[-69.809185,-15.79311],[-69.822137,-15.785457],[-69.842595,-15.790461],[-69.857313,-15.810183],[-69.876888,-15.861108],[-69.861876,-15.873177],[-69.82508,-15.88348],[-69.808596,-15.895255],[-69.79844,-15.912033],[-69.804033,-15.917332],[-69.838915,-15.915271],[-69.865703,-15.926457],[-69.882776,-15.927046],[-69.890429,-15.912033],[-69.892931,-15.8929],[-69.900438,-15.879065],[-69.91339,-15.873766],[-69.932082,-15.881125],[-69.952982,-15.863758],[-70.014798,-15.855516],[-70.027603,-15.840503],[-70.009941,-15.810478],[-70.004937,-15.79311],[-70.017742,-15.785457],[-70.029663,-15.780158],[-70.036728,-15.767206],[-70.040408,-15.750722],[-70.041291,-15.734532],[-70.039966,-15.71687],[-70.034668,-15.705979],[-70.024512,-15.699797],[-70.007733,-15.697148],[-69.996842,-15.700091],[-69.990219,-15.705979],[-69.983595,-15.708922],[-69.972998,-15.703624],[-69.970202,-15.697148],[-69.966817,-15.666239],[-69.962254,-15.658292],[-69.94003,-15.635037],[-69.932082,-15.621496],[-69.928696,-15.600302],[-69.934289,-15.590293],[-69.94209,-15.582051],[-69.945181,-15.567039],[-69.938852,-15.567039],[-69.927077,-15.577047],[-69.911035,-15.587644],[-69.896611,-15.600596],[-69.890429,-15.618258],[-69.885278,-15.623851],[-69.873798,-15.630621],[-69.86217,-15.639747],[-69.857019,-15.652404],[-69.858491,-15.658292],[-69.861434,-15.66359],[-69.863642,-15.669183],[-69.8632,-15.676248],[-69.859962,-15.681841],[-69.851279,-15.690377],[-69.849513,-15.693615],[-69.840682,-15.703329],[-69.819782,-15.716576],[-69.794908,-15.728056],[-69.77445,-15.731294],[-69.756199,-15.722463],[-69.791376,-15.690672],[-69.794908,-15.669477],[-69.787696,-15.67301],[-69.778129,-15.673893],[-69.7718,-15.670655],[-69.77445,-15.663001],[-69.780631,-15.660352],[-69.808596,-15.652404],[-69.813159,-15.640924],[-69.949744,-15.410437],[-69.951215,-15.39513],[-69.941943,-15.377468],[-69.934289,-15.373641],[-69.922956,-15.372758],[-69.901026,-15.373936],[-69.890282,-15.370109],[-69.873356,-15.352153],[-69.8632,-15.347149],[-69.853928,-15.348326],[-69.846127,-15.35333],[-69.839799,-15.358629],[-69.835236,-15.360984],[-69.825375,-15.357451],[-69.814189,-15.350092],[-69.80786,-15.343028],[-69.812275,-15.33979],[-69.829054,-15.337435],[-69.87836,-15.322128],[-69.890429,-15.313002],[-69.885425,-15.301817],[-69.86688,-15.295635],[-69.825669,-15.291808],[-69.815513,-15.293869],[-69.808007,-15.298284],[-69.801826,-15.303288],[-69.794908,-15.306232],[-69.78593,-15.307115],[-69.760762,-15.299462],[-69.752078,-15.29799],[-69.729706,-15.299462],[-69.718668,-15.296224],[-69.712486,-15.28857],[-69.711603,-15.281211],[-69.716018,-15.277679],[-69.733975,-15.274441],[-69.747074,-15.26561],[-69.750606,-15.255013],[-69.740303,-15.244121],[-69.721023,-15.24],[-69.706599,-15.246771],[-69.682019,-15.274441],[-69.657587,-15.295929],[-69.650964,-15.306232],[-69.648756,-15.315063],[-69.64596,-15.339495],[-69.643458,-15.347149],[-69.630506,-15.353919],[-69.611519,-15.355391],[-69.57855,-15.353919],[-69.567217,-15.35804],[-69.550439,-15.368343],[-69.533071,-15.381884],[-69.522474,-15.39307],[-69.472138,-15.431042],[-69.452857,-15.453414],[-69.445498,-15.48756],[-69.439169,-15.496391],[-69.424156,-15.489327],[-69.406053,-15.476669],[-69.390304,-15.470193],[-69.369846,-15.47608],[-69.3644,-15.488149],[-69.371907,-15.496391],[-69.390304,-15.491093],[-69.38059,-15.511698],[-69.338349,-15.54084],[-69.325986,-15.560268],[-69.319216,-15.563506],[-69.311268,-15.565861],[-69.293606,-15.568805],[-69.291251,-15.57322],[-69.293164,-15.577636],[-69.294636,-15.579991],[-69.296255,-15.591471],[-69.300376,-15.607367],[-69.300671,-15.621496],[-69.291251,-15.627678],[-69.284039,-15.634154],[-69.270351,-15.669477],[-69.233556,-15.670949],[-69.205738,-15.667711],[-69.16806,-15.669477],[-69.157462,-15.67507],[-69.15761,-15.686256],[-69.167324,-15.694204],[-69.185427,-15.689789],[-69.191609,-15.703624],[-69.180129,-15.712455],[-69.163938,-15.718931],[-69.145246,-15.722757],[-69.126407,-15.723935],[-69.103741,-15.728645],[-69.090053,-15.741302],[-69.078426,-15.75867],[-69.061941,-15.778687],[-69.030739,-15.800175],[-69.018375,-15.814305],[-69.013518,-15.836971],[-69.012488,-15.846979],[-69.007631,-15.866701],[-69.006601,-15.877887],[-69.00925,-15.889073],[-69.0197,-15.914388],[-69.020289,-15.922631],[-69.00719,-15.92999],[-68.959944,-15.932639],[-68.931832,-15.943825],[-68.924473,-15.939704],[-68.917114,-15.932933],[-68.907547,-15.929401],[-68.894154,-15.931167],[-68.863246,-15.942942],[-68.797161,-15.946768],[-68.786858,-15.953539],[-68.783767,-15.959132],[-68.776997,-15.96708],[-68.770079,-15.976794],[-68.766988,-15.987685],[-68.772287,-15.995044],[-68.784503,-16.000048],[-68.808641,-16.005053],[-68.821593,-16.013295],[-68.834987,-16.026541],[-68.845436,-16.042142],[-68.849558,-16.056566],[-68.857211,-16.059216],[-68.895331,-16.061276],[-68.910933,-16.066575],[-68.865453,-16.15459],[-68.852648,-16.173134],[-68.84941,-16.181671],[-68.851471,-16.201688],[-68.849558,-16.210519],[-68.837489,-16.219938],[-68.827186,-16.210224],[-68.816,-16.194034],[-68.801135,-16.183437],[-68.783178,-16.184909],[-68.732253,-16.210519],[-68.713267,-16.215229],[-68.694428,-16.217583],[-68.664108,-16.217583],[-68.636585,-16.211402],[-68.62643,-16.210519],[-68.617599,-16.212874],[-68.612447,-16.218467],[-68.608473,-16.225237],[-68.602586,-16.231124],[-68.580214,-16.242604],[-68.576682,-16.253202],[-68.582128,-16.27263],[-68.589045,-16.28146],[-68.595816,-16.282049],[-68.600673,-16.283815],[-68.602586,-16.296473],[-68.600526,-16.305304],[-68.595374,-16.313252],[-68.582128,-16.326498],[-68.625694,-16.331502],[-68.63894,-16.330031],[-68.677207,-16.310897],[-68.691778,-16.312074],[-68.732253,-16.326498],[-68.732253,-16.333563],[-68.712384,-16.347692],[-68.704142,-16.339156],[-68.695605,-16.336801],[-68.686774,-16.339745],[-68.678238,-16.347692],[-68.684125,-16.350636],[-68.698843,-16.360644],[-68.71989,-16.365649],[-68.726072,-16.368298],[-68.737846,-16.381839],[-68.749327,-16.399795],[-68.76375,-16.415985],[-68.783767,-16.422755],[-68.800399,-16.420695],[-68.83322,-16.410392],[-68.852648,-16.408037],[-68.888266,-16.413336],[-68.92462,-16.422755],[-68.956706,-16.443361],[-68.941988,-16.458373],[-68.904162,-16.467499],[-68.866778,-16.470737],[-68.856328,-16.489576],[-68.853532,-16.53167],[-68.856328,-16.575825],[-68.863246,-16.60114],[-68.892388,-16.590248],[-68.960239,-16.584361],[-68.989528,-16.569937],[-69.005718,-16.559635],[-69.033241,-16.553453],[-69.047665,-16.546388],[-69.09594,-16.49458],[-69.09388,-16.474269],[-69.087993,-16.4622],[-69.052227,-16.42511],[-69.043249,-16.412158],[-69.037509,-16.398323],[-69.033977,-16.38125],[-69.031033,-16.341511],[-69.036479,-16.312663],[-69.052669,-16.289703],[-69.0824,-16.26527],[-69.070919,-16.256734],[-69.058409,-16.257617],[-69.046046,-16.263799],[-69.033977,-16.27263],[-69.024263,-16.264682],[-69.01499,-16.260561],[-69.006454,-16.262621],[-68.99983,-16.27263],[-68.987173,-16.261444],[-68.974074,-16.243782],[-68.963771,-16.225531],[-68.959503,-16.214051],[-68.950083,-16.209047],[-68.929036,-16.223176],[-68.891799,-16.257028],[-68.888855,-16.261738],[-68.883262,-16.264682],[-68.870163,-16.26527],[-68.85883,-16.261738],[-68.848675,-16.254673],[-68.843082,-16.247903],[-68.845878,-16.244665],[-68.860891,-16.236423],[-68.92462,-16.183437],[-68.960974,-16.174018],[-68.978636,-16.166364],[-68.986143,-16.152529],[-68.994973,-16.130452],[-69.016168,-16.111612],[-69.061941,-16.08718],[-69.09594,-16.073345],[-69.118754,-16.055978],[-69.119637,-16.053034],[-69.139506,-16.060982],[-69.126996,-16.079232],[-69.088581,-16.10808],[-69.0824,-16.121326],[-69.088581,-16.132512],[-69.089759,-16.144287],[-69.092408,-16.15665],[-69.102858,-16.169602],[-69.131264,-16.186675],[-69.134502,-16.19374],[-69.112719,-16.196978],[-69.10065,-16.203454],[-69.103447,-16.218172],[-69.113308,-16.234657],[-69.122728,-16.244665],[-69.136563,-16.252024],[-69.153341,-16.25644],[-69.250187,-16.26527],[-69.252984,-16.268508],[-69.25578,-16.275868],[-69.260048,-16.283227],[-69.26726,-16.286465],[-69.27874,-16.283815],[-69.284775,-16.277634],[-69.288896,-16.270863],[-69.294636,-16.26527]]]}},{"type":"Feature","properties":{"name":"Lake Saimaa","scalerank":2},"geometry":{"type":"Polygon","coordinates":[[[28.055407,61.088912],[28.066005,61.089207],[28.076013,61.088029],[28.054819,61.096271],[28.026265,61.103925],[28.000067,61.105102],[27.986526,61.094211],[27.994768,61.090384],[28.002716,61.083319],[28.00566,61.076843],[27.996829,61.0739],[27.987409,61.075666],[27.983583,61.079787],[27.978578,61.082436],[27.966215,61.081259],[27.959739,61.076843],[27.954441,61.069779],[27.948259,61.063008],[27.938839,61.060065],[27.930303,61.061831],[27.904104,61.0739],[27.909108,61.083319],[27.917056,61.09009],[27.938251,61.101276],[27.927948,61.113345],[27.914996,61.113345],[27.900866,61.111578],[27.887031,61.118349],[27.867897,61.14072],[27.856712,61.146313],[27.835812,61.149551],[27.828453,61.149551],[27.821094,61.150434],[27.814323,61.152495],[27.807847,61.155733],[27.824626,61.160737],[27.861421,61.156322],[27.873196,61.15956],[27.895862,61.179577],[27.909108,61.187819],[27.921472,61.191057],[27.936779,61.193117],[27.966215,61.202243],[27.983288,61.204303],[28.001833,61.202243],[28.038923,61.193117],[28.076307,61.190468],[28.088082,61.188113],[28.109865,61.177516],[28.134003,61.169274],[28.137535,61.166624],[28.137535,61.153378],[28.139301,61.147785],[28.144305,61.142781],[28.170209,61.13395],[28.199351,61.137188],[28.260874,61.155733],[28.250276,61.158971],[28.242329,61.162798],[28.238208,61.168685],[28.239679,61.177516],[28.158435,61.177516],[28.139007,61.181931],[28.128998,61.192529],[28.121345,61.206069],[28.109865,61.218433],[28.092203,61.225203],[28.071892,61.229324],[28.054819,61.237272],[28.040395,61.275834],[28.022733,61.277305],[27.983288,61.265531],[27.97328,61.266708],[27.963271,61.272007],[27.955618,61.273184],[27.945021,61.271124],[27.92677,61.262587],[27.917645,61.259349],[27.907637,61.25876],[27.886442,61.260527],[27.876728,61.259349],[27.868486,61.254639],[27.862305,61.247575],[27.856123,61.241393],[27.84582,61.239038],[27.657427,61.259349],[27.687158,61.245808],[27.694517,61.236389],[27.691573,61.218433],[27.679799,61.201948],[27.663314,61.197238],[27.514955,61.225203],[27.479926,61.224614],[27.485224,61.236978],[27.485224,61.247869],[27.478748,61.255522],[27.465796,61.259349],[27.469623,61.244631],[27.472566,61.239038],[27.455199,61.240804],[27.44784,61.250224],[27.442247,61.260821],[27.43165,61.265531],[27.42017,61.26347],[27.383374,61.245808],[27.395149,61.271712],[27.426646,61.280838],[27.46403,61.279072],[27.493172,61.273184],[27.479042,61.288197],[27.410456,61.314101],[27.385729,61.330291],[27.376604,61.334412],[27.36424,61.336767],[27.340397,61.337944],[27.328622,61.341182],[27.330094,61.346775],[27.3298,61.348836],[27.328917,61.350602],[27.328622,61.355018],[27.319497,61.348836],[27.315082,61.342066],[27.31567,61.335001],[27.321852,61.32823],[27.321852,61.320871],[27.300658,61.319694],[27.279758,61.314984],[27.259447,61.313218],[27.239136,61.320871],[27.251205,61.32146],[27.261802,61.323815],[27.271516,61.327936],[27.280935,61.334412],[27.270633,61.340005],[27.266512,61.341182],[27.280935,61.355018],[27.276226,61.356195],[27.273576,61.357667],[27.266512,61.361788],[27.286823,61.375623],[27.275931,61.37474],[27.265334,61.376212],[27.255326,61.378861],[27.2462,61.382982],[27.258269,61.394757],[27.283879,61.403588],[27.342163,61.416245],[27.332743,61.422427],[27.328622,61.423899],[27.335981,61.428903],[27.344224,61.433024],[27.353349,61.435673],[27.362769,61.436851],[27.355115,61.449214],[27.339514,61.455101],[27.322146,61.455396],[27.308017,61.451275],[27.310666,61.447153],[27.315082,61.436851],[27.302424,61.436262],[27.289766,61.437734],[27.266512,61.44421],[27.270633,61.454218],[27.274165,61.458045],[27.259741,61.457162],[27.245612,61.458339],[27.231777,61.460694],[27.218825,61.464815],[27.248261,61.495724],[27.262979,61.499845],[27.280935,61.485421],[27.283585,61.490719],[27.291827,61.500728],[27.294476,61.505732],[27.312432,61.488364],[27.332449,61.475707],[27.383374,61.458045],[27.376015,61.474824],[27.388084,61.475707],[27.418109,61.464815],[27.43636,61.465404],[27.453433,61.468936],[27.469623,61.470703],[27.486402,61.464815],[27.481397,61.480417],[27.468445,61.485715],[27.43842,61.485421],[27.370716,61.503377],[27.326562,61.50897],[27.307428,61.516918],[27.290355,61.526926],[27.277403,61.536935],[27.275637,61.547826],[27.280935,61.562839],[27.281524,61.579323],[27.266512,61.595219],[27.284468,61.611997],[27.285351,61.622889],[27.281818,61.633486],[27.286823,61.64997],[27.273871,61.65939],[27.293299,61.67558],[27.326562,61.68706],[27.355704,61.683234],[27.35276,61.675874],[27.352466,61.673225],[27.353938,61.67087],[27.355704,61.663511],[27.308017,61.622595],[27.326856,61.605227],[27.337453,61.599045],[27.342163,61.605227],[27.346284,61.621711],[27.355998,61.632897],[27.369245,61.634663],[27.383374,61.622595],[27.378664,61.608171],[27.36689,61.597868],[27.351288,61.58786],[27.334804,61.574613],[27.342163,61.567843],[27.33657,61.564605],[27.333627,61.561072],[27.328622,61.554302],[27.322146,61.556068],[27.31361,61.551947],[27.303601,61.543705],[27.294476,61.533697],[27.323029,61.532225],[27.416343,61.509264],[27.432827,61.509264],[27.465796,61.513385],[27.527907,61.513385],[27.527907,61.519567],[27.514072,61.51839],[27.503475,61.521922],[27.486402,61.533697],[27.499942,61.546943],[27.444602,61.548709],[27.424879,61.554302],[27.469034,61.561072],[27.478748,61.564899],[27.477865,61.573436],[27.474333,61.583738],[27.476393,61.591981],[27.476393,61.601106],[27.469328,61.61553],[27.463147,61.632897],[27.465796,61.64997],[27.48699,61.632603],[27.498765,61.627893],[27.514072,61.628776],[27.501708,61.61553],[27.490523,61.599928],[27.487579,61.584327],[27.499942,61.571375],[27.517899,61.566665],[27.544391,61.564605],[27.570001,61.565782],[27.585897,61.571375],[27.602675,61.580206],[27.663903,61.589037],[27.717477,61.61288],[27.732784,61.622595],[27.632995,61.61553],[27.623281,61.616413],[27.610918,61.619357],[27.600026,61.624361],[27.595611,61.632309],[27.601204,61.638196],[27.61445,61.638785],[27.643298,61.636135],[27.654189,61.63849],[27.680093,61.647615],[27.691573,61.64997],[27.753095,61.642317],[27.763398,61.646732],[27.766931,61.656741],[27.767519,61.666455],[27.770463,61.67087],[27.780177,61.673814],[27.789008,61.681173],[27.796956,61.690004],[27.801371,61.697657],[27.780471,61.700895],[27.753979,61.700307],[27.735728,61.703545],[27.739555,61.717968],[27.715711,61.726211],[27.698932,61.736513],[27.671262,61.759768],[27.649479,61.767127],[27.611801,61.761829],[27.595611,61.773309],[27.608857,61.780374],[27.618571,61.789793],[27.621809,61.801274],[27.615922,61.814814],[27.678033,61.800685],[27.657427,61.78685],[27.702465,61.779196],[27.712179,61.773309],[27.714828,61.763595],[27.706586,61.749465],[27.708941,61.742401],[27.728369,61.737397],[27.758688,61.742401],[27.787242,61.753292],[27.801371,61.766539],[27.817267,61.759179],[27.825803,61.745344],[27.823448,61.732098],[27.807847,61.725622],[27.831985,61.701484],[27.841699,61.696774],[27.849353,61.70119],[27.856123,61.708254],[27.863188,61.711198],[27.879083,61.705311],[27.913524,61.681762],[27.925004,61.67087],[27.917645,61.672048],[27.91323,61.672048],[27.904104,61.67087],[27.918528,61.664689],[27.933541,61.659979],[27.944138,61.653503],[27.94561,61.642317],[27.912935,61.622595],[27.904104,61.61553],[27.918528,61.617296],[27.924415,61.619062],[27.932069,61.622595],[27.94561,61.608759],[27.938251,61.6014],[27.943843,61.593158],[27.950319,61.586093],[27.957384,61.580206],[27.966215,61.574613],[28.015963,61.544882],[28.031858,61.523394],[28.034508,61.485421],[28.050403,61.489542],[28.062767,61.489248],[28.074541,61.490425],[28.089554,61.498962],[28.091614,61.503966],[28.092497,61.519861],[28.096324,61.526926],[28.102506,61.528398],[28.13047,61.526926],[28.127232,61.531636],[28.123111,61.538995],[28.120168,61.54606],[28.120168,61.550475],[28.124583,61.551947],[28.135474,61.55754],[28.1446,61.564016],[28.144305,61.567843],[28.15608,61.563427],[28.156374,61.555774],[28.154019,61.545765],[28.157257,61.533697],[28.180218,61.516623],[28.19788,61.530753],[28.21407,61.556657],[28.233498,61.574613],[28.228199,61.576674],[28.219368,61.581089],[28.212304,61.582267],[28.221134,61.591686],[28.239385,61.607288],[28.24645,61.61553],[28.247627,61.62024],[28.245861,61.631425],[28.24645,61.636135],[28.249688,61.639373],[28.258224,61.645555],[28.260874,61.64997],[28.26264,61.661451],[28.260874,61.690887],[28.256458,61.710315],[28.256164,61.721206],[28.260874,61.732392],[28.250865,61.732392],[28.242329,61.731215],[28.233792,61.72886],[28.22555,61.725622],[28.242917,61.742989],[28.273826,61.756825],[28.307972,61.765361],[28.335348,61.766539],[28.335348,61.759768],[28.324751,61.760063],[28.317686,61.758885],[28.312682,61.75447],[28.308855,61.745933],[28.388922,61.744461],[28.404818,61.738574],[28.402168,61.757119],[28.38745,61.764184],[28.369494,61.768599],[28.356542,61.780079],[28.403935,61.771543],[28.418653,61.766539],[28.427189,61.756825],[28.434843,61.743873],[28.444262,61.737102],[28.458981,61.745933],[28.445146,61.752998],[28.441024,61.764184],[28.445146,61.793031],[28.483118,61.763006],[28.508139,61.750349],[28.527862,61.752115],[28.53316,61.768893],[28.516382,61.783612],[28.479292,61.800685],[28.513438,61.815403],[28.527273,61.825117],[28.534632,61.841601],[28.517853,61.841013],[28.501369,61.842485],[28.486062,61.847489],[28.47311,61.855731],[28.502252,61.861913],[28.532572,61.853965],[28.562891,61.841601],[28.64914,61.82394],[28.675338,61.810104],[28.685052,61.812165],[28.692117,61.817758],[28.699182,61.820996],[28.716255,61.818641],[28.75305,61.808927],[28.766886,61.807455],[28.782192,61.813342],[28.795733,61.822173],[28.809274,61.826],[28.825464,61.818052],[28.849307,61.811576],[28.864614,61.826294],[28.859316,61.844251],[28.821932,61.848372],[28.821932,61.855731],[28.830174,61.855731],[28.849896,61.862207],[28.842243,61.875453],[28.831646,61.881341],[28.663269,61.896648],[28.630006,61.90489],[28.603513,61.924023],[28.774245,61.924023],[28.76718,61.926673],[28.75305,61.934915],[28.746869,61.937858],[28.741865,61.938447],[28.705069,61.938742],[28.693,61.941391],[28.585263,61.9879],[28.51962,61.997909],[28.453682,62.021164],[28.395104,62.031761],[28.363607,62.044713],[28.308855,62.075032],[28.357425,62.067084],[28.404818,62.053838],[28.440436,62.034116],[28.451033,62.034999],[28.473993,62.033527],[28.486945,62.034116],[28.445146,62.047656],[28.452505,62.053838],[28.424834,62.06679],[28.358897,62.069734],[28.308561,62.100347],[28.274709,62.108884],[28.239385,62.110062],[28.212304,62.102408],[28.287661,62.081214],[28.257636,62.082097],[28.199351,62.097993],[28.170798,62.102408],[28.177863,62.094755],[28.153136,62.090339],[28.101328,62.111533],[28.076013,62.109178],[28.083078,62.10594],[28.096324,62.097993],[28.103389,62.094755],[28.071009,62.089162],[28.034802,62.099759],[27.998301,62.115066],[27.966215,62.122719],[27.940311,62.125368],[27.911463,62.132433],[27.884382,62.143325],[27.863188,62.157454],[27.892035,62.165696],[27.922944,62.16864],[27.986526,62.163636],[27.986526,62.170701],[27.933541,62.199548],[27.914701,62.218976],[27.917645,62.245763],[27.89233,62.251945],[27.883499,62.252534],[27.886737,62.25636],[27.888797,62.259893],[27.891447,62.263425],[27.89704,62.266663],[27.885854,62.282853],[27.864954,62.300809],[27.841699,62.315233],[27.821977,62.321415],[27.821977,62.328185],[27.938251,62.321415],[27.925887,62.343787],[27.903221,62.348496],[27.852885,62.341726],[27.828453,62.341432],[27.817856,62.345258],[27.815206,62.355561],[27.823448,62.361743],[27.8573,62.368219],[27.869958,62.376755],[27.861716,62.382937],[27.830219,62.400305],[27.818739,62.403837],[27.816972,62.410902],[27.787242,62.440044],[27.780471,62.444754],[27.790774,62.452407],[27.784298,62.457706],[27.773995,62.463298],[27.773701,62.472129],[27.743676,62.470658],[27.736317,62.46477],[27.76016,62.431213],[27.770757,62.410607],[27.77164,62.394417],[27.761632,62.384998],[27.739555,62.382937],[27.721893,62.387058],[27.663903,62.417672],[27.657427,62.434451],[27.595905,62.455939],[27.585897,62.462121],[27.578832,62.46271],[27.57736,62.453584],[27.580009,62.442693],[27.585897,62.437394],[27.595022,62.435923],[27.618571,62.426209],[27.626519,62.420616],[27.625047,62.407664],[27.605619,62.395006],[27.579715,62.38853],[27.558226,62.39324],[27.483164,62.437394],[27.472566,62.439749],[27.45726,62.445342],[27.446368,62.45329],[27.448429,62.462121],[27.460203,62.465948],[27.506713,62.46477],[27.506713,62.472129],[27.489934,62.477134],[27.460203,62.490086],[27.441658,62.492735],[27.439303,62.494501],[27.418109,62.505687],[27.386023,62.514223],[27.376604,62.520111],[27.3716,62.503626],[27.382785,62.491557],[27.401036,62.483315],[27.418109,62.478311],[27.418109,62.472129],[27.340397,62.471541],[27.305662,62.455351],[27.294182,62.455056],[27.270338,62.459177],[27.254148,62.465065],[27.256503,62.476839],[27.266806,62.486553],[27.274165,62.485965],[27.262685,62.504804],[27.243257,62.513929],[27.221474,62.520111],[27.201751,62.530708],[27.192921,62.536889],[27.173198,62.547487],[27.164073,62.554257],[27.125217,62.593407],[27.119918,62.600472],[27.117269,62.60842],[27.116386,62.619311],[27.120801,62.632852],[27.130515,62.627259],[27.139935,62.61519],[27.143173,62.609303],[27.194687,62.561027],[27.214998,62.556318],[27.310372,62.502743],[27.31832,62.496267],[27.328917,62.493029],[27.338336,62.498033],[27.338631,62.505981],[27.321852,62.513046],[27.329211,62.524821],[27.341574,62.528059],[27.355704,62.528942],[27.370422,62.533651],[27.358059,62.542777],[27.342752,62.559261],[27.333038,62.575157],[27.338631,62.582222],[27.355704,62.573979],[27.375721,62.558967],[27.393677,62.550136],[27.404274,62.561027],[27.386023,62.570741],[27.388673,62.583693],[27.403097,62.591347],[27.421347,62.585165],[27.429295,62.574274],[27.434299,62.559556],[27.437537,62.544249],[27.43842,62.530708],[27.445191,62.512163],[27.460498,62.515401],[27.48964,62.533651],[27.508773,62.536889],[27.536738,62.551019],[27.551456,62.554257],[27.553222,62.547781],[27.552045,62.517167],[27.5544,62.505687],[27.565586,62.497739],[27.615922,62.478311],[27.622692,62.472129],[27.63064,62.457411],[27.636527,62.451818],[27.645064,62.447992],[27.678033,62.437394],[27.705408,62.423854],[27.714828,62.421204],[27.72307,62.420616],[27.731313,62.418555],[27.739555,62.410607],[27.722482,62.436806],[27.69334,62.465948],[27.658016,62.489791],[27.612684,62.502743],[27.603853,62.510102],[27.597966,62.520405],[27.595611,62.530708],[27.601792,62.535123],[27.616511,62.533357],[27.65625,62.521877],[27.675089,62.508631],[27.69069,62.492441],[27.698049,62.478311],[27.715711,62.488908],[27.73249,62.502743],[27.735728,62.514812],[27.691868,62.524232],[27.629757,62.554257],[27.620632,62.55985],[27.614744,62.565737],[27.60768,62.568681],[27.584719,62.56191],[27.572062,62.564265],[27.560287,62.570153],[27.551456,62.578395],[27.537032,62.587226],[27.518193,62.595174],[27.507007,62.605771],[27.514072,62.623138],[27.524375,62.614307],[27.53556,62.610186],[27.548218,62.607537],[27.562053,62.602533],[27.553517,62.601944],[27.534089,62.595762],[27.559993,62.585165],[27.574711,62.581927],[27.599143,62.589875],[27.615627,62.58752],[27.631523,62.581338],[27.643298,62.574568],[27.615922,62.602533],[27.622692,62.616073],[27.617982,62.627554],[27.607091,62.636679],[27.595611,62.643449],[27.600615,62.65699],[27.585308,62.66847],[27.592373,62.681422],[27.599143,62.684955],[27.616511,62.688781],[27.623281,62.692019],[27.627991,62.697612],[27.628579,62.702028],[27.630051,62.706443],[27.636527,62.712331],[27.632701,62.72175],[27.628285,62.729992],[27.615922,62.745888],[27.630051,62.743533],[27.648596,62.728815],[27.660665,62.725577],[27.672734,62.730581],[27.678916,62.742356],[27.680093,62.756191],[27.678033,62.767082],[27.668907,62.775324],[27.655661,62.782389],[27.645653,62.789454],[27.64683,62.797696],[27.643886,62.800345],[27.634172,62.80064],[27.622692,62.795047],[27.615922,62.780034],[27.603264,62.791514],[27.608563,62.804172],[27.622987,62.815064],[27.636527,62.822128],[27.648302,62.826249],[27.660959,62.828016],[27.673912,62.827427],[27.69069,62.8236],[27.698344,62.819773],[27.683331,62.828604],[27.643298,62.835375],[27.647124,62.846561],[27.643298,62.852153],[27.63741,62.856275],[27.636527,62.863339],[27.641531,62.873936],[27.64683,62.872759],[27.655661,62.868638],[27.671262,62.869521],[27.689218,62.878941],[27.699521,62.892187],[27.700993,62.906316],[27.698049,62.917797],[27.662431,62.93016],[27.650068,62.931632],[27.637705,62.929277],[27.622398,62.920152],[27.60974,62.917797],[27.611801,62.913087],[27.614156,62.901607],[27.615922,62.896897],[27.597082,62.89307],[27.582953,62.898663],[27.569707,62.900135],[27.5544,62.88365],[27.564702,62.875408],[27.568824,62.865694],[27.571178,62.854508],[27.575594,62.841556],[27.550867,62.831254],[27.533794,62.835963],[27.503475,62.866283],[27.477276,62.884828],[27.453727,62.891304],[27.390144,62.889832],[27.395443,62.900135],[27.397209,62.908966],[27.393677,62.915147],[27.383374,62.917797],[27.396915,62.929866],[27.40133,62.94164],[27.394854,62.949588],[27.376604,62.951354],[27.384257,62.966367],[27.389556,62.973137],[27.396915,62.979319],[27.356881,62.986089],[27.342163,62.986089],[27.355704,62.999924],[27.343635,63.003751],[27.308017,63.008166],[27.300658,63.010227],[27.293887,63.020235],[27.277992,63.025534],[27.259741,63.027594],[27.2462,63.027006],[27.254737,63.03878],[27.269161,63.041724],[27.285645,63.042901],[27.300658,63.047611],[27.226184,63.067922],[27.220296,63.066451],[27.212643,63.05762],[27.204989,63.05497],[27.195864,63.057031],[27.189683,63.061741],[27.182912,63.064684],[27.171138,63.061152],[27.164956,63.069983],[27.164956,63.076459],[27.171138,63.08058],[27.184678,63.081757],[27.170843,63.093238],[27.166133,63.100302],[27.164073,63.109722],[27.215881,63.092943],[27.241491,63.089411],[27.266512,63.095887],[27.232365,63.116492],[27.224712,63.12444],[27.217941,63.133271],[27.209111,63.140336],[27.194687,63.14328],[27.183207,63.149167],[27.149943,63.177131],[27.129927,63.184785],[27.171138,63.184785],[27.166133,63.190083],[27.156714,63.205979],[27.176142,63.200975],[27.200574,63.202741],[27.2462,63.212161],[27.237664,63.235121],[27.225595,63.259259],[27.210288,63.271917],[27.19086,63.260437],[27.184678,63.267207],[27.187916,63.273094],[27.189094,63.27751],[27.189388,63.281925],[27.19086,63.287812],[27.182029,63.286341],[27.174964,63.290167],[27.169077,63.298115],[27.164073,63.308418],[27.181735,63.317543],[27.198219,63.328729],[27.205578,63.312539],[27.225006,63.298115],[27.247967,63.291933],[27.266512,63.301353],[27.23943,63.319309],[27.227655,63.332556],[27.229127,63.345802],[27.235015,63.361698],[27.224712,63.369057],[27.208816,63.365525],[27.198219,63.349334],[27.191743,63.357871],[27.191154,63.364936],[27.194981,63.372001],[27.201751,63.379654],[27.201457,63.385247],[27.177614,63.403792],[27.167605,63.416155],[27.159952,63.430579],[27.161129,63.443531],[27.177614,63.452362],[27.166722,63.46502],[27.165545,63.479149],[27.170549,63.493573],[27.177614,63.507408],[27.151121,63.519771],[27.115797,63.528014],[27.023367,63.538905],[27.011592,63.53655],[27.007177,63.524187],[27.01277,63.514767],[27.039262,63.50417],[27.047505,63.493279],[27.011592,63.491218],[26.979212,63.493279],[26.981861,63.503287],[26.978329,63.51094],[26.969793,63.516828],[26.958901,63.521243],[26.971853,63.539199],[26.952719,63.547147],[26.897085,63.548619],[26.900617,63.551857],[26.902972,63.555389],[26.90621,63.558922],[26.911508,63.56216],[26.884721,63.580705],[26.877362,63.591007],[26.893552,63.595717],[26.912686,63.594834],[26.927993,63.591596],[26.941534,63.584237],[26.955369,63.571579],[26.973031,63.559216],[26.988632,63.559216],[27.003939,63.564515],[27.020129,63.567753],[27.035436,63.566281],[27.043972,63.561571],[27.057807,63.544792],[27.071937,63.538611],[27.090482,63.540082],[27.122568,63.548619],[27.129044,63.551563],[27.138758,63.560394],[27.146705,63.56216],[27.149355,63.560394],[27.152887,63.551857],[27.156714,63.548619],[27.185267,63.533312],[27.197042,63.518299],[27.197336,63.499166],[27.19086,63.472673],[27.207933,63.470024],[27.226772,63.463253],[27.26033,63.445003],[27.272693,63.433523],[27.279464,63.420865],[27.286823,63.390251],[27.260036,63.404969],[27.23737,63.433523],[27.212054,63.44883],[27.177614,63.424397],[27.2462,63.390251],[27.274459,63.369057],[27.274165,63.342564],[27.293887,63.336971],[27.307428,63.338737],[27.318614,63.346685],[27.331566,63.359932],[27.341574,63.366113],[27.354232,63.370234],[27.365418,63.369057],[27.370422,63.359932],[27.367773,63.353161],[27.36218,63.344036],[27.357176,63.333439],[27.355704,63.32137],[27.353643,63.316071],[27.348934,63.309595],[27.34805,63.304002],[27.355704,63.301353],[27.364535,63.301942],[27.371305,63.304002],[27.377487,63.308124],[27.383374,63.315188],[27.395737,63.302531],[27.383963,63.294288],[27.361591,63.289284],[27.341869,63.287812],[27.335393,63.281042],[27.321558,63.249251],[27.308017,63.239242],[27.362769,63.212161],[27.321852,63.198326],[27.347167,63.19862],[27.358942,63.19656],[27.370422,63.191555],[27.346579,63.185374],[27.334215,63.183902],[27.321852,63.184785],[27.334804,63.180664],[27.348345,63.178309],[27.36218,63.177426],[27.376604,63.178015],[27.376604,63.171244],[27.355704,63.167123],[27.340397,63.158881],[27.322441,63.155054],[27.294476,63.164768],[27.254737,63.185374],[27.232954,63.18714],[27.218825,63.171244],[27.237075,63.168006],[27.245317,63.159175],[27.251205,63.147989],[27.26033,63.137098],[27.272104,63.132094],[27.301247,63.123852],[27.308017,63.116492],[27.299775,63.117081],[27.282407,63.115904],[27.274165,63.116492],[27.274165,63.109722],[27.328917,63.103835],[27.355998,63.096181],[27.376604,63.081757],[27.365124,63.079403],[27.353349,63.08058],[27.328622,63.088528],[27.350994,63.045256],[27.400153,63.012876],[27.460203,62.99286],[27.514072,62.986089],[27.562053,62.986089],[27.575594,62.982851],[27.588546,62.976964],[27.602675,62.972843],[27.617099,62.973137],[27.629757,62.979319],[27.630346,62.991976],[27.587663,63.016114],[27.575594,63.033187],[27.620632,63.022002],[27.64006,63.012582],[27.643298,62.999924],[27.664492,62.993743],[27.675972,62.981379],[27.684803,62.966072],[27.698049,62.951354],[27.71836,62.940463],[27.744853,62.932809],[27.771935,62.931337],[27.794012,62.938402],[27.798722,62.948411],[27.811968,62.964601],[27.816384,62.979613],[27.794601,62.986089],[27.780766,62.984029],[27.767519,62.980202],[27.756039,62.979613],[27.746325,62.986089],[27.74191,62.997275],[27.746325,63.005812],[27.767519,63.020235],[27.72572,63.044079],[27.725131,63.054382],[27.721893,63.061741],[27.715711,63.066156],[27.705408,63.067922],[27.721304,63.085584],[27.740438,63.098536],[27.757217,63.099419],[27.767519,63.081757],[27.773701,63.081757],[27.781943,63.094415],[27.798133,63.105601],[27.816678,63.113549],[27.831985,63.116492],[27.849058,63.110016],[27.852591,63.081463],[27.869958,63.075576],[27.869958,63.067922],[27.854357,63.066156],[27.83905,63.058797],[27.826981,63.046434],[27.821977,63.030244],[27.830808,63.021413],[27.850824,63.011404],[27.87349,63.003162],[27.890269,62.999924],[27.911758,63.004634],[27.922355,63.016703],[27.928242,63.031421],[27.935012,63.044079],[27.950025,63.045845],[28.010958,63.043785],[28.027443,63.040841],[28.035391,63.02524],[28.063355,63.009933],[28.097501,62.998158],[28.1237,62.993448],[28.186399,62.991682],[28.216425,62.997275],[28.233498,63.014054],[28.219368,63.014054],[28.219368,63.020235],[28.276769,63.043196],[28.29502,63.047611],[28.305617,63.047317],[28.325634,63.042018],[28.336231,63.040841],[28.345356,63.042901],[28.355659,63.047023],[28.366845,63.049672],[28.376853,63.047611],[28.383918,63.023768],[28.377147,63.020824],[28.362724,63.019647],[28.335348,63.020235],[28.302085,63.031127],[28.284423,63.029655],[28.267055,63.014054],[28.281185,63.015231],[28.288838,63.010816],[28.293842,63.00434],[28.301201,62.999924],[28.348888,62.993448],[28.348888,62.986089],[28.277358,62.986089],[28.239974,62.990799],[28.226727,62.987561],[28.233498,62.973137],[28.219957,62.966955],[28.203473,62.964895],[28.174331,62.965778],[28.162262,62.964012],[28.1237,62.951354],[28.1237,62.945173],[28.185222,62.945173],[28.169621,62.929571],[28.134886,62.905728],[28.1237,62.889832],[28.15608,62.887772],[28.192287,62.881001],[28.225256,62.868344],[28.24645,62.848915],[28.219074,62.849504],[28.13047,62.841556],[28.136946,62.838907],[28.150193,62.831548],[28.157257,62.829193],[28.152548,62.820657],[28.146955,62.813886],[28.13047,62.801228],[28.146955,62.799462],[28.164617,62.793281],[28.179335,62.783272],[28.185222,62.77032],[28.189343,62.752953],[28.200823,62.738235],[28.21613,62.727049],[28.233498,62.719395],[28.222901,62.718218],[28.213481,62.714097],[28.205533,62.707032],[28.198763,62.698201],[28.215247,62.697024],[28.230554,62.706149],[28.247038,62.712919],[28.267055,62.70556],[28.275886,62.693197],[28.274709,62.6826],[28.271176,62.67112],[28.273826,62.657284],[28.233498,62.650808],[28.233498,62.643449],[28.335348,62.62932],[28.405995,62.600178],[28.421596,62.595762],[28.433077,62.593702],[28.486651,62.573979],[28.534632,62.574568],[28.562008,62.57133],[28.620881,62.556906],[28.6512,62.554257],[28.631478,62.54837],[28.623236,62.547192],[28.623236,62.541011],[28.642664,62.535712],[28.654438,62.526881],[28.671806,62.505687],[28.698593,62.482432],[28.714489,62.472718],[28.732739,62.46477],[28.89199,62.426503],[28.912007,62.410607],[28.946448,62.406781],[28.959988,62.399421],[28.96617,62.382937],[28.934379,62.387058],[28.900527,62.398244],[28.866969,62.405014],[28.836355,62.396478],[28.852251,62.385292],[28.887869,62.368808],[28.897583,62.355561],[28.876978,62.357916],[28.821637,62.376167],[28.793673,62.393829],[28.780132,62.394417],[28.753639,62.390296],[28.739804,62.392651],[28.706541,62.410607],[28.60734,62.419144],[28.586146,62.42768],[28.564363,62.453584],[28.546996,62.467125],[28.527862,62.472129],[28.524624,62.48567],[28.504901,62.495384],[28.458981,62.505687],[28.515793,62.509808],[28.543169,62.508631],[28.568778,62.499505],[28.576138,62.494207],[28.587323,62.483315],[28.596743,62.478311],[28.625591,62.470658],[28.63972,62.469774],[28.6512,62.472129],[28.607046,62.507747],[28.511083,62.560733],[28.431605,62.568386],[28.412471,62.576923],[28.376264,62.598117],[28.356542,62.602533],[28.356542,62.595762],[28.362135,62.59429],[28.376853,62.588403],[28.358014,62.568975],[28.3274,62.570741],[28.294137,62.579278],[28.267055,62.582222],[28.250865,62.573391],[28.205239,62.52747],[28.215247,62.517756],[28.21407,62.509808],[28.208477,62.500977],[28.202589,62.476545],[28.195525,62.469774],[28.184928,62.466536],[28.170798,62.46477],[28.170798,62.460649],[28.172564,62.457411],[28.177863,62.451818],[28.174331,62.450935],[28.171681,62.450641],[28.170504,62.449463],[28.170798,62.444754],[28.186105,62.44181],[28.202295,62.427092],[28.219368,62.423854],[28.200235,62.417966],[28.173153,62.418849],[28.146072,62.424442],[28.127232,62.434451],[28.108687,62.440927],[28.087199,62.439749],[28.067771,62.442104],[28.055407,62.459177],[28.075424,62.460355],[28.085727,62.459177],[28.093086,62.455351],[28.09809,62.455056],[28.1237,62.46477],[28.11693,62.472129],[28.129293,62.477134],[28.135474,62.478605],[28.144305,62.478311],[28.134591,62.488319],[28.134591,62.502155],[28.14195,62.514518],[28.154608,62.520111],[28.155197,62.523937],[28.11693,62.547192],[28.128704,62.55514],[28.126349,62.561322],[28.119284,62.567209],[28.11693,62.574568],[28.121051,62.583105],[28.137535,62.602533],[28.111337,62.608714],[28.077485,62.635501],[28.055407,62.643449],[28.056585,62.652869],[28.050698,62.658756],[28.0401,62.662289],[28.027443,62.664055],[28.046576,62.676418],[28.071597,62.674063],[28.098385,62.666704],[28.1237,62.664055],[28.111925,62.671414],[28.076013,62.684366],[28.080428,62.706738],[28.056585,62.715274],[28.024499,62.717923],[28.003599,62.722339],[27.999773,62.729992],[28.000361,62.748832],[27.996829,62.756485],[27.98476,62.76355],[27.969159,62.76826],[27.952086,62.769437],[27.938251,62.767082],[27.921177,62.755308],[27.906459,62.739412],[27.88968,62.725283],[27.866426,62.719395],[27.814618,62.714391],[27.789008,62.707621],[27.767519,62.698201],[27.776056,62.69614],[27.779,62.69408],[27.781649,62.690548],[27.78783,62.684366],[27.778411,62.683188],[27.766931,62.680245],[27.757217,62.675241],[27.749857,62.659639],[27.741321,62.655813],[27.718949,62.650808],[27.776939,62.626965],[27.794012,62.623138],[27.810791,62.626082],[27.826686,62.633441],[27.84376,62.636973],[27.863188,62.62932],[27.853768,62.624021],[27.82963,62.606359],[27.821977,62.602533],[27.811968,62.606065],[27.80873,62.612835],[27.80667,62.619606],[27.801371,62.623138],[27.795778,62.622255],[27.791952,62.620195],[27.784298,62.612541],[27.776939,62.609009],[27.771052,62.610481],[27.765753,62.613719],[27.76016,62.615485],[27.748091,62.617251],[27.725425,62.623138],[27.712179,62.623138],[27.717772,62.619606],[27.726897,62.612247],[27.732784,62.609303],[27.730724,62.604888],[27.72778,62.592819],[27.72572,62.588403],[27.735139,62.584871],[27.74191,62.585165],[27.748386,62.587226],[27.775467,62.589286],[27.779,62.58752],[27.799016,62.573979],[27.810791,62.562499],[27.817856,62.55043],[27.815206,62.541011],[27.815206,62.533651],[27.832279,62.530708],[27.853768,62.521583],[27.874962,62.510102],[27.890269,62.499505],[27.901161,62.485376],[27.898511,62.473601],[27.887031,62.463004],[27.869958,62.451818],[27.8782,62.44181],[27.89233,62.432685],[27.909992,62.426209],[27.948259,62.420321],[27.986821,62.405897],[28.007132,62.403837],[28.017434,62.406781],[28.022439,62.410902],[28.024794,62.415023],[28.036862,62.427386],[28.043633,62.430918],[28.051875,62.42768],[28.055113,62.421499],[28.056291,62.413845],[28.055113,62.406192],[28.046576,62.392357],[28.047754,62.387647],[28.050109,62.383231],[28.048048,62.376755],[28.034508,62.365275],[27.994768,62.338488],[27.986526,62.324947],[27.977695,62.315233],[27.937073,62.300221],[27.925004,62.28668],[27.939428,62.258421],[27.985054,62.245469],[28.076013,62.231928],[28.073069,62.235755],[28.069243,62.245763],[28.097501,62.24959],[28.149898,62.246058],[28.177863,62.252534],[28.170798,62.258127],[28.162556,62.262542],[28.153431,62.265486],[28.144305,62.266663],[28.144305,62.273139],[28.190521,62.270196],[28.205239,62.266663],[28.25322,62.247824],[28.273826,62.245763],[28.299141,62.249296],[28.252043,62.267546],[28.233498,62.280498],[28.307677,62.293156],[28.342118,62.294333],[28.376853,62.280498],[28.360663,62.273434],[28.349477,62.264897],[28.3483,62.254006],[28.363312,62.239582],[28.381563,62.234283],[28.414237,62.241937],[28.443674,62.229868],[28.490478,62.224569],[28.500486,62.222214],[28.508139,62.207202],[28.526684,62.201903],[28.549056,62.203964],[28.568778,62.211617],[28.566129,62.21721],[28.562597,62.231928],[28.582908,62.223392],[28.58909,62.218388],[28.583791,62.232223],[28.57496,62.246352],[28.569073,62.259304],[28.572016,62.269901],[28.580847,62.272845],[28.613816,62.266663],[28.622058,62.269313],[28.619409,62.2752],[28.613227,62.28197],[28.610284,62.28668],[28.618232,62.306991],[28.621175,62.30758],[28.625002,62.299338],[28.634422,62.294039],[28.661503,62.294039],[28.670923,62.296983],[28.678282,62.301987],[28.68623,62.305225],[28.699182,62.300809],[28.685347,62.314645],[28.715666,62.31435],[28.728913,62.318177],[28.740098,62.328185],[28.693,62.341726],[28.68623,62.347613],[28.654438,62.363215],[28.64443,62.376755],[28.727146,62.355561],[28.65591,62.382937],[28.63766,62.396478],[28.660914,62.399421],[28.693294,62.394123],[28.72538,62.385292],[28.746869,62.376755],[28.748046,62.373223],[28.746869,62.368513],[28.74628,62.364098],[28.750401,62.362332],[28.755111,62.361154],[28.77395,62.352323],[28.79956,62.343787],[28.810746,62.338194],[28.821932,62.328185],[28.810746,62.324653],[28.786314,62.322298],[28.777483,62.317883],[28.779249,62.313761],[28.791318,62.294039],[28.800149,62.291095],[28.80633,62.284914],[28.811335,62.277555],[28.81575,62.273139],[28.82517,62.269018],[28.846658,62.26372],[28.856667,62.259893],[28.925548,62.218388],[28.958222,62.191306],[28.9803,62.163636],[28.95675,62.158926],[28.932907,62.171878],[28.908769,62.189245],[28.883748,62.197782],[28.85755,62.203081],[28.83665,62.215738],[28.817222,62.231634],[28.794556,62.245763],[28.787785,62.239582],[28.791318,62.235166],[28.794556,62.233694],[28.798088,62.2334],[28.802209,62.231928],[28.802504,62.225452],[28.839299,62.194544],[28.856372,62.184536],[28.932024,62.163636],[28.895523,62.157748],[28.685347,62.204552],[28.699182,62.190717],[28.723614,62.184241],[28.774245,62.17806],[28.776011,62.175116],[28.77395,62.170112],[28.77395,62.165696],[28.781015,62.163636],[28.802504,62.164813],[28.808391,62.163636],[28.827525,62.154216],[28.834884,62.147151],[28.842537,62.135671],[28.828408,62.13626],[28.802209,62.142736],[28.787785,62.143325],[28.79014,62.140381],[28.791318,62.138909],[28.79279,62.138026],[28.794556,62.135671],[28.77866,62.130667],[28.770418,62.129195],[28.76041,62.12949],[28.81104,62.11536],[28.87374,62.118892],[29.027986,62.150095],[29.032402,62.153039],[29.037406,62.157454],[29.041233,62.16187],[29.041822,62.163636],[29.0586,62.163341],[29.088331,62.153333],[29.103638,62.150095],[29.226682,62.157454],[29.188121,62.178648],[29.103932,62.186891],[29.062133,62.197782],[29.078617,62.204258],[29.098045,62.206024],[29.13749,62.204552],[29.157507,62.200431],[29.194891,62.182181],[29.209904,62.17806],[29.240517,62.17806],[29.246405,62.176293],[29.25553,62.172172],[29.302334,62.160398],[29.322056,62.158926],[29.34325,62.163636],[29.316463,62.170112],[29.313225,62.176882],[29.32706,62.182181],[29.353259,62.184241],[29.366505,62.187479],[29.368566,62.195133],[29.367094,62.204258],[29.370038,62.211617],[29.377985,62.215444],[29.387405,62.217504],[29.411543,62.218388],[29.411543,62.225747],[29.274664,62.245763],[29.283789,62.250179],[29.293797,62.252534],[29.3041,62.253122],[29.31558,62.252534],[29.311459,62.260776],[29.305572,62.266663],[29.297624,62.270784],[29.288204,62.273139],[29.295269,62.275789],[29.308221,62.283736],[29.31558,62.28668],[29.304394,62.303459],[29.297624,62.30964],[29.288204,62.314645],[29.292914,62.319354],[29.301745,62.334956],[29.293209,62.341432],[29.284083,62.352029],[29.277313,62.363509],[29.274664,62.373223],[29.268482,62.386469],[29.254058,62.395006],[29.220501,62.403837],[29.220501,62.410607],[29.242284,62.40943],[29.296152,62.412668],[29.31558,62.417672],[29.325,62.425031],[29.33177,62.435923],[29.335597,62.448286],[29.335303,62.459177],[29.319113,62.489203],[29.263478,62.532768],[29.240517,62.561027],[29.231686,62.556612],[29.223739,62.554846],[29.206077,62.554257],[29.214319,62.567209],[29.225799,62.570741],[29.239634,62.571036],[29.254647,62.574568],[29.263772,62.582516],[29.275547,62.602827],[29.281434,62.609303],[29.308516,62.614602],[29.339718,62.608714],[29.365917,62.59429],[29.377397,62.574568],[29.364445,62.578689],[29.350904,62.581633],[29.33648,62.58281],[29.322351,62.582222],[29.363856,62.541011],[29.359735,62.528059],[29.367388,62.516873],[29.381812,62.508925],[29.398002,62.505687],[29.38976,62.526881],[29.388877,62.533946],[29.391821,62.541011],[29.401829,62.549547],[29.41272,62.551902],[29.419196,62.548075],[29.414781,62.537478],[29.411543,62.523054],[29.424201,62.514223],[29.453343,62.505687],[29.458347,62.503626],[29.473654,62.499505],[29.475714,62.493912],[29.473654,62.487142],[29.472771,62.48096],[29.49161,62.475662],[29.54489,62.448286],[29.580802,62.439749],[29.597287,62.431213],[29.605823,62.420321],[29.611416,62.409135],[29.618481,62.40001],[29.64674,62.392651],[29.662341,62.385881],[29.677942,62.382937],[29.692661,62.390296],[29.677354,62.404131],[29.679414,62.417378],[29.677059,62.427386],[29.626429,62.434745],[29.601997,62.443576],[29.581097,62.456822],[29.569322,62.472129],[29.607589,62.467125],[29.624368,62.466831],[29.631433,62.475367],[29.623779,62.485376],[29.587867,62.493618],[29.576093,62.499505],[29.571677,62.526587],[29.591694,62.543366],[29.623191,62.551902],[29.651744,62.554257],[29.63261,62.564854],[29.617303,62.57604],[29.589633,62.602533],[29.613771,62.614307],[29.64203,62.623727],[29.671761,62.62932],[29.699431,62.62932],[29.696782,62.625787],[29.692661,62.623138],[29.721214,62.607831],[29.800104,62.576334],[29.816294,62.557495],[29.810995,62.535712],[29.809523,62.533651],[29.807757,62.534829],[29.804519,62.533651],[29.802459,62.531297],[29.802459,62.52747],[29.807463,62.522466],[29.81335,62.521583],[29.819237,62.521583],[29.823064,62.520111],[29.831895,62.508925],[29.863686,62.478311],[29.894594,62.441221],[29.904603,62.444459],[29.926975,62.44858],[29.947286,62.448875],[29.949346,62.441221],[29.919321,62.415023],[29.911373,62.410607],[29.896361,62.411785],[29.869574,62.422971],[29.85044,62.423854],[29.85044,62.417672],[29.856033,62.406192],[29.848085,62.393829],[29.832778,62.384998],[29.816294,62.382937],[29.830129,62.369691],[29.82954,62.361154],[29.82483,62.354384],[29.816882,62.352323],[29.790684,62.367041],[29.773316,62.366747],[29.741231,62.355561],[29.741231,62.34938],[29.751239,62.350263],[29.759481,62.349085],[29.767429,62.346142],[29.775377,62.341726],[29.772139,62.338194],[29.770667,62.334956],[29.76949,62.331718],[29.768018,62.328185],[29.835427,62.315233],[29.856622,62.30758],[29.785385,62.30758],[29.776554,62.310229],[29.755655,62.320237],[29.747412,62.321415],[29.742408,62.316999],[29.741231,62.303753],[29.737698,62.300809],[29.722097,62.301398],[29.713561,62.303164],[29.675293,62.322298],[29.657043,62.326125],[29.639381,62.324359],[29.623779,62.314645],[29.639675,62.304931],[29.654393,62.293745],[29.657631,62.284325],[29.637615,62.280498],[29.626429,62.283736],[29.605823,62.297571],[29.59346,62.300809],[29.541946,62.300809],[29.541946,62.294039],[29.559608,62.287269],[29.569911,62.275494],[29.575504,62.264897],[29.579919,62.259893],[29.590222,62.256066],[29.603174,62.246058],[29.627606,62.222214],[29.654688,62.206613],[29.697076,62.193072],[29.739759,62.186007],[29.768018,62.191012],[29.761836,62.204552],[29.768607,62.209262],[29.770667,62.209851],[29.771845,62.211028],[29.775377,62.218388],[29.817471,62.208379],[29.837782,62.199843],[29.872223,62.17541],[29.895478,62.170701],[29.974956,62.170995],[29.983787,62.167168],[30.003509,62.153627],[30.019699,62.137437],[30.020288,62.131844],[30.007925,62.12949],[29.999682,62.12684],[29.982315,62.114183],[29.973484,62.109178],[29.948757,62.11065],[29.939338,62.109178],[29.934039,62.102702],[29.929329,62.092105],[29.922559,62.084157],[29.911962,62.085041],[29.857505,62.123897],[29.832778,62.13155],[29.825419,62.135671],[29.812761,62.146563],[29.800987,62.153333],[29.789212,62.153627],[29.768018,62.150095],[29.666168,62.157454],[29.682358,62.14568],[29.699431,62.135671],[29.685007,62.123014],[29.667345,62.12949],[29.648506,62.142736],[29.630844,62.150095],[29.605823,62.151567],[29.594637,62.153627],[29.583452,62.157454],[29.574032,62.163636],[29.567556,62.170701],[29.560491,62.176293],[29.548717,62.17806],[29.55637,62.170701],[29.544007,62.164225],[29.53076,62.164519],[29.518103,62.169523],[29.508094,62.17806],[29.522224,62.165108],[29.530466,62.154216],[29.534293,62.142147],[29.535176,62.126252],[29.527522,62.113888],[29.513982,62.101819],[29.507211,62.090633],[29.521635,62.081214],[29.496614,62.074738],[29.470416,62.083569],[29.443923,62.096226],[29.417725,62.102408],[29.436564,62.076798],[29.460996,62.058548],[29.521635,62.034116],[29.516631,62.028817],[29.508094,62.012921],[29.528994,62.007623],[29.566378,61.984074],[29.607001,61.973771],[29.650567,61.95346],[29.67235,61.951399],[29.661752,61.959936],[29.637909,61.968472],[29.627606,61.974948],[29.621719,61.984074],[29.622308,61.990255],[29.623779,61.995848],[29.620836,62.002913],[29.607001,62.016454],[29.633494,62.032349],[29.643208,62.034999],[29.653805,62.035587],[29.666168,62.034116],[29.701786,62.015276],[29.761248,61.949044],[29.802459,61.930499],[29.794805,61.919019],[29.767429,61.913132],[29.754772,61.903124],[29.762425,61.898119],[29.770667,61.893998],[29.779792,61.891055],[29.788918,61.889288],[29.774788,61.875748],[29.751828,61.875159],[29.727101,61.881635],[29.707085,61.889288],[29.741231,61.841601],[29.718565,61.818935],[29.6906,61.833948],[29.660281,61.853965],[29.631433,61.848372],[29.645562,61.844251],[29.660281,61.842485],[29.67441,61.838069],[29.68589,61.828061],[29.6697,61.828355],[29.661752,61.822468],[29.657631,61.813931],[29.651744,61.807455],[29.636732,61.800096],[29.62584,61.797741],[29.566967,61.800979],[29.536353,61.797741],[29.507211,61.790382],[29.479835,61.780079],[29.511627,61.773015],[29.524873,61.766539],[29.527817,61.752115],[29.520163,61.741812],[29.508094,61.742989],[29.493671,61.748877],[29.480424,61.752115],[29.470416,61.748877],[29.463057,61.741223],[29.44981,61.721795],[29.438624,61.718263],[29.428027,61.727094],[29.411543,61.752115],[29.406244,61.744756],[29.400357,61.739163],[29.392998,61.735336],[29.383873,61.732392],[29.385345,61.726211],[29.383873,61.722973],[29.383873,61.717968],[29.41272,61.712964],[29.424495,61.708254],[29.432148,61.697657],[29.420668,61.697069],[29.410365,61.695302],[29.400651,61.69177],[29.390937,61.68706],[29.377397,61.684411],[29.328827,61.690887],[29.30204,61.689121],[29.298801,61.683822],[29.329121,61.663511],[29.309399,61.646438],[29.298213,61.639079],[29.284966,61.636135],[29.270248,61.635547],[29.257591,61.632897],[29.247288,61.626421],[29.240517,61.61553],[29.281434,61.61553],[29.263478,61.608171],[29.252881,61.601695],[29.2414,61.598457],[29.220501,61.6014],[29.164866,61.621123],[29.144849,61.622595],[29.151031,61.618473],[29.152503,61.615235],[29.151619,61.608759],[29.140434,61.613469],[29.128365,61.615824],[29.116296,61.616413],[29.103638,61.61553],[29.103638,61.608759],[29.124244,61.6014],[29.104816,61.597574],[29.083916,61.603461],[29.062721,61.611703],[29.041822,61.61553],[29.053891,61.605227],[29.096279,61.589037],[29.102755,61.583738],[29.10717,61.577557],[29.113058,61.571964],[29.124244,61.567843],[29.103344,61.561956],[29.059778,61.576968],[29.041822,61.574613],[29.035934,61.579617],[29.02887,61.584327],[29.021216,61.587565],[29.004143,61.590214],[29.002671,61.592864],[29.003554,61.596985],[29.000611,61.6014],[28.987364,61.609348],[28.814867,61.683822],[28.774245,61.690298],[28.733622,61.690887],[28.721848,61.689415],[28.715961,61.683528],[28.712723,61.67087],[28.719493,61.651442],[28.718904,61.640845],[28.706541,61.636135],[28.69977,61.641139],[28.676221,61.6641],[28.665036,61.67087],[28.667685,61.646438],[28.651789,61.638785],[28.596743,61.642317],[28.597332,61.637901],[28.598509,61.634958],[28.603513,61.628776],[28.599981,61.622006],[28.602925,61.614058],[28.609106,61.606404],[28.617349,61.6014],[28.631478,61.59934],[28.656205,61.606993],[28.671806,61.608759],[28.669157,61.615824],[28.667685,61.618473],[28.665036,61.622595],[28.710073,61.615235],[28.727146,61.61553],[28.748046,61.620828],[28.760115,61.621417],[28.796616,61.607876],[28.821932,61.602283],[28.817222,61.601695],[28.81575,61.6014],[28.810157,61.592275],[28.821932,61.584033],[28.841065,61.577851],[28.856667,61.574613],[28.839299,61.569903],[28.828113,61.573436],[28.808391,61.589037],[28.790729,61.595219],[28.773656,61.596985],[28.703892,61.592864],[28.685347,61.589037],[28.671806,61.582267],[28.662386,61.569609],[28.666802,61.563427],[28.699182,61.554302],[28.692706,61.546354],[28.684464,61.541056],[28.675338,61.538995],[28.665036,61.539878],[28.674455,61.53664],[28.684758,61.533991],[28.695355,61.533108],[28.706541,61.533697],[28.669745,61.518684],[28.658265,61.509853],[28.675044,61.505732],[28.68152,61.508676],[28.683875,61.513091],[28.687996,61.513974],[28.70713,61.499256],[28.711545,61.494546],[28.711839,61.488659],[28.706541,61.479239],[28.670334,61.463344],[28.574666,61.500139],[28.534632,61.498962],[28.541991,61.491602],[28.550234,61.485715],[28.559064,61.481594],[28.568778,61.479239],[28.56348,61.464521],[28.568484,61.450686],[28.578492,61.439206],[28.58909,61.430669],[28.559064,61.404471],[28.505196,61.394757],[28.350066,61.398583],[28.343296,61.392402],[28.341529,61.374446],[28.346828,61.372679],[28.363312,61.369147],[28.391277,61.366792],[28.446912,61.372679],[28.47311,61.369147],[28.44544,61.34913],[28.41777,61.346187],[28.303556,61.363848],[28.29502,61.361788],[28.298258,61.352957],[28.309444,61.345009],[28.345356,61.324698],[28.360074,61.324404],[28.387156,61.32823],[28.403935,61.32617],[28.436315,61.316456],[28.452505,61.314101],[28.482824,61.319988],[28.526684,61.348247],[28.554943,61.355018],[28.551411,61.347364],[28.551705,61.344126],[28.553766,61.341182],[28.554943,61.334412],[28.583202,61.348542],[28.613522,61.35178],[28.678576,61.348247],[28.669451,61.353546],[28.662681,61.359433],[28.656793,61.366498],[28.6512,61.375623],[28.669157,61.372091],[28.687113,61.36326],[28.7348,61.331763],[28.750401,61.325287],[28.76718,61.321754],[28.787785,61.320871],[28.795733,61.304976],[28.866675,61.287314],[28.884042,61.269358],[28.879038,61.242276],[28.864909,61.22638],[28.84342,61.217255],[28.76041,61.197238],[28.747457,61.191057],[28.737449,61.184581],[28.725969,61.179577],[28.695355,61.175161],[28.669157,61.165447],[28.58909,61.155733],[28.510494,61.126591],[28.483118,61.122175],[28.423068,61.119232],[28.395987,61.112756],[28.369494,61.101276],[28.335936,61.078021],[28.321513,61.0739],[28.308855,61.074783],[28.293842,61.078315],[28.278535,61.07861],[28.264112,61.070662],[28.242034,61.064186],[28.127232,61.059476],[28.054524,61.070956],[28.04481,61.074489],[28.041867,61.081259],[28.046282,61.086557],[28.055407,61.088912]],[[28.56554,61.245808],[28.559653,61.241393],[28.568778,61.231973],[28.581436,61.223731],[28.586146,61.221376],[28.604691,61.207247],[28.622353,61.202537],[28.641781,61.206658],[28.66062,61.217255],[28.671806,61.211073],[28.678576,61.218433],[28.658854,61.220493],[28.645607,61.228735],[28.633539,61.238744],[28.617349,61.245808],[28.604102,61.241982],[28.56554,61.245808]],[[27.951497,61.484243],[27.972985,61.479239],[27.955324,61.493074],[27.95238,61.501316],[27.95915,61.513385],[27.946198,61.527515],[27.932658,61.526043],[27.919706,61.518095],[27.907637,61.513385],[27.845526,61.510736],[27.828453,61.513385],[27.823448,61.517507],[27.821094,61.529575],[27.815206,61.533697],[27.806081,61.534874],[27.777233,61.533697],[27.766931,61.536051],[27.748091,61.543999],[27.739555,61.543411],[27.712179,61.533697],[27.718066,61.521039],[27.71836,61.508676],[27.715711,61.495135],[27.729546,61.487481],[27.758688,61.488953],[27.773701,61.479239],[27.751329,61.478945],[27.754862,61.470703],[27.771346,61.459517],[27.78783,61.451275],[27.741027,61.449508],[27.717772,61.45098],[27.698049,61.458045],[27.705408,61.464815],[27.692162,61.477179],[27.673028,61.475118],[27.65154,61.468053],[27.629757,61.464815],[27.60974,61.46982],[27.57736,61.484538],[27.5544,61.485421],[27.542331,61.479534],[27.528496,61.479828],[27.499942,61.485421],[27.499942,61.479239],[27.548218,61.464815],[27.540859,61.458045],[27.771935,61.438323],[27.801371,61.430669],[27.778705,61.422721],[27.733667,61.416834],[27.712179,61.402705],[27.817561,61.404176],[27.849353,61.410358],[27.872607,61.419778],[27.90381,61.436851],[27.919706,61.454218],[27.89704,61.464815],[27.898511,61.472469],[27.897334,61.477179],[27.892918,61.480711],[27.883499,61.485421],[27.902632,61.487776],[27.951497,61.484243]],[[27.66979,61.286725],[27.718949,61.273184],[27.678033,61.287314],[27.682448,61.304387],[27.658016,61.32146],[27.671262,61.334412],[27.654189,61.340005],[27.645947,61.341477],[27.636527,61.341182],[27.639765,61.345009],[27.641826,61.348247],[27.645064,61.351485],[27.650068,61.355018],[27.650068,61.361788],[27.641531,61.364143],[27.638588,61.368853],[27.636527,61.382982],[27.616511,61.389164],[27.54969,61.391519],[27.527907,61.389164],[27.534089,61.402705],[27.502297,61.40712],[27.452844,61.426254],[27.421347,61.430669],[27.388673,61.424487],[27.333332,61.398878],[27.300658,61.395934],[27.300658,61.389164],[27.411927,61.358844],[27.448429,61.355018],[27.520253,61.355312],[27.555871,61.347658],[27.582659,61.32823],[27.52408,61.334412],[27.466974,61.347953],[27.452255,61.348247],[27.440775,61.335001],[27.458143,61.320871],[27.51731,61.288786],[27.552633,61.283781],[27.568824,61.279955],[27.580009,61.27289],[27.587957,61.266414],[27.597082,61.26141],[27.612978,61.259349],[27.62593,61.263176],[27.647124,61.281426],[27.657427,61.287314],[27.66979,61.286725]],[[28.239974,61.394168],[28.269116,61.391224],[28.290016,61.399467],[28.287661,61.416245],[28.421596,61.416245],[28.437786,61.418306],[28.486945,61.430669],[28.528451,61.433024],[28.541403,61.436851],[28.533455,61.447448],[28.513732,61.460989],[28.507256,61.472174],[28.504313,61.470703],[28.50078,61.470703],[28.495482,61.472763],[28.486945,61.479239],[28.493716,61.485421],[28.469283,61.489542],[28.46163,61.49484],[28.458981,61.505732],[28.43867,61.511031],[28.410116,61.512797],[28.388922,61.507498],[28.390688,61.491602],[28.373026,61.49278],[28.365078,61.49484],[28.356542,61.498962],[28.372732,61.474529],[28.376853,61.464815],[28.362135,61.451863],[28.342707,61.445976],[28.294431,61.44421],[28.206122,61.457751],[28.185222,61.451275],[28.213481,61.45098],[28.219663,61.442149],[28.217013,61.427725],[28.219368,61.410358],[28.239974,61.394168]],[[28.242623,61.538995],[28.22555,61.513385],[28.241151,61.512797],[28.255281,61.514857],[28.268527,61.519567],[28.28089,61.526926],[28.290899,61.512502],[28.304439,61.516035],[28.318275,61.526926],[28.329166,61.533697],[28.331227,61.530753],[28.339469,61.524571],[28.351243,61.519567],[28.363312,61.519567],[28.365373,61.523099],[28.368316,61.530164],[28.373026,61.536935],[28.380385,61.539878],[28.384212,61.543411],[28.383623,61.550475],[28.383918,61.557834],[28.390688,61.561072],[28.397753,61.559012],[28.416003,61.54812],[28.421596,61.543411],[28.432488,61.540761],[28.446617,61.547532],[28.459275,61.558423],[28.46634,61.567843],[28.471933,61.574024],[28.47311,61.577557],[28.47311,61.582267],[28.454565,61.586976],[28.430427,61.589626],[28.383918,61.589037],[28.368316,61.583738],[28.337997,61.565194],[28.325339,61.561072],[28.295314,61.559601],[28.266467,61.553419],[28.242623,61.538995]],[[28.291193,61.694125],[28.292665,61.684411],[28.287366,61.669398],[28.273826,61.642317],[28.28089,61.640845],[28.293254,61.636724],[28.301201,61.636135],[28.294725,61.629659],[28.28089,61.608759],[28.310915,61.623183],[28.322396,61.631425],[28.329166,61.642317],[28.342118,61.617002],[28.360074,61.607876],[28.541403,61.622595],[28.524624,61.643494],[28.51697,61.654975],[28.514321,61.667043],[28.506079,61.676463],[28.467223,61.687355],[28.452505,61.697657],[28.466045,61.702073],[28.494304,61.7059],[28.507256,61.711198],[28.500486,61.717968],[28.475465,61.722973],[28.451916,61.720029],[28.404818,61.705016],[28.404818,61.697657],[28.414237,61.695302],[28.421302,61.692359],[28.426306,61.688238],[28.431605,61.683234],[28.42925,61.676169],[28.427778,61.673814],[28.428367,61.671459],[28.431605,61.663511],[28.414532,61.657329],[28.398342,61.656741],[28.38539,61.661451],[28.376853,61.67087],[28.376853,61.677052],[28.383623,61.710021],[28.383918,61.717968],[28.369494,61.726505],[28.346828,61.730921],[28.305028,61.732392],[28.290016,61.729154],[28.281479,61.720618],[28.281185,61.708549],[28.291193,61.694125]],[[28.858138,61.903712],[28.870502,61.903124],[28.8758,61.905184],[28.88993,61.914015],[28.897583,61.916664],[28.884042,61.903124],[28.896406,61.899591],[28.909946,61.898119],[28.920544,61.894881],[28.924959,61.886345],[28.925548,61.876042],[28.926725,61.867505],[28.928786,61.861029],[28.932024,61.855731],[28.940855,61.847783],[28.960871,61.838069],[28.969408,61.831593],[28.975001,61.822762],[28.978239,61.814226],[28.983243,61.806572],[28.99384,61.800685],[28.986481,61.793031],[29.007675,61.780079],[29.022688,61.786261],[29.037406,61.785967],[29.069197,61.780079],[29.096573,61.780962],[29.111586,61.779491],[29.124244,61.773309],[29.116884,61.766539],[29.126598,61.762417],[29.133663,61.763301],[29.144849,61.766539],[29.15839,61.766833],[29.15839,61.766539],[29.163394,61.764184],[29.166926,61.754764],[29.172225,61.752115],[29.179584,61.752998],[29.190475,61.758296],[29.207549,61.761534],[29.220206,61.766833],[29.22992,61.774486],[29.234041,61.783612],[29.228743,61.788322],[29.20225,61.80039],[29.192536,61.807455],[29.209315,61.812459],[29.224622,61.811871],[29.254647,61.807455],[29.267893,61.808338],[29.277607,61.810988],[29.301745,61.820996],[29.292914,61.83542],[29.293797,61.8469],[29.301156,61.853965],[29.312637,61.854848],[29.307338,61.858675],[29.301745,61.862207],[29.309104,61.869566],[29.291737,61.875453],[29.323822,61.914898],[29.31558,61.930499],[29.34325,61.94404],[29.324411,61.956992],[29.330887,61.969355],[29.350021,61.977598],[29.370038,61.978775],[29.412132,61.967589],[29.429794,61.959641],[29.432148,61.951399],[29.432148,61.94404],[29.513982,61.937858],[29.513982,61.94404],[29.482779,61.958464],[29.47071,61.967295],[29.459524,61.978775],[29.454226,61.9879],[29.446572,62.009978],[29.438919,62.019692],[29.464234,62.028523],[29.449516,62.042063],[29.40124,62.064729],[29.378869,62.090633],[29.369743,62.105646],[29.363856,62.122719],[29.355614,62.127723],[29.345311,62.128901],[29.334125,62.128606],[29.322351,62.12949],[29.294092,62.137732],[29.280845,62.14303],[29.268188,62.150095],[29.29262,62.12007],[29.29939,62.102702],[29.284966,62.094755],[29.277607,62.071794],[29.26701,62.055604],[29.247877,62.047656],[29.280551,62.032055],[29.288204,62.026462],[29.292031,62.017926],[29.292325,61.996437],[29.294975,61.984957],[29.280257,61.987606],[29.262595,62.002913],[29.247288,62.00674],[29.219618,62.008506],[29.208432,62.012333],[29.199895,62.019692],[29.207843,62.023813],[29.226682,62.040297],[29.15839,62.081214],[29.173697,62.083569],[29.241106,62.075032],[29.247288,62.080036],[29.235219,62.107118],[29.237279,62.119776],[29.226388,62.134199],[29.183116,62.141264],[29.141905,62.136849],[29.138079,62.116538],[29.123949,62.109178],[29.113058,62.111239],[29.102461,62.117715],[29.090097,62.122719],[29.042705,62.122425],[29.027692,62.126252],[29.003554,62.128901],[28.976473,62.121542],[28.932024,62.102408],[28.877566,62.091222],[28.699182,62.075032],[28.699182,62.068262],[28.706541,62.061197],[28.693589,62.060608],[28.678576,62.055015],[28.678576,62.034116],[28.68829,62.02293],[28.744219,61.986134],[28.766297,61.978481],[28.828113,61.967589],[28.876683,61.937858],[28.876683,61.930499],[28.865498,61.929911],[28.845481,61.925201],[28.835767,61.924023],[28.82723,61.921963],[28.822226,61.916959],[28.821343,61.911954],[28.825464,61.909894],[28.858138,61.903712]],[[27.815206,62.478311],[27.815206,62.485965],[27.809613,62.490674],[27.802549,62.498328],[27.796661,62.507453],[27.789891,62.528647],[27.780177,62.531297],[27.768991,62.530413],[27.76016,62.530708],[27.70953,62.550136],[27.683331,62.557201],[27.657427,62.561027],[27.68863,62.546015],[27.729252,62.533357],[27.764576,62.517756],[27.780471,62.492735],[27.787242,62.484493],[27.79519,62.479488],[27.804609,62.477428],[27.815206,62.478311]],[[27.842582,62.925156],[27.821977,62.931632],[27.829925,62.920152],[27.834634,62.915442],[27.841993,62.911026],[27.82963,62.901607],[27.83434,62.88836],[27.866426,62.850093],[27.869075,62.843911],[27.871135,62.823306],[27.874668,62.817713],[27.881144,62.815064],[27.890269,62.814769],[27.883499,62.829193],[27.916468,62.825072],[27.967098,62.796224],[28.041867,62.739118],[28.051875,62.734408],[28.061295,62.736174],[28.082195,62.745888],[28.071597,62.745594],[28.061295,62.747065],[28.050992,62.749715],[28.041867,62.753247],[28.075719,62.762372],[28.137829,62.743239],[28.165205,62.745888],[28.141067,62.764139],[28.111925,62.774441],[28.07984,62.778857],[28.048048,62.780034],[28.059529,62.799462],[28.078368,62.809765],[28.1237,62.822128],[28.1237,62.829193],[28.05894,62.830076],[28.041867,62.835375],[28.059529,62.841556],[28.098679,62.843911],[28.11693,62.848915],[28.11693,62.855686],[28.080723,62.854803],[28.063355,62.856863],[28.048048,62.863339],[28.067771,62.869521],[28.110454,62.869815],[28.13047,62.87688],[28.105744,62.8863],[28.055702,62.878058],[28.034508,62.88365],[28.04481,62.890715],[28.059529,62.89307],[28.070714,62.89307],[28.082195,62.896897],[28.051875,62.896602],[28.038629,62.900429],[28.027443,62.911026],[28.043338,62.91603],[28.074835,62.91868],[28.089554,62.924861],[28.074835,62.935164],[28.06571,62.966072],[28.055407,62.979319],[28.033919,62.985795],[28.013019,62.980791],[27.995652,62.968427],[27.986526,62.951354],[27.993297,62.951354],[27.993297,62.945173],[27.982405,62.945467],[27.961211,62.950765],[27.951791,62.951354],[27.947081,62.949294],[27.93619,62.940757],[27.932069,62.938402],[27.904104,62.934281],[27.893213,62.936636],[27.883499,62.945173],[27.900278,62.95312],[27.917645,62.958713],[27.898806,62.96725],[27.878789,62.971371],[27.860538,62.967544],[27.849353,62.951354],[27.863482,62.943406],[27.888209,62.922212],[27.904104,62.917797],[27.881733,62.909849],[27.861716,62.915147],[27.842582,62.925156]]]}},{"type":"Feature","properties":{"name":"Lago Llanquihue","scalerank":3},"geometry":{"type":"Polygon","coordinates":[[[-72.902363,-41.319484],[-72.929003,-41.318013],[-72.95579,-41.31242],[-72.97669,-41.299173],[-72.991261,-41.258551],[-73.004066,-41.242361],[-73.014074,-41.224405],[-73.012161,-41.202622],[-72.999062,-41.19644],[-72.971538,-41.179956],[-72.951522,-41.162883],[-72.960647,-41.154935],[-73.004802,-41.140511],[-73.028939,-41.137862],[-73.038359,-41.134624],[-73.046307,-41.12697],[-73.025554,-41.109014],[-72.963296,-41.086348],[-72.95005,-41.068392],[-72.945193,-41.064271],[-72.93386,-41.058383],[-72.92238,-41.049847],[-72.91664,-41.037484],[-72.918847,-41.022177],[-72.923851,-41.014818],[-72.925323,-41.008636],[-72.91664,-40.996567],[-72.911783,-40.994801],[-72.895298,-40.992446],[-72.888675,-40.989797],[-72.886173,-40.985381],[-72.882052,-40.971546],[-72.878814,-40.965953],[-72.865567,-40.956828],[-72.845992,-40.949469],[-72.828183,-40.950352],[-72.810374,-40.992151],[-72.786089,-41.00216],[-72.727658,-41.010696],[-72.71971,-41.006281],[-72.708671,-41.002749],[-72.696897,-41.001277],[-72.686741,-41.003337],[-72.675997,-41.011285],[-72.676586,-41.017761],[-72.68056,-41.025415],[-72.679824,-41.037484],[-72.653331,-41.094001],[-72.641998,-41.109897],[-72.61212,-41.133446],[-72.601964,-41.147281],[-72.59799,-41.172008],[-72.593869,-41.177012],[-72.566935,-41.198795],[-72.564433,-41.207037],[-72.570615,-41.213808],[-72.580329,-41.218812],[-72.6027,-41.226171],[-72.61418,-41.226465],[-72.625072,-41.223522],[-72.670257,-41.201444],[-72.698663,-41.193497],[-72.725009,-41.197912],[-72.751796,-41.219106],[-72.774756,-41.250603],[-72.786383,-41.258551],[-72.798747,-41.261495],[-72.826564,-41.263261],[-72.837161,-41.267676],[-72.889558,-41.307121],[-72.902363,-41.319484]]]}},{"type":"Feature","properties":{"name":"Khövsgöl Nuur","scalerank":3},"geometry":{"type":"Polygon","coordinates":[[[100.766879,51.44731],[100.784835,51.432297],[100.796021,51.41228],[100.795138,51.389614],[100.780714,51.343105],[100.788957,51.316318],[100.769234,51.302483],[100.772178,51.292769],[100.777771,51.283349],[100.778948,51.272457],[100.776004,51.254501],[100.767468,51.238017],[100.740092,51.205342],[100.734499,51.189447],[100.728317,51.163248],[100.715954,51.145587],[100.708301,51.128219],[100.713894,51.103787],[100.723902,51.082887],[100.730672,51.074645],[100.741858,51.069052],[100.722136,51.056394],[100.700647,51.048741],[100.682397,51.039321],[100.672388,51.02107],[100.692699,51.016066],[100.702119,51.011062],[100.710361,51.004292],[100.711539,50.995755],[100.691816,50.978976],[100.686518,50.969557],[100.682397,50.95631],[100.671505,50.937177],[100.657081,50.919515],[100.642069,50.911861],[100.624407,50.907152],[100.570538,50.870356],[100.559941,50.865941],[100.53757,50.860348],[100.528739,50.856521],[100.519319,50.850339],[100.51196,50.844452],[100.506367,50.837387],[100.502246,50.829439],[100.495475,50.810894],[100.494004,50.800003],[100.498419,50.795293],[100.504601,50.796176],[100.51402,50.800886],[100.519025,50.802064],[100.524029,50.800003],[100.52815,50.795293],[100.529033,50.790583],[100.517258,50.784107],[100.510194,50.765268],[100.498419,50.761147],[100.48635,50.759675],[100.472515,50.755848],[100.459563,50.750255],[100.450438,50.743779],[100.439841,50.733477],[100.441018,50.731416],[100.440135,50.72023],[100.441607,50.695798],[100.440135,50.685201],[100.422473,50.648994],[100.423062,50.632215],[100.446905,50.630155],[100.445728,50.646051],[100.460446,50.650466],[100.480463,50.646639],[100.494887,50.637514],[100.496947,50.626034],[100.482818,50.61161],[100.488411,50.603368],[100.481052,50.593065],[100.471043,50.58865],[100.459269,50.589827],[100.446905,50.596597],[100.43307,50.589238],[100.43307,50.583057],[100.463684,50.571871],[100.474281,50.569222],[100.474281,50.562451],[100.462212,50.557741],[100.449849,50.555681],[100.422768,50.555092],[100.41688,50.550677],[100.409521,50.541257],[100.400101,50.531837],[100.388621,50.527716],[100.322095,50.542729],[100.296191,50.541846],[100.286183,50.537136],[100.274702,50.529482],[100.262928,50.525656],[100.24085,50.536841],[100.228487,50.53537],[100.218479,50.528599],[100.211414,50.50976],[100.197579,50.488271],[100.193164,50.47944],[100.196107,50.469138],[100.196696,50.460896],[100.193164,50.452653],[100.177857,50.465605],[100.166965,50.489154],[100.160783,50.515059],[100.159017,50.534487],[100.165199,50.561862],[100.178151,50.575403],[100.193752,50.585706],[100.206704,50.603368],[100.196402,50.613082],[100.196107,50.623679],[100.202878,50.63457],[100.214358,50.644284],[100.230842,50.652821],[100.244677,50.65812],[100.245855,50.660769],[100.257041,50.674015],[100.262045,50.678431],[100.254686,50.683435],[100.24085,50.699036],[100.249976,50.712871],[100.249093,50.730533],[100.24085,50.764091],[100.24085,50.849751],[100.247032,50.894494],[100.296191,51.014889],[100.305316,51.049918],[100.309732,51.086419],[100.315619,51.106142],[100.327394,51.120566],[100.335341,51.135578],[100.330337,51.158244],[100.285005,51.230658],[100.266755,51.268925],[100.262045,51.309253],[100.266755,51.328387],[100.276763,51.342516],[100.291481,51.35017],[100.309732,51.35017],[100.310026,51.34752],[100.312381,51.341339],[100.316796,51.334274],[100.323567,51.329564],[100.405106,51.346637],[100.431893,51.366654],[100.451026,51.393735],[100.467511,51.425232],[100.458386,51.4426],[100.44926,51.449665],[100.437191,51.449959],[100.418941,51.445544],[100.385089,51.433769],[100.366544,51.432003],[100.358302,51.4426],[100.360362,51.456141],[100.366544,51.46821],[100.376258,51.477041],[100.388621,51.480279],[100.400985,51.485283],[100.412759,51.496763],[100.431598,51.520312],[100.49106,51.536502],[100.505484,51.545922],[100.511371,51.556519],[100.510782,51.56535],[100.508133,51.573886],[100.508427,51.582717],[100.514609,51.590959],[100.522851,51.596258],[100.527267,51.601851],[100.522851,51.610682],[100.549638,51.619807],[100.570538,51.611565],[100.590555,51.59773],[100.615282,51.590371],[100.621463,51.579479],[100.645601,51.514719],[100.659436,51.498235],[100.67857,51.480279],[100.699764,51.465855],[100.720664,51.459967],[100.744802,51.456729],[100.766879,51.44731]]]}},{"type":"Feature","properties":{"name":"Päijänne","scalerank":3},"geometry":{"type":"Polygon","coordinates":[[[26.304824,61.414185],[26.327784,61.42802],[26.356043,61.430669],[26.347801,61.421249],[26.311006,61.392402],[26.303058,61.382393],[26.291283,61.361788],[26.283335,61.351485],[26.271266,61.344126],[26.22564,61.334412],[26.215632,61.32823],[26.190905,61.307331],[26.202385,61.296439],[26.212982,61.297322],[26.224757,61.302915],[26.238886,61.307331],[26.245362,61.305564],[26.24654,61.29585],[26.253016,61.293495],[26.260669,61.294673],[26.277154,61.299677],[26.286573,61.300855],[26.269206,61.27966],[26.265968,61.279955],[26.267734,61.273184],[26.271855,61.264059],[26.276859,61.257877],[26.280392,61.259349],[26.275682,61.250518],[26.266851,61.239038],[26.25596,61.22903],[26.245657,61.224614],[26.229172,61.230207],[26.223874,61.243159],[26.22564,61.269358],[26.220636,61.278777],[26.207978,61.275539],[26.192082,61.26818],[26.177364,61.265531],[26.17913,61.270535],[26.182074,61.282604],[26.184135,61.287314],[26.169122,61.28908],[26.160291,61.285548],[26.146162,61.269358],[26.138214,61.262882],[26.129677,61.25876],[26.108189,61.252579],[26.120552,61.241687],[26.144101,61.234917],[26.1703,61.231679],[26.190905,61.231973],[26.190905,61.224614],[26.184723,61.20813],[26.210627,61.174278],[26.211216,61.155733],[26.206506,61.160443],[26.196204,61.166036],[26.190905,61.169862],[26.174126,61.156616],[26.167356,61.149257],[26.168828,61.140132],[26.177364,61.122175],[26.185606,61.133067],[26.195615,61.140132],[26.206506,61.141898],[26.217987,61.136599],[26.210627,61.120115],[26.226229,61.10628],[26.273327,61.088029],[26.23035,61.091267],[26.211216,61.088618],[26.169416,61.05771],[26.16088,61.045935],[26.163529,61.032689],[26.172949,61.040048],[26.183252,61.044169],[26.193849,61.044463],[26.204446,61.040342],[26.144101,61.008551],[26.129677,60.991772],[26.120552,60.977054],[26.101713,60.946146],[26.087878,60.930544],[26.080813,60.943496],[26.070804,60.977937],[26.060502,60.985591],[26.047255,60.97676],[26.040779,60.957332],[26.032832,60.942613],[26.015758,60.947912],[26.008988,60.964396],[26.023117,60.977937],[26.081696,60.998543],[26.094648,61.005607],[26.147928,61.061242],[26.159114,61.079198],[26.163529,61.097743],[26.153226,61.09686],[26.13056,61.104808],[26.094648,61.122175],[26.092587,61.127768],[26.090527,61.143664],[26.087878,61.149551],[26.080224,61.154261],[26.058441,61.16162],[26.050199,61.166624],[26.035775,61.178399],[25.985439,61.204303],[25.970426,61.172806],[25.953942,61.181343],[25.935986,61.202831],[25.917146,61.211073],[25.910376,61.20342],[25.883,61.163092],[25.870343,61.151318],[25.85739,61.141898],[25.845322,61.139543],[25.834724,61.149551],[25.846499,61.156616],[25.87623,61.183698],[25.867105,61.18723],[25.859451,61.186347],[25.853269,61.183992],[25.848854,61.183698],[25.840612,61.188407],[25.81353,61.209602],[25.809998,61.213723],[25.805582,61.216666],[25.794397,61.218433],[25.770553,61.212251],[25.762605,61.211073],[25.76025,61.215783],[25.794397,61.242276],[25.784977,61.24993],[25.664582,61.286136],[25.643388,61.287314],[25.623665,61.282898],[25.613363,61.275539],[25.609536,61.26612],[25.608653,61.256111],[25.623665,61.231385],[25.658106,61.222848],[25.696962,61.21961],[25.724927,61.211073],[25.684893,61.186641],[25.553312,61.169862],[25.552135,61.166036],[25.552135,61.151612],[25.550074,61.146019],[25.538005,61.136011],[25.498855,61.114816],[25.544187,61.090384],[25.565676,61.074489],[25.574507,61.060065],[25.580688,61.060065],[25.58216,61.073017],[25.586281,61.082436],[25.592463,61.087735],[25.601294,61.088029],[25.607475,61.083025],[25.613951,61.063303],[25.622194,61.053883],[25.617484,61.047407],[25.608653,61.026507],[25.61925,61.024447],[25.626903,61.018854],[25.63073,61.010317],[25.629258,60.999426],[25.623665,60.99295],[25.614834,60.990889],[25.591874,60.991772],[25.583926,60.99501],[25.568914,61.00914],[25.557139,61.012378],[25.544776,61.013261],[25.533296,61.015616],[25.522404,61.020031],[25.512396,61.026507],[25.532118,61.041814],[25.539772,61.050056],[25.546542,61.060065],[25.522404,61.070956],[25.495028,61.088618],[25.467064,61.099804],[25.440277,61.091267],[25.437627,61.082436],[25.446753,61.075077],[25.458821,61.068013],[25.464709,61.060065],[25.458233,61.045641],[25.444103,61.040048],[25.429679,61.040048],[25.423203,61.043286],[25.405542,61.066246],[25.36698,61.064774],[25.327241,61.058593],[25.30693,61.067718],[25.317821,61.083025],[25.380521,61.091562],[25.402598,61.101276],[25.396122,61.100393],[25.382581,61.101276],[25.376105,61.101276],[25.394944,61.139837],[25.435272,61.160443],[25.485314,61.168685],[25.532412,61.169862],[25.532412,61.177516],[25.506214,61.183109],[25.492085,61.193412],[25.490024,61.209602],[25.498855,61.231973],[25.512984,61.244631],[25.518872,61.253462],[25.515928,61.262587],[25.503859,61.267297],[25.491202,61.269063],[25.482959,61.273773],[25.485314,61.287314],[25.470596,61.291729],[25.457644,61.289669],[25.430563,61.279955],[25.436744,61.269652],[25.453523,61.258466],[25.45735,61.249046],[25.448519,61.240804],[25.429091,61.236683],[25.408191,61.236389],[25.395239,61.239038],[25.381698,61.259349],[25.384642,61.284076],[25.397005,61.308802],[25.409368,61.32823],[25.385525,61.33765],[25.360798,61.327936],[25.334894,61.313218],[25.30693,61.307331],[25.321059,61.338533],[25.297216,61.346775],[25.261303,61.350602],[25.238637,61.369147],[25.259537,61.371208],[25.279848,61.375623],[25.268368,61.380627],[25.231867,61.389164],[25.261597,61.395934],[25.295155,61.395934],[25.307518,61.399172],[25.273078,61.416245],[25.149445,61.458045],[25.149445,61.464815],[25.204785,61.461577],[25.217737,61.464815],[25.224508,61.477179],[25.212144,61.483655],[25.193011,61.485715],[25.177409,61.485421],[25.193894,61.493369],[25.211556,61.498962],[25.211556,61.505732],[25.193305,61.508381],[25.175054,61.51574],[25.157687,61.526926],[25.143263,61.539878],[25.160925,61.545765],[25.17947,61.545765],[25.240109,61.538406],[25.25365,61.54135],[25.279848,61.561072],[25.273961,61.567254],[25.271606,61.571081],[25.268368,61.573141],[25.259243,61.574613],[25.259243,61.582267],[25.286618,61.588448],[25.310462,61.582855],[25.3555,61.561072],[25.374045,61.558129],[25.391412,61.561956],[25.40613,61.572258],[25.416139,61.589037],[25.403481,61.588154],[25.391412,61.589037],[25.379343,61.591392],[25.368452,61.595219],[25.380815,61.600223],[25.397888,61.604638],[25.426736,61.608759],[25.434095,61.613175],[25.464709,61.642317],[25.455289,61.650853],[25.445869,61.662628],[25.435272,61.672931],[25.423498,61.677052],[25.348141,61.677052],[25.367863,61.68235],[25.376105,61.683234],[25.376105,61.690887],[25.35756,61.695597],[25.344903,61.702662],[25.344314,61.710609],[25.361681,61.717968],[25.361681,61.725622],[25.323414,61.734747],[25.28338,61.738574],[25.268368,61.73357],[25.258948,61.724445],[25.250706,61.719146],[25.238637,61.725622],[25.243347,61.731804],[25.251883,61.752115],[25.233633,61.762123],[25.195071,61.790088],[25.17005,61.800685],[25.17005,61.807455],[25.228334,61.803923],[25.238637,61.800685],[25.245702,61.807455],[25.266307,61.797447],[25.273078,61.793031],[25.273961,61.788027],[25.271606,61.771543],[25.273078,61.766539],[25.288385,61.762417],[25.338132,61.760357],[25.351673,61.763006],[25.367569,61.769777],[25.386702,61.772131],[25.402598,61.776547],[25.436744,61.83542],[25.460882,61.85838],[25.465003,61.870743],[25.449991,61.883107],[25.435272,61.883695],[25.368746,61.876336],[25.280142,61.876336],[25.263069,61.871627],[25.247468,61.862501],[25.230689,61.856908],[25.211556,61.862207],[25.23746,61.878397],[25.277199,61.889288],[25.374633,61.899002],[25.382581,61.904007],[25.376105,61.910483],[25.3555,61.916664],[25.321648,61.920785],[25.307518,61.92579],[25.293389,61.937858],[25.40613,61.930499],[25.425264,61.926967],[25.485314,61.903124],[25.489141,61.919019],[25.502093,61.925495],[25.517989,61.929322],[25.532412,61.937858],[25.526231,61.94404],[25.517694,61.939036],[25.508569,61.93727],[25.499738,61.939036],[25.491496,61.94404],[25.497972,61.953754],[25.50327,61.964351],[25.509452,61.973477],[25.519166,61.978775],[25.535945,61.976715],[25.548014,61.970239],[25.559788,61.96965],[25.574507,61.984957],[25.559494,61.99261],[25.527408,62.004385],[25.512396,62.012921],[25.655457,61.999381],[25.680478,62.000264],[25.709325,62.01351],[25.7211,62.017042],[25.73052,62.02293],[25.732286,62.034116],[25.724338,62.041475],[25.710208,62.045301],[25.660461,62.049717],[25.643093,62.055899],[25.63073,62.066201],[25.622194,62.081214],[25.632202,62.086807],[25.643093,62.088867],[25.666937,62.088573],[25.676945,62.090633],[25.669881,62.095343],[25.649569,62.102408],[25.629553,62.113005],[25.619839,62.115654],[25.60512,62.116538],[25.597761,62.113005],[25.585398,62.098287],[25.577745,62.094755],[25.490024,62.098287],[25.455878,62.112416],[25.45735,62.143325],[25.436155,62.153333],[25.446753,62.168051],[25.467652,62.172172],[25.478249,62.150095],[25.490907,62.153039],[25.513573,62.161575],[25.526231,62.163636],[25.521521,62.15245],[25.522404,62.142147],[25.532412,62.122719],[25.575095,62.127723],[25.641916,62.125663],[25.703438,62.130961],[25.732286,62.157454],[25.729342,62.16187],[25.721983,62.16864],[25.712858,62.175116],[25.692841,62.182181],[25.685482,62.191306],[25.683716,62.200431],[25.687542,62.204552],[25.754363,62.203375],[25.760545,62.206613],[25.766432,62.218388],[25.748476,62.226335],[25.724927,62.231928],[25.724927,62.239582],[25.826777,62.241054],[25.874169,62.254594],[25.917146,62.28668],[25.852975,62.30964],[25.842084,62.317883],[25.854152,62.332012],[25.882411,62.332601],[25.938341,62.321415],[25.924211,62.332012],[25.912437,62.345553],[25.909787,62.359094],[25.924211,62.369691],[25.917735,62.382643],[25.922151,62.392945],[25.943934,62.410607],[25.905372,62.442104],[25.902723,62.446814],[25.897718,62.450346],[25.886533,62.451818],[25.848854,62.451818],[25.857685,62.440044],[25.870343,62.431213],[25.875641,62.423559],[25.863278,62.417672],[25.850914,62.417378],[25.786743,62.444754],[25.803816,62.455351],[25.863278,62.472129],[25.862395,62.476545],[25.861512,62.477722],[25.859451,62.477722],[25.855036,62.478311],[25.863278,62.485965],[25.787921,62.533063],[25.746121,62.54837],[25.697551,62.554257],[25.706676,62.545132],[25.711092,62.534829],[25.710503,62.523937],[25.704321,62.513046],[25.682833,62.526292],[25.678123,62.541599],[25.684893,62.558378],[25.697551,62.574568],[25.674885,62.578689],[25.633968,62.592819],[25.611891,62.595762],[25.602471,62.592819],[25.592463,62.587814],[25.584221,62.587814],[25.580688,62.599295],[25.584221,62.603121],[25.592463,62.608126],[25.608653,62.615485],[25.608653,62.623138],[25.58893,62.62932],[25.618367,62.6408],[25.650453,62.639328],[25.711386,62.62932],[25.735229,62.631969],[25.768493,62.639917],[25.799401,62.652869],[25.814119,62.670825],[25.782622,62.715569],[25.772614,62.741767],[25.793808,62.753247],[25.804111,62.743239],[25.815002,62.722045],[25.833841,62.702616],[25.868871,62.698201],[25.868871,62.70556],[25.855036,62.712331],[25.867399,62.71027],[25.888299,62.700262],[25.900073,62.698201],[25.908315,62.702322],[25.910082,62.711742],[25.910376,62.721161],[25.913908,62.725577],[25.922445,62.729109],[25.928627,62.738235],[25.931276,62.749715],[25.930098,62.759723],[25.924211,62.770909],[25.917735,62.771498],[25.909199,62.76826],[25.896541,62.767082],[25.849737,62.778857],[25.842084,62.777091],[25.838257,62.76826],[25.828543,62.76561],[25.803816,62.767082],[25.794691,62.770909],[25.794102,62.780034],[25.79734,62.78916],[25.800578,62.794458],[25.812058,62.801228],[25.826777,62.802112],[25.842378,62.799462],[25.855036,62.794458],[25.851209,62.808293],[25.851503,62.820068],[25.85062,62.830665],[25.842084,62.841556],[25.887416,62.840085],[25.906844,62.845972],[25.917146,62.863339],[25.856507,62.879529],[25.827954,62.891598],[25.807349,62.911026],[25.831781,62.910438],[25.896541,62.88365],[25.897424,62.890126],[25.896247,62.89307],[25.889771,62.896897],[25.962773,62.903667],[25.992209,62.896897],[25.982495,62.907788],[25.944228,62.930749],[25.872403,62.959596],[25.855036,62.973137],[25.880645,62.986089],[25.865044,63.00169],[25.831192,63.014937],[25.800873,63.020235],[25.788509,63.024651],[25.745238,63.05497],[25.718745,63.06439],[25.703732,63.067039],[25.684304,63.067922],[25.69078,63.047906],[25.674002,63.044962],[25.64692,63.051732],[25.622194,63.061152],[25.562732,63.097064],[25.54036,63.102363],[25.54036,63.095887],[25.564204,63.064684],[25.562143,63.057325],[25.532412,63.033187],[25.529469,63.024062],[25.530058,63.015231],[25.529174,63.006106],[25.522698,62.996686],[25.51946,62.987855],[25.523876,62.97873],[25.532412,62.970782],[25.54036,62.965778],[25.522993,62.965484],[25.511218,62.958125],[25.500916,62.949294],[25.488258,62.945173],[25.481193,62.948411],[25.471185,62.964895],[25.464709,62.973137],[25.434684,62.984323],[25.35756,62.990505],[25.327535,63.006695],[25.344608,63.018764],[25.347257,63.03201],[25.351673,63.040841],[25.376105,63.040841],[25.457644,63.017586],[25.484726,63.014054],[25.504448,63.022002],[25.503859,63.039663],[25.492085,63.059091],[25.461176,63.084407],[25.435861,63.113254],[25.416139,63.123263],[25.425853,63.128267],[25.436155,63.129444],[25.446753,63.127384],[25.45735,63.123263],[25.451757,63.130622],[25.445869,63.13592],[25.439099,63.139747],[25.430563,63.14328],[25.443515,63.148873],[25.459116,63.150933],[25.472657,63.146812],[25.484726,63.122085],[25.499444,63.118259],[25.5174,63.119436],[25.532412,63.123263],[25.529469,63.146223],[25.537711,63.18243],[25.526231,63.191555],[25.537711,63.196854],[25.550369,63.195971],[25.562732,63.191261],[25.574507,63.184785],[25.60983,63.229528],[25.618072,63.253961],[25.625432,63.241597],[25.636029,63.212161],[25.614246,63.201564],[25.604826,63.19391],[25.601294,63.184785],[25.604826,63.180958],[25.625726,63.164768],[25.63544,63.16153],[25.647509,63.146518],[25.656634,63.14328],[25.666643,63.141808],[25.778207,63.088822],[25.828837,63.071749],[25.863278,63.075576],[25.847088,63.091766],[25.827071,63.105601],[25.804405,63.116492],[25.780561,63.123263],[25.788215,63.130916],[25.798223,63.136804],[25.814119,63.14328],[25.82972,63.146223],[25.835608,63.14534],[25.839729,63.141808],[25.889771,63.116492],[25.899485,63.115609],[25.911553,63.116787],[25.9248,63.115904],[25.938341,63.109722],[25.92686,63.09206],[25.922739,63.080286],[25.928627,63.070572],[25.945405,63.058503],[26.149988,62.973137],[26.117903,62.963129],[26.089055,62.96931],[26.033126,62.999924],[26.011049,63.00905],[25.988088,63.014054],[25.974253,63.008461],[25.97808,62.986089],[25.995742,62.966661],[26.022234,62.954592],[26.076397,62.940168],[26.142335,62.896897],[26.151166,62.887183],[26.154698,62.878352],[26.159997,62.871876],[26.173832,62.869521],[26.199442,62.868638],[26.224757,62.864811],[26.245362,62.856275],[26.397549,62.747949],[26.412267,62.732053],[26.415799,62.718512],[26.396371,62.712331],[26.385185,62.718218],[26.373116,62.729404],[26.35987,62.736174],[26.345152,62.729109],[26.324546,62.701733],[26.309534,62.699378],[26.293344,62.714685],[26.269206,62.750303],[26.229467,62.780329],[26.060502,62.86069],[26.044606,62.862751],[26.039896,62.848915],[26.045784,62.840379],[26.077869,62.817713],[26.094648,62.799757],[26.077575,62.80064],[26.033126,62.814769],[26.015464,62.803583],[25.998391,62.77974],[25.988971,62.756485],[25.995447,62.745888],[26.012815,62.737351],[26.027239,62.697318],[26.039896,62.684366],[26.039896,62.678184],[26.01723,62.68731],[25.97808,62.718218],[25.958063,62.725577],[25.960124,62.714685],[25.960124,62.703794],[25.962478,62.695257],[25.971309,62.692019],[25.981907,62.68937],[25.994859,62.6826],[26.035186,62.653752],[26.108189,62.623138],[26.052848,62.618134],[26.033126,62.623138],[26.024295,62.629614],[26.014287,62.639034],[26.002806,62.647276],[25.988677,62.650808],[25.932453,62.65493],[25.924211,62.660522],[25.917735,62.667587],[25.903606,62.668765],[25.88771,62.666998],[25.87623,62.664055],[25.864161,62.658756],[25.845322,62.648159],[25.834724,62.643449],[25.818829,62.641389],[25.803522,62.641094],[25.791453,62.63609],[25.786743,62.619311],[25.79057,62.611364],[25.842967,62.574862],[25.844733,62.568681],[25.828248,62.561027],[25.809409,62.558378],[25.798812,62.563677],[25.790864,62.572802],[25.780561,62.582222],[25.751419,62.590758],[25.742,62.579867],[25.750831,62.562794],[25.801167,62.547781],[25.822361,62.532474],[25.855036,62.499505],[25.877702,62.484787],[25.927449,62.462121],[25.947172,62.448286],[25.964833,62.423559],[25.971898,62.417672],[25.981612,62.414728],[26.006927,62.41149],[26.00575,62.423854],[25.996625,62.446225],[26.006633,62.461238],[26.026355,62.471246],[26.046961,62.478311],[26.034892,62.485376],[26.028122,62.495384],[26.027239,62.507159],[26.033126,62.520111],[26.048138,62.530708],[26.060796,62.52953],[26.064917,62.519816],[26.053731,62.505687],[26.069627,62.505098],[26.077869,62.511574],[26.081107,62.52276],[26.081696,62.537478],[26.086406,62.548958],[26.097592,62.543954],[26.109366,62.531297],[26.115842,62.520111],[26.108189,62.520111],[26.131149,62.480077],[26.142335,62.472129],[26.114076,62.463593],[26.064917,62.46948],[26.039896,62.459177],[26.055792,62.448875],[26.056086,62.440338],[26.051671,62.432096],[26.053731,62.423854],[26.06374,62.418849],[26.07728,62.414728],[26.089644,62.40943],[26.094648,62.400305],[26.111132,62.392062],[26.187667,62.376167],[26.211216,62.376755],[26.204151,62.379405],[26.184135,62.390296],[26.200325,62.412373],[26.207095,62.429741],[26.200325,62.445931],[26.177364,62.46477],[26.186784,62.471835],[26.182368,62.480077],[26.172066,62.489497],[26.163529,62.499505],[26.180897,62.505687],[26.176187,62.516873],[26.161763,62.531297],[26.149988,62.547192],[26.190905,62.541011],[26.181485,62.557201],[26.178836,62.565737],[26.180602,62.571624],[26.191199,62.578689],[26.196204,62.576629],[26.200325,62.57133],[26.229761,62.560733],[26.240358,62.559556],[26.246245,62.568386],[26.243596,62.576629],[26.236237,62.58281],[26.226817,62.586637],[26.217987,62.588403],[26.217987,62.595762],[26.241536,62.59429],[26.260081,62.585165],[26.277742,62.580455],[26.316599,62.605182],[26.35781,62.614013],[26.375766,62.623138],[26.343974,62.631969],[26.337793,62.638445],[26.348684,62.650808],[26.363991,62.657579],[26.38283,62.658756],[26.40167,62.655813],[26.417565,62.650808],[26.413444,62.6408],[26.410795,62.636679],[26.435816,62.626671],[26.448474,62.624021],[26.465841,62.623138],[26.497632,62.624904],[26.508524,62.622255],[26.522948,62.612541],[26.541198,62.606948],[26.554445,62.616368],[26.560626,62.629909],[26.557388,62.636679],[26.497044,62.688193],[26.460837,62.727343],[26.45024,62.73588],[26.437877,62.739118],[26.424041,62.744711],[26.399315,62.768554],[26.377826,62.777385],[26.379298,62.785333],[26.386363,62.794458],[26.396371,62.801228],[26.383419,62.810648],[26.355455,62.824189],[26.341619,62.835375],[26.337793,62.83979],[26.338381,62.841556],[26.340442,62.8445],[26.341619,62.852448],[26.33897,62.85598],[26.325429,62.863928],[26.321014,62.869521],[26.310711,62.886594],[26.314244,62.891304],[26.335438,62.889832],[26.347801,62.885122],[26.370467,62.868049],[26.383419,62.863339],[26.374,62.848915],[26.377238,62.842734],[26.386657,62.83979],[26.396371,62.835375],[26.406968,62.823011],[26.414327,62.817124],[26.444941,62.809471],[26.467313,62.796519],[26.480265,62.780623],[26.472023,62.767082],[26.506463,62.748832],[26.520887,62.736468],[26.526775,62.722339],[26.537077,62.7035],[26.561509,62.68937],[26.609196,62.670825],[26.617733,62.664349],[26.624209,62.658168],[26.631568,62.653163],[26.65394,62.649631],[26.666303,62.645804],[26.678078,62.640211],[26.687497,62.633147],[26.709869,62.621961],[26.768742,62.616662],[26.793763,62.609303],[26.780516,62.602533],[26.791997,62.598117],[26.805243,62.598412],[26.816429,62.604299],[26.821433,62.615485],[26.817312,62.621961],[26.798178,62.637856],[26.793763,62.647276],[26.80436,62.663466],[26.829675,62.674358],[26.85764,62.682894],[26.876773,62.692019],[26.851164,62.707032],[26.816429,62.720278],[26.779928,62.729404],[26.749608,62.732936],[26.729591,62.741767],[26.692502,62.782095],[26.663948,62.794458],[26.663948,62.801228],[26.689852,62.800051],[26.700449,62.8027],[26.704865,62.811531],[26.698978,62.818596],[26.670424,62.822423],[26.650113,62.829782],[26.635101,62.832137],[26.621265,62.836258],[26.615378,62.845383],[26.615084,62.855097],[26.613023,62.8654],[26.607725,62.873642],[26.582115,62.882179],[26.526775,62.917797],[26.483503,62.934281],[26.462603,62.944878],[26.451417,62.958713],[26.4941,62.954003],[26.530013,62.941935],[26.623915,62.897486],[26.637455,62.888655],[26.643343,62.880412],[26.648053,62.862162],[26.659533,62.849504],[26.675134,62.841262],[26.708692,62.829193],[26.72076,62.823306],[26.752552,62.796224],[26.766387,62.788276],[26.777867,62.787393],[26.780516,62.801228],[26.776101,62.806527],[26.758439,62.811826],[26.753141,62.814769],[26.752552,62.821834],[26.756967,62.833903],[26.756379,62.838318],[26.747842,62.847738],[26.741366,62.858041],[26.739894,62.869815],[26.745781,62.88365],[26.717522,62.891893],[26.703982,62.907494],[26.708397,62.925156],[26.732829,62.938402],[26.698978,62.960774],[26.670719,62.986089],[26.690735,62.982262],[26.708103,62.972843],[26.739011,62.951354],[26.787875,62.926922],[26.814957,62.918974],[26.842038,62.917797],[26.832324,62.924567],[26.814663,62.945173],[26.796118,62.957536],[26.773746,62.96931],[26.72547,62.985206],[26.703687,62.995803],[26.69103,63.014054],[26.703982,63.012288],[26.728414,63.015231],[26.739011,63.014054],[26.75108,63.00905],[26.780516,62.989916],[26.800828,62.979908],[26.821433,62.973137],[26.835857,62.972254],[26.85764,62.977847],[26.872947,62.979319],[26.896496,62.986089],[26.908859,63.001985],[26.919456,63.019941],[26.937707,63.033187],[26.965966,63.037603],[26.997168,63.034954],[27.054275,63.020235],[27.044855,63.003457],[27.028371,63.002279],[26.992753,63.017292],[26.983628,63.019941],[26.970676,63.021413],[26.958901,63.020235],[26.951836,63.014054],[26.955074,63.005517],[26.967438,62.99963],[26.993342,62.993448],[26.985099,62.99286],[26.965966,62.986089],[26.991575,62.972843],[27.037496,62.935164],[27.06134,62.924861],[27.02631,62.921329],[26.951248,62.968722],[26.911508,62.979319],[26.911508,62.973137],[26.916807,62.969899],[26.919456,62.966367],[26.921517,62.962834],[26.92446,62.958713],[26.906799,62.952237],[26.920339,62.936342],[26.94801,62.919563],[26.973031,62.911026],[26.962728,62.906022],[26.95007,62.902784],[26.936529,62.901901],[26.92446,62.904256],[26.914746,62.910732],[26.902383,62.927511],[26.897085,62.931632],[26.877068,62.928099],[26.860583,62.915147],[26.857345,62.900135],[26.876773,62.889832],[26.86912,62.88365],[26.890314,62.87011],[26.943005,62.846855],[26.965966,62.841556],[26.965966,62.848915],[26.941239,62.858629],[26.930642,62.865989],[26.92446,62.87688],[27.11197,62.85127],[27.136108,62.841556],[27.132576,62.83979],[27.131987,62.83979],[27.131693,62.838907],[27.129927,62.835375],[27.184678,62.822128],[27.170254,62.821834],[27.146411,62.816241],[27.133165,62.814769],[27.121979,62.817124],[27.099607,62.826838],[27.064283,62.834197],[27.020423,62.854508],[26.993342,62.855686],[27.007471,62.852153],[27.019834,62.846855],[27.025722,62.839201],[27.020718,62.829193],[27.019834,62.815947],[27.01748,62.809176],[27.013358,62.801228],[27.027194,62.793575],[27.022189,62.785038],[27.00806,62.777679],[26.993342,62.773853],[26.978623,62.774736],[26.939179,62.78445],[26.814663,62.835375],[26.821727,62.819479],[26.836446,62.810942],[26.854107,62.804466],[26.86912,62.794458],[26.877068,62.780917],[26.887076,62.751187],[26.897085,62.739118],[26.91298,62.729698],[26.965966,62.70556],[27.008649,62.679362],[27.030137,62.669648],[27.054275,62.664055],[27.054275,62.657284],[27.022189,62.661406],[26.953308,62.684366],[26.92446,62.678184],[26.946538,62.667882],[26.957135,62.660522],[26.965966,62.650808],[26.960962,62.64551],[26.951836,62.62932],[26.979212,62.626671],[27.005999,62.618723],[27.031315,62.606065],[27.054275,62.588403],[27.022778,62.585165],[26.979212,62.599295],[26.867354,62.653458],[26.844982,62.659639],[26.835268,62.654046],[26.839684,62.634618],[26.851753,62.620783],[26.86912,62.612247],[26.889725,62.609303],[26.889725,62.602533],[26.861467,62.597529],[26.823199,62.584576],[26.795529,62.563088],[26.801122,62.533651],[26.793763,62.526292],[26.79759,62.522171],[26.808775,62.520405],[26.822022,62.520111],[26.848515,62.524232],[26.861761,62.524821],[26.876773,62.520111],[26.840272,62.503332],[26.835268,62.496267],[26.838506,62.487436],[26.846748,62.480077],[26.856757,62.477134],[26.866176,62.482138],[26.880011,62.494795],[26.901206,62.509808],[26.915924,62.515107],[26.911508,62.499505],[26.918279,62.498033],[26.930642,62.493618],[26.937707,62.492735],[26.930053,62.489791],[26.911508,62.478311],[26.925049,62.473601],[26.942711,62.464182],[26.955663,62.452701],[26.955369,62.441221],[26.941239,62.433862],[26.923872,62.434156],[26.906799,62.439749],[26.877951,62.458294],[26.864999,62.459472],[26.849986,62.457706],[26.829086,62.459177],[26.81378,62.464476],[26.80436,62.473601],[26.802005,62.485081],[26.807892,62.499505],[26.771685,62.493618],[26.711046,62.451524],[26.683671,62.451818],[26.736067,62.509808],[26.756967,62.543954],[26.739011,62.561027],[26.766976,62.574568],[26.726942,62.585754],[26.70928,62.594585],[26.694562,62.606065],[26.679255,62.612835],[26.663948,62.606359],[26.635689,62.582222],[26.645403,62.577217],[26.655412,62.573391],[26.677489,62.568386],[26.675134,62.559556],[26.678078,62.554551],[26.68632,62.55308],[26.698094,62.554257],[26.690735,62.54572],[26.673957,62.538656],[26.666303,62.520994],[26.655706,62.51599],[26.629213,62.513046],[26.629213,62.505687],[26.632451,62.498328],[26.638633,62.490086],[26.646875,62.482726],[26.656883,62.478311],[26.611846,62.470069],[26.601837,62.46477],[26.597716,62.453584],[26.604487,62.447697],[26.615084,62.441516],[26.623032,62.431213],[26.594478,62.426503],[26.567691,62.417672],[26.563864,62.38176],[26.530601,62.382348],[26.487035,62.397067],[26.451417,62.403837],[26.452006,62.391179],[26.441409,62.383526],[26.427279,62.375578],[26.417565,62.362332],[26.417565,62.357327],[26.415505,62.341432],[26.417565,62.334956],[26.428751,62.328774],[26.441409,62.328185],[26.4523,62.32583],[26.458482,62.314645],[26.452595,62.301104],[26.433461,62.304931],[26.383419,62.324653],[26.354277,62.346142],[26.358693,62.355267],[26.366052,62.363803],[26.369584,62.366158],[26.375766,62.386764],[26.391367,62.394712],[26.411384,62.398244],[26.431106,62.403837],[26.393428,62.424148],[26.383419,62.431213],[26.383419,62.437394],[26.412267,62.4371],[26.425513,62.439161],[26.437877,62.444754],[26.486447,62.4162],[26.513822,62.407958],[26.526775,62.417672],[26.512056,62.429152],[26.482914,62.440927],[26.463781,62.454762],[26.479382,62.472129],[26.489685,62.46006],[26.502048,62.452701],[26.516472,62.451524],[26.533545,62.459177],[26.528541,62.468303],[26.542081,62.473307],[26.574461,62.478311],[26.586825,62.484198],[26.593006,62.488614],[26.601837,62.505687],[26.595361,62.515695],[26.593301,62.537184],[26.588002,62.541011],[26.576816,62.544249],[26.570046,62.551019],[26.565042,62.557789],[26.557388,62.561027],[26.465841,62.568386],[26.383419,62.598117],[26.355455,62.602533],[26.332494,62.597234],[26.319248,62.583399],[26.308651,62.565443],[26.293932,62.547192],[26.285396,62.541305],[26.273327,62.534829],[26.260375,62.52953],[26.249189,62.52747],[26.239475,62.531002],[26.231527,62.538067],[26.223874,62.542188],[26.214749,62.537478],[26.21416,62.521877],[26.227701,62.503921],[26.244479,62.488025],[26.252427,62.478311],[26.232999,62.447403],[26.232705,62.430918],[26.281275,62.419733],[26.298937,62.40943],[26.312477,62.394123],[26.321014,62.376755],[26.305118,62.361743],[26.306296,62.344964],[26.311594,62.327008],[26.307768,62.30758],[26.300703,62.30758],[26.291578,62.313761],[26.199442,62.351734],[26.171477,62.36763],[26.148517,62.372929],[26.105245,62.376755],[26.089349,62.381171],[26.074631,62.390002],[26.058736,62.395595],[26.039896,62.390296],[26.064917,62.372929],[26.119375,62.350263],[26.142335,62.334956],[26.15146,62.320237],[26.159997,62.301693],[26.172066,62.287563],[26.184135,62.28668],[26.199736,62.290507],[26.20474,62.284914],[26.197381,62.274905],[26.177364,62.266663],[26.15617,62.265486],[26.094648,62.273139],[26.11908,62.288446],[26.105245,62.295217],[26.077575,62.299338],[26.060502,62.30758],[26.083168,62.310523],[26.082285,62.324359],[26.06845,62.341432],[26.037541,62.371751],[26.029005,62.375284],[25.983378,62.377933],[25.975431,62.383526],[25.97808,62.396478],[25.957474,62.379405],[25.94776,62.36763],[25.943934,62.355561],[25.948938,62.342904],[25.958652,62.335544],[25.964245,62.327891],[25.958063,62.314645],[25.980729,62.306402],[26.053731,62.259893],[25.995742,62.274317],[25.964539,62.277555],[25.943934,62.273139],[25.947466,62.265486],[25.949821,62.253711],[25.950704,62.228985],[25.952764,62.216916],[25.955708,62.208379],[25.953648,62.198076],[25.94099,62.181003],[25.928038,62.150684],[25.946877,62.13155],[25.979257,62.115949],[26.00575,62.094755],[25.989854,62.095049],[25.964833,62.117126],[25.947172,62.122719],[25.935986,62.123897],[25.906549,62.130667],[25.896541,62.135671],[25.888887,62.14303],[25.88771,62.145385],[25.889182,62.148623],[25.889771,62.157454],[25.892125,62.170112],[25.906844,62.214855],[25.890359,62.225158],[25.877996,62.221037],[25.865633,62.211323],[25.848854,62.204552],[25.853858,62.184241],[25.838257,62.170112],[25.817651,62.156865],[25.807349,62.139498],[25.804994,62.119776],[25.799106,62.095049],[25.79057,62.071205],[25.780561,62.053838],[25.822361,62.046184],[25.868282,62.032055],[25.893303,62.02764],[25.905372,62.023813],[25.910376,62.016159],[25.91332,62.00674],[25.920384,62.001736],[25.927155,61.998792],[25.930098,61.995848],[25.922151,61.982602],[25.903606,61.987017],[25.868871,62.00674],[25.84856,62.013216],[25.82501,62.017926],[25.802933,62.017042],[25.786743,62.00674],[25.793513,61.999969],[25.799695,61.99055],[25.801167,61.982307],[25.793808,61.978775],[25.784388,61.980836],[25.778207,61.985545],[25.773202,61.990255],[25.76967,61.992316],[25.75348,61.987606],[25.761428,61.97642],[25.779384,61.964646],[25.794397,61.958464],[25.775852,61.942568],[25.747887,61.938447],[25.727576,61.945806],[25.732286,61.96494],[25.721983,61.97642],[25.708148,61.981424],[25.696079,61.977303],[25.69078,61.961702],[25.685776,61.958464],[25.675179,61.967001],[25.656634,61.984957],[25.645743,61.986429],[25.632202,61.986134],[25.620133,61.982602],[25.614834,61.974948],[25.617189,61.968472],[25.626903,61.962291],[25.629258,61.954932],[25.636029,61.946101],[25.667526,61.927556],[25.676945,61.916664],[25.646037,61.925495],[25.627492,61.927261],[25.614834,61.924023],[25.610713,61.915487],[25.61454,61.906656],[25.622782,61.899591],[25.632496,61.896942],[25.649569,61.893998],[25.661344,61.888994],[25.67253,61.888994],[25.687542,61.899886],[25.699611,61.904595],[25.715801,61.904007],[25.745238,61.896942],[25.745238,61.889288],[25.726104,61.889877],[25.71433,61.882224],[25.704321,61.871332],[25.69078,61.862207],[25.670764,61.85838],[25.601294,61.862207],[25.607475,61.844839],[25.600705,61.820113],[25.585692,61.795975],[25.567147,61.780079],[25.579216,61.759474],[25.596584,61.748877],[25.617484,61.749465],[25.676062,61.784789],[25.687837,61.797152],[25.684304,61.814814],[25.700789,61.81658],[25.728753,61.826294],[25.745238,61.828061],[25.745238,61.820996],[25.738173,61.818052],[25.725515,61.810399],[25.718451,61.807455],[25.723749,61.798624],[25.724338,61.790971],[25.719922,61.785084],[25.711092,61.780079],[25.720511,61.765067],[25.727282,61.750349],[25.729342,61.736808],[25.724927,61.725622],[25.716979,61.721501],[25.676945,61.705016],[25.656929,61.692064],[25.649275,61.68971],[25.649569,61.697657],[25.63544,61.685883],[25.622194,61.67087],[25.644271,61.674991],[25.653691,61.674403],[25.66311,61.67087],[25.655457,61.635252],[25.699023,61.614058],[25.75554,61.597279],[25.786743,61.574613],[25.720217,61.597574],[25.593346,61.619357],[25.571563,61.61553],[25.546542,61.595219],[25.568619,61.584916],[25.611302,61.594041],[25.636029,61.589037],[25.625137,61.574613],[25.606592,61.568432],[25.585398,61.565782],[25.567147,61.561072],[25.577745,61.552536],[25.585692,61.543116],[25.587753,61.533991],[25.580688,61.526926],[25.584515,61.523688],[25.591285,61.516329],[25.595112,61.513385],[25.579216,61.508087],[25.563615,61.509853],[25.548014,61.510147],[25.532412,61.498962],[25.560671,61.484538],[25.596584,61.472174],[25.633085,61.466582],[25.66311,61.472174],[25.66311,61.479239],[25.658106,61.480417],[25.643388,61.485421],[25.659578,61.489836],[25.679889,61.49278],[25.696962,61.489836],[25.704321,61.475707],[25.697256,61.456279],[25.701966,61.449214],[25.724927,61.44421],[25.705793,61.436851],[25.689603,61.440089],[25.674002,61.447153],[25.623665,61.455396],[25.613068,61.454218],[25.614834,61.44421],[25.498855,61.451275],[25.506803,61.443621],[25.510335,61.435379],[25.510041,61.426254],[25.505625,61.416245],[25.581571,61.401527],[25.595112,61.395934],[25.589225,61.383865],[25.547425,61.370324],[25.532412,61.361788],[25.539477,61.360022],[25.552724,61.355606],[25.560671,61.355018],[25.541243,61.326759],[25.526231,61.293495],[25.542127,61.302326],[25.554784,61.318811],[25.570091,61.329408],[25.595112,61.320871],[25.587753,61.31675],[25.574507,61.305859],[25.567147,61.300855],[25.571269,61.295556],[25.583337,61.283781],[25.58893,61.279955],[25.631908,61.300855],[25.795868,61.256406],[25.855036,61.259349],[25.849737,61.260232],[25.834724,61.265531],[25.851209,61.284076],[25.875347,61.280543],[25.903017,61.269652],[25.930098,61.265531],[25.924211,61.259349],[25.944228,61.253756],[25.986028,61.255817],[26.00575,61.252579],[26.019291,61.244042],[26.022823,61.234328],[26.015758,61.225203],[25.998391,61.218433],[26.016053,61.204892],[26.05432,61.190762],[26.070804,61.18046],[26.088761,61.176338],[26.112015,61.183698],[26.134387,61.197238],[26.149988,61.211073],[26.126145,61.223437],[26.100535,61.232268],[26.083756,61.244042],[26.087878,61.265531],[26.104951,61.283487],[26.201502,61.342066],[26.214454,61.346481],[26.245362,61.350308],[26.25331,61.356784],[26.258314,61.36532],[26.265968,61.375623],[26.304824,61.414185]]]}},{"type":"Feature","properties":{"name":"Lac Moeru","scalerank":3},"geometry":{"type":"Polygon","coordinates":[[[29.127187,-8.621223],[29.143377,-8.64124],[29.149265,-8.657724],[29.14691,-8.67568],[29.086271,-8.826689],[29.046237,-8.894393],[29.023571,-8.960625],[29.007675,-8.988295],[28.99649,-8.99742],[28.953512,-9.023619],[28.935262,-9.029211],[28.91966,-9.036865],[28.910535,-9.05541],[28.902587,-9.077782],[28.890813,-9.097504],[28.849013,-9.131945],[28.830174,-9.15255],[28.816044,-9.194644],[28.802209,-9.208185],[28.774245,-9.227907],[28.765414,-9.240859],[28.754522,-9.265291],[28.746869,-9.275594],[28.727441,-9.292667],[28.718315,-9.303559],[28.712723,-9.316511],[28.712428,-9.332701],[28.723908,-9.347419],[28.727146,-9.364492],[28.714194,-9.397755],[28.714194,-9.413651],[28.732739,-9.419538],[28.720376,-9.445442],[28.70242,-9.437789],[28.665036,-9.399227],[28.654733,-9.405409],[28.647374,-9.405998],[28.640898,-9.402171],[28.634422,-9.395695],[28.625002,-9.390985],[28.616171,-9.392751],[28.607635,-9.396872],[28.580259,-9.403643],[28.541403,-9.422188],[28.521091,-9.426309],[28.526684,-9.410413],[28.524329,-9.391868],[28.515499,-9.378327],[28.500486,-9.378033],[28.500486,-9.364492],[28.483118,-9.38657],[28.48253,-9.444559],[28.458981,-9.46752],[28.480764,-9.473407],[28.506962,-9.473701],[28.526096,-9.481355],[28.527862,-9.509025],[28.503724,-9.503432],[28.454565,-9.523743],[28.424834,-9.529336],[28.397164,-9.527864],[28.384212,-9.524921],[28.373321,-9.519033],[28.357425,-9.514618],[28.330049,-9.528453],[28.315037,-9.521977],[28.329166,-9.509025],[28.322396,-9.495779],[28.325928,-9.487536],[28.346239,-9.470758],[28.352126,-9.457806],[28.352421,-9.443382],[28.348888,-9.423071],[28.340058,-9.39805],[28.323868,-9.37921],[28.315037,-9.361254],[28.329166,-9.337705],[28.318863,-9.316805],[28.326222,-9.285014],[28.315037,-9.275594],[28.327989,-9.258521],[28.339469,-9.232911],[28.345062,-9.207302],[28.339469,-9.18964],[28.325634,-9.170801],[28.320924,-9.148723],[28.322984,-9.125469],[28.329166,-9.103686],[28.341824,-9.082491],[28.401285,-9.039514],[28.423068,-9.012433],[28.428367,-9.008606],[28.46634,-8.988295],[28.486945,-8.964451],[28.520797,-8.906167],[28.541403,-8.878497],[28.613816,-8.813148],[28.665919,-8.747799],[28.757172,-8.655369],[28.86903,-8.494941],[28.890813,-8.481105],[28.909063,-8.483166],[28.9385,-8.508187],[28.956162,-8.514663],[28.979711,-8.519667],[29.001199,-8.531736],[29.041822,-8.56235],[29.106582,-8.602089],[29.127187,-8.621223]]]}},{"type":"Feature","properties":{"name":"Lake Pskov","scalerank":3},"geometry":{"type":"Polygon","coordinates":[[[27.506713,58.237113],[27.52879,58.227987],[27.574416,58.234758],[27.592373,58.22681],[27.60032,58.210914],[27.602087,58.192075],[27.596788,58.175885],[27.582659,58.168526],[27.603558,58.165877],[27.606208,58.155279],[27.603558,58.142916],[27.60974,58.134968],[27.622987,58.137618],[27.65831,58.15734],[27.694223,58.165877],[27.712768,58.173236],[27.732196,58.177357],[27.753095,58.172058],[27.765753,58.172058],[27.798722,58.187365],[27.815206,58.189426],[27.814912,58.186776],[27.81815,58.180006],[27.823154,58.172647],[27.828453,58.168526],[27.838755,58.165582],[27.849941,58.164405],[27.860833,58.164699],[27.908814,58.177651],[27.928536,58.179712],[27.94561,58.175885],[27.953263,58.169115],[27.969747,58.149098],[27.979756,58.14115],[28.031564,58.116718],[28.04481,58.113185],[28.046282,58.107004],[28.05894,58.07845],[28.065416,58.069031],[28.139596,58.024287],[28.151076,58.014573],[28.157257,58.003976],[28.154314,57.991319],[28.145483,57.982193],[28.140184,57.973068],[28.147838,57.960116],[28.1655,57.938039],[28.169621,57.917139],[28.162262,57.895945],[28.144305,57.874162],[28.132531,57.862976],[28.126644,57.859149],[27.960622,57.855028],[27.940311,57.861798],[27.932069,57.887408],[27.920294,57.903304],[27.893507,57.911546],[27.841993,57.92126],[27.887914,57.931563],[27.89704,57.935684],[27.898806,57.94687],[27.890269,57.955701],[27.87614,57.961294],[27.849941,57.964826],[27.814912,57.974246],[27.804609,57.980427],[27.800782,57.983665],[27.78783,57.990141],[27.777822,58.011041],[27.773701,58.017517],[27.749857,58.029292],[27.710707,58.039006],[27.673912,58.040477],[27.657427,58.028114],[27.658016,58.017811],[27.657427,58.014573],[27.639765,58.000738],[27.633584,57.993379],[27.615922,57.963648],[27.602087,57.984843],[27.594139,58.00898],[27.590312,58.033707],[27.589429,58.05549],[27.592961,58.079334],[27.589723,58.089342],[27.558226,58.09729],[27.548512,58.107298],[27.534089,58.134968],[27.48228,58.190898],[27.469034,58.210031],[27.466974,58.220923],[27.506713,58.237113]]]}},{"type":"Feature","properties":{"name":"Lake Srednye Kuyto","scalerank":3},"geometry":{"type":"Polygon","coordinates":[[[30.41768,65.109926],[30.346738,65.147016],[30.330253,65.172332],[30.330253,65.180574],[30.332314,65.186755],[30.336729,65.19176],[30.343794,65.196469],[30.354391,65.199119],[30.356746,65.193231],[30.356157,65.1844],[30.358218,65.178513],[30.418563,65.137302],[30.465367,65.121407],[30.473903,65.109338],[30.480379,65.104039],[30.501573,65.095208],[30.552793,65.084317],[30.602835,65.079607],[30.655231,65.065477],[30.682902,65.062239],[30.708511,65.06636],[30.716459,65.075486],[30.708806,65.086672],[30.686434,65.096386],[30.70233,65.103745],[30.722052,65.1061],[30.969318,65.096091],[31.008174,65.104039],[30.988157,65.114636],[30.980798,65.116991],[30.980798,65.123761],[31.064103,65.104922],[31.083826,65.110221],[31.084709,65.127294],[31.067341,65.142601],[31.044381,65.154081],[31.029074,65.159085],[30.996105,65.160851],[30.931934,65.151137],[30.899554,65.151726],[30.853927,65.163795],[30.837443,65.165267],[30.775921,65.159085],[30.775921,65.165267],[30.791228,65.172037],[30.816837,65.194998],[30.830378,65.200002],[30.923986,65.205595],[30.989629,65.188227],[31.101782,65.182929],[31.248375,65.192643],[31.269275,65.189405],[31.342866,65.163795],[31.367298,65.161146],[31.447071,65.172332],[31.460317,65.171743],[31.471797,65.169388],[31.4821,65.164089],[31.503,65.147311],[31.515069,65.144661],[31.542739,65.144956],[31.590721,65.136419],[31.617802,65.127588],[31.631932,65.116991],[31.629282,65.097563],[31.612504,65.082845],[31.591898,65.073425],[31.576591,65.069304],[31.607499,65.050759],[31.674909,65.035747],[31.706994,65.021323],[31.652243,65.021323],[31.652243,65.014552],[31.721124,64.996596],[31.767045,64.991298],[31.783823,64.983938],[31.817381,64.963333],[31.838575,64.956857],[31.883907,64.947732],[31.923646,64.923005],[32.002536,64.904755],[31.991056,64.900339],[31.979281,64.897984],[31.954555,64.898573],[31.965446,64.87208],[31.940131,64.880028],[31.901275,64.900339],[31.872133,64.912114],[31.659307,64.93949],[31.663134,64.948909],[31.65813,64.95097],[31.648416,64.950675],[31.638702,64.95303],[31.573942,64.993947],[31.556869,65.001012],[31.526255,65.008076],[31.511831,65.014847],[31.501528,65.027504],[31.499173,65.040751],[31.503294,65.051348],[31.513303,65.058707],[31.528904,65.062239],[31.514775,65.077841],[31.484161,65.100801],[31.451486,65.119346],[31.430292,65.120523],[31.410864,65.097269],[31.399384,65.095797],[31.369653,65.115225],[31.330797,65.13377],[31.317256,65.137302],[31.298123,65.133475],[31.287231,65.124056],[31.277223,65.11287],[31.261916,65.104039],[31.239544,65.102862],[31.189797,65.115225],[31.156534,65.118463],[31.147997,65.121701],[31.141521,65.120818],[31.138872,65.110515],[31.140932,65.105511],[31.145936,65.100801],[31.220999,65.062239],[31.200099,65.057235],[31.173901,65.065772],[31.124742,65.090204],[31.090007,65.096974],[31.048208,65.09874],[31.006702,65.094619],[30.974028,65.082845],[30.979326,65.079018],[30.987568,65.069304],[30.942531,65.071659],[30.896904,65.080196],[30.852455,65.081373],[30.810067,65.062239],[30.821253,65.050759],[30.846274,65.037807],[30.858048,65.027504],[30.837443,65.027504],[30.858048,65.001012],[30.840092,65.001895],[30.826846,64.997185],[30.802708,64.980406],[30.805063,64.977462],[30.806829,64.973636],[30.810361,64.970103],[30.816249,64.966865],[30.800942,64.960095],[30.762674,64.950675],[30.755021,64.942433],[30.743541,64.933897],[30.717931,64.930953],[30.576636,64.93949],[30.559563,64.935663],[30.526006,64.919767],[30.507755,64.918295],[30.515114,64.926243],[30.526594,64.935368],[30.540135,64.942433],[30.568983,64.949792],[30.571632,64.959506],[30.570749,64.970986],[30.576636,64.980406],[30.594887,64.985116],[30.651993,64.973047],[30.700563,64.974224],[30.747956,64.980406],[30.722935,64.983644],[30.711161,64.987176],[30.706156,64.993652],[30.707334,65.003367],[30.710572,65.009843],[30.717048,65.013375],[30.727645,65.014552],[30.713221,65.023972],[30.69291,65.030448],[30.639041,65.037218],[30.568983,65.062239],[30.548377,65.06636],[30.485972,65.071953],[30.453886,65.082256],[30.432692,65.082845],[30.432692,65.090204],[30.439462,65.090204],[30.41768,65.109926]]]}},{"type":"Feature","properties":{"name":"Mälaren","scalerank":2},"geometry":{"type":"Polygon","coordinates":[[[18.095008,59.326849],[18.019651,59.327143],[17.988743,59.337151],[17.969609,59.333913],[17.911914,59.30536],[17.899551,59.296235],[17.89749,59.290348],[17.887776,59.280928],[17.885421,59.275041],[17.886599,59.269153],[17.891897,59.260028],[17.89278,59.255318],[17.891308,59.240894],[17.886599,59.22912],[17.878062,59.22441],[17.86511,59.230592],[17.867465,59.258262],[17.828903,59.270036],[17.741477,59.271508],[17.741477,59.265327],[17.782982,59.258262],[17.772091,59.247076],[17.752369,59.240306],[17.730586,59.239128],[17.713513,59.244721],[17.732941,59.251786],[17.741477,59.25208],[17.729703,59.256201],[17.70527,59.261205],[17.693496,59.265327],[17.696145,59.269153],[17.700561,59.278867],[17.636978,59.291819],[17.605481,59.291819],[17.576928,59.278867],[17.592823,59.272097],[17.599888,59.260617],[17.603715,59.230592],[17.597533,59.22441],[17.589585,59.233535],[17.575456,59.259734],[17.56633,59.265327],[17.551907,59.267976],[17.510696,59.2824],[17.47184,59.30536],[17.429746,59.316546],[17.350856,59.326554],[17.364985,59.282988],[17.377643,59.26621],[17.399426,59.258262],[17.399426,59.25208],[17.213977,59.258262],[17.213977,59.265327],[17.249889,59.267681],[17.2702,59.271803],[17.282269,59.278867],[17.278442,59.286521],[17.241647,59.319784],[17.306113,59.329498],[17.316121,59.337151],[17.306701,59.353636],[17.28433,59.360112],[17.234288,59.361584],[17.143918,59.375713],[17.09888,59.377185],[17.04354,59.361584],[17.039419,59.366588],[17.03883,59.375124],[17.035886,59.381306],[16.971715,59.407799],[16.967594,59.412214],[16.961412,59.424578],[16.955819,59.43282],[16.9464,59.439001],[16.933153,59.451953],[16.926383,59.456958],[16.915786,59.461667],[16.884878,59.470498],[16.840723,59.49081],[16.821295,59.493459],[16.823944,59.477563],[16.748293,59.477563],[16.739756,59.479329],[16.724449,59.484922],[16.714735,59.484922],[16.706199,59.482273],[16.697368,59.477269],[16.694424,59.472853],[16.726215,59.465789],[16.83984,59.412509],[16.85132,59.408682],[16.878402,59.410154],[16.884878,59.408682],[16.889882,59.403089],[16.892825,59.396613],[16.891942,59.39102],[16.885466,59.38896],[16.817174,59.38896],[16.808343,59.392198],[16.782439,59.416041],[16.71032,59.450482],[16.689714,59.466966],[16.665871,59.478446],[16.640555,59.471087],[16.61524,59.457546],[16.590219,59.450187],[16.574323,59.452542],[16.546064,59.462256],[16.528697,59.463434],[16.523693,59.461079],[16.512801,59.452248],[16.508091,59.450187],[16.499261,59.45107],[16.483954,59.45578],[16.477183,59.456958],[16.165452,59.444006],[16.125418,59.446655],[16.080969,59.455191],[16.042407,59.47197],[16.021508,59.497874],[16.123946,59.477563],[16.233744,59.477563],[16.233744,59.484922],[16.213139,59.484922],[16.213139,59.491104],[16.248462,59.503467],[16.267302,59.502878],[16.275249,59.48816],[16.282314,59.470498],[16.298504,59.460784],[16.318815,59.458724],[16.336772,59.463434],[16.325586,59.47668],[16.330296,59.481095],[16.342659,59.483156],[16.354139,59.48816],[16.372978,59.50435],[16.383575,59.509649],[16.39535,59.511709],[16.442743,59.499935],[16.468647,59.498463],[16.494551,59.511709],[16.445981,59.525839],[16.469824,59.52996],[16.503676,59.530843],[16.53429,59.535847],[16.549008,59.552626],[16.535762,59.566167],[16.510152,59.584712],[16.498083,59.600902],[16.524576,59.607966],[16.538411,59.609733],[16.549302,59.612971],[16.560194,59.612676],[16.586392,59.596486],[16.617006,59.587361],[16.631724,59.580591],[16.644971,59.567933],[16.658512,59.551743],[16.674702,59.537908],[16.696484,59.53202],[16.726804,59.529077],[16.741817,59.52996],[16.748293,59.535847],[16.753297,59.542912],[16.764483,59.55086],[16.77714,59.557336],[16.785971,59.559985],[16.789798,59.565578],[16.793036,59.577353],[16.797746,59.589421],[16.806282,59.59472],[16.871337,59.587361],[16.87899,59.588244],[16.883994,59.589421],[16.889882,59.589716],[16.898713,59.587361],[16.908132,59.58324],[16.90931,59.581179],[16.908721,59.57853],[16.912842,59.573231],[16.94375,59.549388],[16.953759,59.547327],[17.069738,59.546444],[17.058258,59.561457],[17.021462,59.580296],[17.007922,59.59472],[17.027644,59.597369],[17.037947,59.600313],[17.055609,59.609733],[17.060907,59.604728],[17.06444,59.595309],[17.069738,59.587361],[17.083868,59.574998],[17.09211,59.569405],[17.100646,59.566755],[17.103001,59.563812],[17.129494,59.551154],[17.154221,59.544678],[17.209267,59.545267],[17.220747,59.535847],[17.229872,59.526428],[17.34438,59.477563],[17.364102,59.477857],[17.36057,59.487572],[17.353211,59.499346],[17.361159,59.504939],[17.373228,59.498169],[17.405902,59.473736],[17.412378,59.474031],[17.412084,59.49081],[17.409434,59.501112],[17.392067,59.525839],[17.407079,59.541735],[17.395599,59.561163],[17.375288,59.581179],[17.364691,59.597958],[17.345557,59.613854],[17.336726,59.623862],[17.340848,59.628278],[17.354094,59.631516],[17.364397,59.638875],[17.374111,59.648],[17.385885,59.655653],[17.377937,59.637697],[17.373816,59.620035],[17.379998,59.606495],[17.402664,59.600902],[17.405019,59.597958],[17.435338,59.57382],[17.486558,59.547916],[17.495094,59.546444],[17.50628,59.548505],[17.524531,59.557925],[17.533067,59.559985],[17.54808,59.553803],[17.544842,59.540263],[17.531596,59.525839],[17.515405,59.51848],[17.519527,59.511709],[17.52512,59.504939],[17.532184,59.499935],[17.544253,59.496991],[17.551024,59.492281],[17.556616,59.491104],[17.562504,59.493164],[17.564564,59.50229],[17.569568,59.504939],[17.590174,59.505233],[17.65199,59.497874],[17.668475,59.49287],[17.679955,59.480507],[17.697028,59.453425],[17.714984,59.4443],[17.73088,59.448127],[17.737356,59.46049],[17.727642,59.477563],[17.740005,59.485805],[17.780039,59.526428],[17.789164,59.539674],[17.765321,59.576764],[17.753546,59.587067],[17.740005,59.59472],[17.725287,59.59943],[17.710569,59.600902],[17.610779,59.632693],[17.574867,59.651238],[17.563976,59.660952],[17.563387,59.676553],[17.617844,59.697159],[17.61284,59.701869],[17.608719,59.707462],[17.603715,59.710405],[17.61755,59.730422],[17.596944,59.73837],[17.536011,59.73837],[17.550435,59.732777],[17.556616,59.731305],[17.54337,59.721002],[17.527474,59.716292],[17.514228,59.709522],[17.508635,59.693626],[17.515405,59.669783],[17.514228,59.658303],[17.501865,59.649472],[17.515994,59.63652],[17.529241,59.612971],[17.537188,59.588833],[17.536011,59.573231],[17.518643,59.590599],[17.490385,59.632987],[17.474489,59.642113],[17.480671,59.660363],[17.470073,59.666839],[17.455061,59.670372],[17.447407,59.679791],[17.451528,59.691271],[17.462126,59.702457],[17.484792,59.720708],[17.495094,59.734249],[17.488913,59.738958],[17.41385,59.739842],[17.390595,59.743668],[17.371461,59.75191],[17.518938,59.75191],[17.54808,59.75662],[17.567802,59.769572],[17.582815,59.789],[17.597533,59.813433],[17.602537,59.803719],[17.610779,59.796948],[17.631679,59.786645],[17.625203,59.764274],[17.644337,59.751322],[17.67083,59.742196],[17.686725,59.731305],[17.664354,59.730422],[17.657289,59.721591],[17.656406,59.707462],[17.652579,59.6898],[17.642571,59.67361],[17.629913,59.665367],[17.613429,59.662718],[17.590763,59.662424],[17.606364,59.65271],[17.626969,59.644173],[17.648164,59.637992],[17.66612,59.635931],[17.705565,59.62504],[17.719989,59.625334],[17.713513,59.642113],[17.717928,59.658891],[17.711158,59.677731],[17.709391,59.693921],[17.727642,59.70334],[17.73088,59.687739],[17.736473,59.678025],[17.742949,59.6689],[17.748836,59.655653],[17.752663,59.629455],[17.758845,59.618858],[17.775623,59.607966],[17.784454,59.605317],[17.805354,59.60149],[17.813302,59.597958],[17.819484,59.590599],[17.819484,59.585006],[17.817129,59.579707],[17.817129,59.573231],[17.81654,59.570877],[17.815068,59.568227],[17.815363,59.564106],[17.820367,59.556453],[17.827431,59.549094],[17.838912,59.540263],[17.843916,59.53202],[17.818895,59.525839],[17.793285,59.50906],[17.777684,59.486688],[17.782982,59.463434],[17.760022,59.421045],[17.790342,59.387488],[17.84421,59.363055],[17.89278,59.347749],[17.922805,59.343333],[17.995513,59.35393],[18.095008,59.338623],[18.095008,59.326849]]]}},{"type":"Feature","properties":{"name":"Lake Zaysan","scalerank":3},"geometry":{"type":"Polygon","coordinates":[[[84.481184,47.95674],[84.543883,47.946143],[84.562134,47.930836],[84.506499,47.912585],[84.475885,47.909642],[84.464699,47.906698],[84.456457,47.901399],[84.453219,47.893157],[84.452042,47.884326],[84.447332,47.874024],[84.446449,47.865781],[84.437912,47.853418],[84.419073,47.846059],[84.398173,47.84076],[84.384044,47.834579],[84.37433,47.818978],[84.375213,47.804848],[84.390814,47.773057],[84.379628,47.772762],[84.371975,47.768347],[84.365204,47.762754],[84.356668,47.759516],[84.344599,47.759222],[84.293674,47.767758],[84.285432,47.771291],[84.278073,47.776589],[84.26983,47.77865],[84.245398,47.773645],[84.233918,47.773057],[84.237745,47.763637],[84.243926,47.76246],[84.251874,47.763343],[84.260705,47.759516],[84.263649,47.753629],[84.267476,47.744503],[84.272185,47.735967],[84.278073,47.73214],[84.346071,47.738322],[84.363733,47.73214],[84.328409,47.719777],[84.292496,47.714773],[84.256584,47.718011],[84.220672,47.729196],[84.205953,47.746564],[84.198594,47.752451],[84.191235,47.755984],[84.173279,47.761576],[84.164448,47.765698],[84.145903,47.778944],[84.112934,47.809263],[84.096156,47.820744],[84.07555,47.828397],[84.006963,47.841938],[83.925424,47.869314],[83.85566,47.874907],[83.836232,47.882855],[83.817687,47.899928],[83.800025,47.935251],[83.788251,47.951147],[83.76794,47.962922],[83.720841,47.971458],[83.698764,47.979112],[83.666384,48.009725],[83.649605,48.019439],[83.630472,48.012669],[83.609572,48.021794],[83.583373,48.025621],[83.530976,48.02621],[83.52244,48.028565],[83.50831,48.038279],[83.496241,48.040634],[83.470337,48.042106],[83.445022,48.046815],[83.417941,48.059179],[83.410876,48.061239],[83.394686,48.059179],[83.367899,48.04917],[83.352592,48.046815],[83.325805,48.048582],[83.306671,48.05388],[83.211886,48.099507],[83.195696,48.11187],[83.168025,48.139834],[83.157134,48.147782],[83.148009,48.147782],[83.137706,48.144544],[83.123577,48.143661],[83.085015,48.155436],[83.044098,48.179574],[83.012013,48.209599],[82.999944,48.239918],[83.007597,48.259052],[83.023493,48.266705],[83.042038,48.264939],[83.058228,48.256108],[83.087075,48.235208],[83.092668,48.232265],[83.097967,48.230499],[83.102677,48.226966],[83.107386,48.2252],[83.116806,48.231676],[83.129464,48.238446],[83.142416,48.242862],[83.155662,48.256108],[83.161255,48.259052],[83.209236,48.259052],[83.221305,48.261407],[83.245443,48.271121],[83.256923,48.273476],[83.298723,48.273476],[83.31874,48.271121],[83.359951,48.261407],[83.436191,48.258463],[83.460329,48.262584],[83.479168,48.273476],[83.482406,48.279363],[83.493003,48.307622],[83.507133,48.335292],[83.524795,48.34795],[83.547166,48.356486],[83.595737,48.36885],[83.5663,48.386512],[83.547755,48.393871],[83.51096,48.398875],[83.476225,48.408],[83.462095,48.409766],[83.431481,48.427428],[83.401751,48.46599],[83.384089,48.505729],[83.390565,48.526629],[83.369371,48.560775],[83.39763,48.569017],[83.425005,48.58874],[83.441784,48.613761],[83.438252,48.636427],[83.449438,48.651439],[83.4462,48.674105],[83.434425,48.697949],[83.421179,48.715611],[83.414997,48.732978],[83.416469,48.75741],[83.434425,48.834534],[83.448849,48.865442],[83.471809,48.89164],[83.572187,48.968764],[83.584256,48.973474],[83.614576,48.971119],[83.626939,48.975534],[83.638125,48.984365],[83.705829,49.020572],[83.735265,49.031169],[83.743507,49.037351],[83.764996,49.046476],[83.968402,49.073852],[84.1565,49.134785],[84.181521,49.161572],[84.171807,49.205727],[84.156795,49.23222],[84.150613,49.23899],[84.115878,49.258124],[84.109991,49.256946],[84.101749,49.271076],[84.02021,49.342901],[83.986652,49.358208],[83.967813,49.372631],[83.958393,49.375575],[83.935138,49.376164],[83.921598,49.37999],[83.912472,49.38941],[83.89746,49.411193],[83.870378,49.427089],[83.835643,49.436803],[83.702296,49.45211],[83.683457,49.44946],[83.675215,49.441807],[83.669328,49.430915],[83.657553,49.417375],[83.64519,49.430327],[83.636948,49.442984],[83.632238,49.457408],[83.630472,49.476248],[83.62429,49.485078],[83.582196,49.520991],[83.566889,49.525995],[83.551288,49.528644],[83.539219,49.53512],[83.534509,49.551605],[83.526267,49.557786],[83.508016,49.548661],[83.479168,49.527173],[83.470043,49.539536],[83.45768,49.539241],[83.444433,49.536003],[83.431481,49.540713],[83.431187,49.546306],[83.433248,49.571033],[83.431481,49.58163],[83.417352,49.598114],[83.377024,49.62343],[83.363778,49.643741],[83.381734,49.64168],[83.428538,49.6302],[83.445022,49.62343],[83.450615,49.61607],[83.45297,49.606945],[83.457385,49.599292],[83.46916,49.596054],[83.49477,49.596937],[83.506544,49.600175],[83.517141,49.606651],[83.535392,49.612832],[83.613398,49.616659],[83.621641,49.614893],[83.651077,49.603413],[83.671094,49.598703],[83.736737,49.596054],[83.743802,49.600469],[83.747334,49.610478],[83.749395,49.621958],[83.753516,49.630789],[83.775004,49.641091],[83.805029,49.649039],[83.831522,49.660519],[83.851833,49.701436],[83.872439,49.715271],[83.89746,49.723808],[83.965458,49.730578],[83.98518,49.737054],[84.006963,49.746768],[84.014322,49.732639],[83.98518,49.707912],[83.968107,49.696432],[83.948385,49.691722],[83.90423,49.687012],[83.882447,49.680831],[83.863608,49.671705],[83.801203,49.626962],[83.799437,49.622841],[83.794727,49.616954],[83.790311,49.6093],[83.788251,49.59988],[83.790606,49.589283],[83.808856,49.561907],[83.785896,49.556609],[83.732322,49.566912],[83.705829,49.568089],[83.724079,49.54454],[83.727023,49.53777],[83.723491,49.527761],[83.71466,49.526878],[83.703179,49.528644],[83.691405,49.527173],[83.674626,49.517164],[83.672271,49.510394],[83.681691,49.505095],[83.698764,49.499797],[83.731733,49.494204],[83.798259,49.489788],[83.829462,49.480074],[83.824752,49.476542],[83.815627,49.46565],[83.861253,49.469183],[83.885391,49.467122],[83.905113,49.45888],[83.916005,49.442984],[83.92042,49.425028],[83.928074,49.41031],[83.986652,49.39412],[83.993128,49.393237],[83.997544,49.386172],[84.017855,49.366744],[84.024331,49.362623],[84.026686,49.360268],[84.058477,49.345844],[84.088796,49.314936],[84.214196,49.251353],[84.233918,49.229276],[84.243926,49.221623],[84.290436,49.202195],[84.328998,49.191892],[84.341655,49.190126],[84.35343,49.19513],[84.364616,49.201311],[84.37904,49.204549],[84.393463,49.203666],[84.404649,49.198073],[84.422605,49.205138],[84.4438,49.203372],[84.464699,49.195719],[84.480301,49.184533],[84.433791,49.173936],[84.387576,49.170698],[84.334296,49.133019],[84.316046,49.123011],[84.109991,49.074735],[84.05465,49.069142],[84.010201,49.056779],[83.996661,49.054718],[83.985475,49.047359],[83.951328,49.011447],[83.931606,49.000261],[83.819159,48.992607],[83.796493,48.988486],[83.727023,48.959344],[83.627822,48.939327],[83.582196,48.924315],[83.547461,48.896645],[83.546283,48.892229],[83.548344,48.881043],[83.547461,48.876628],[83.543045,48.871918],[83.532743,48.866914],[83.515375,48.852196],[83.509488,48.846014],[83.507133,48.838949],[83.503012,48.829824],[83.476225,48.804509],[83.469454,48.794206],[83.451793,48.73445],[83.45297,48.717671],[83.460918,48.703836],[83.476225,48.68794],[83.513315,48.657327],[83.528327,48.63937],[83.534509,48.615821],[83.532448,48.605518],[83.523029,48.586385],[83.520674,48.574905],[83.530976,48.559303],[83.535098,48.547823],[83.530976,48.537226],[83.528033,48.520447],[83.538041,48.498076],[83.561885,48.465107],[83.601329,48.430372],[83.654609,48.40329],[83.712893,48.390338],[83.767351,48.396814],[83.781775,48.405056],[83.790606,48.413593],[83.799731,48.420658],[83.815627,48.42419],[83.832111,48.423013],[83.870967,48.409766],[83.922775,48.411238],[83.949562,48.409178],[83.965752,48.396814],[83.948679,48.379741],[83.930723,48.37091],[83.884508,48.362668],[83.817393,48.361785],[83.801203,48.355309],[83.776476,48.367672],[83.717015,48.366789],[83.691405,48.376503],[83.54334,48.305561],[83.503895,48.276419],[83.510665,48.265234],[83.530388,48.253165],[83.553937,48.243745],[83.572187,48.239918],[83.595737,48.238446],[83.717015,48.214309],[83.882447,48.15102],[83.969285,48.130415],[84.052001,48.095974],[84.07349,48.082139],[84.082615,48.064183],[84.08968,48.039751],[84.106458,48.0424],[84.143843,48.067421],[84.156795,48.068893],[84.171807,48.067715],[84.185642,48.063888],[84.195651,48.057707],[84.207425,48.04711],[84.218022,48.043283],[84.34872,48.033275],[84.37433,48.023266],[84.435852,47.985293],[84.456457,47.96822],[84.481184,47.95674]]]}},{"type":"Feature","properties":{"name":"Buhayrat ath Tharthar","scalerank":3},"geometry":{"type":"Polygon","coordinates":[[[43.299937,33.722763],[43.2914,33.719819],[43.284924,33.723351],[43.280803,33.732477],[43.274622,33.732477],[43.271384,33.727767],[43.264908,33.722468],[43.261081,33.718347],[43.249012,33.727178],[43.235177,33.747783],[43.222813,33.75161],[43.222519,33.755437],[43.209861,33.771038],[43.206918,33.773393],[43.203385,33.778692],[43.200736,33.781635],[43.202797,33.783696],[43.213099,33.786345],[43.207801,33.794882],[43.172183,33.820491],[43.136859,33.861408],[43.12479,33.887312],[43.096237,33.914982],[43.089761,33.927346],[43.0877,33.935882],[43.078281,33.946774],[43.07622,33.954427],[43.080341,33.962669],[43.087112,33.968262],[43.088583,33.972972],[43.07622,33.978859],[43.08299,33.993283],[43.072393,33.992694],[43.069155,33.993283],[43.069155,33.999465],[43.08299,34.011828],[43.079164,34.054511],[43.089761,34.067463],[43.089761,34.075116],[43.067684,34.085419],[43.064151,34.104553],[43.07622,34.149591],[43.075337,34.176672],[43.059441,34.218177],[43.051199,34.253501],[43.051494,34.264393],[43.058853,34.276756],[43.074454,34.28853],[43.080341,34.295006],[43.08299,34.304132],[43.07622,34.329447],[43.076514,34.342988],[43.086523,34.348875],[43.096237,34.34446],[43.103007,34.333862],[43.110072,34.307958],[43.117725,34.307958],[43.112721,34.32091],[43.111249,34.336512],[43.114782,34.345931],[43.123907,34.341222],[43.129206,34.333274],[43.133915,34.324148],[43.140686,34.316495],[43.151872,34.31414],[43.1504,34.310313],[43.150105,34.309136],[43.145101,34.307958],[43.156287,34.297067],[43.156876,34.282937],[43.145101,34.252618],[43.161291,34.247614],[43.168945,34.239077],[43.191022,34.182854],[43.192788,34.180793],[43.196321,34.17991],[43.216632,34.160188],[43.218398,34.155772],[43.218398,34.147236],[43.219575,34.143409],[43.223108,34.141643],[43.235177,34.139877],[43.240475,34.136639],[43.257548,34.112206],[43.266379,34.108085],[43.286396,34.107496],[43.295227,34.101904],[43.296993,34.09425],[43.293461,34.087185],[43.290812,34.078943],[43.295227,34.067463],[43.303469,34.074528],[43.314655,34.087774],[43.322603,34.094839],[43.325547,34.080415],[43.330551,34.06864],[43.332906,34.058043],[43.329373,34.047152],[43.346446,34.048035],[43.357338,34.041559],[43.362931,34.029196],[43.363519,34.012417],[43.370879,34.012417],[43.375883,34.019482],[43.384419,34.028901],[43.394722,34.036849],[43.405025,34.039793],[43.412384,34.035966],[43.433578,34.018893],[43.439171,34.012417],[43.440937,34.003586],[43.443292,33.976504],[43.44653,33.965319],[43.456244,33.957371],[43.468019,33.955605],[43.477438,33.951778],[43.480676,33.937943],[43.495395,33.939415],[43.503342,33.924402],[43.506875,33.905857],[43.508347,33.87907],[43.507464,33.875832],[43.502165,33.874654],[43.495395,33.874949],[43.489507,33.876715],[43.486858,33.879659],[43.482148,33.883485],[43.471551,33.882014],[43.453006,33.875832],[43.468313,33.87436],[43.488036,33.867295],[43.505992,33.857876],[43.514823,33.847867],[43.50452,33.850517],[43.500399,33.851988],[43.494512,33.855521],[43.489213,33.850222],[43.484503,33.84875],[43.479205,33.84875],[43.472729,33.847867],[43.479499,33.842569],[43.478616,33.836681],[43.475083,33.828734],[43.471551,33.8096],[43.469785,33.805773],[43.469491,33.801652],[43.472729,33.79341],[43.47685,33.790761],[43.484503,33.788111],[43.491274,33.783696],[43.494512,33.776631],[43.493334,33.762502],[43.488919,33.742485],[43.480382,33.721291],[43.466547,33.704512],[43.44182,33.693032],[43.424453,33.696859],[43.407968,33.706278],[43.387363,33.711282],[43.344975,33.714226],[43.322897,33.720408],[43.308768,33.732477],[43.299937,33.722763]]]}},{"type":"Feature","properties":{"name":"Great Salt Lake","scalerank":1},"geometry":{"type":"Polygon","coordinates":[[[-111.950206,40.977661],[-111.932397,40.966769],[-111.930925,40.961471],[-111.934016,40.956467],[-111.939167,40.951757],[-111.945349,40.947341],[-112.024386,40.909663],[-112.029831,40.907897],[-112.049701,40.907013],[-112.064861,40.904364],[-112.076194,40.89936],[-112.094297,40.887291],[-112.101509,40.88317],[-112.120348,40.876105],[-112.129032,40.868157],[-112.133448,40.856677],[-112.135067,40.843431],[-112.135214,40.82047],[-112.135802,40.816055],[-112.137863,40.813406],[-112.150079,40.804575],[-112.183931,40.773961],[-112.236475,40.746879],[-112.266942,40.724508],[-112.340386,40.689184],[-112.35319,40.687123],[-112.366878,40.68889],[-112.395137,40.698604],[-112.401172,40.70243],[-112.40176,40.705963],[-112.39499,40.713027],[-112.393665,40.716265],[-112.394401,40.720387],[-112.403232,40.736577],[-112.404704,40.741286],[-112.403674,40.754238],[-112.404704,40.765424],[-112.406176,40.771606],[-112.408825,40.775433],[-112.439439,40.800159],[-112.445326,40.808107],[-112.44724,40.815466],[-112.445326,40.850496],[-112.445621,40.856088],[-112.452097,40.875222],[-112.454304,40.886408],[-112.469464,40.912901],[-112.476676,40.934389],[-112.483594,40.945575],[-112.489923,40.944398],[-112.500225,40.928208],[-112.505229,40.922909],[-112.515679,40.914961],[-112.520095,40.909368],[-112.523186,40.902009],[-112.531281,40.859915],[-112.53393,40.854322],[-112.542614,40.84402],[-112.547324,40.834894],[-112.553947,40.829301],[-112.562483,40.831656],[-112.570284,40.838132],[-112.590889,40.874633],[-112.595452,40.880226],[-112.602958,40.885525],[-112.628421,40.897888],[-112.634308,40.904364],[-112.637399,40.911723],[-112.63681,40.918199],[-112.630334,40.931151],[-112.62901,40.937039],[-112.630629,40.940571],[-112.635486,40.940865],[-112.650645,40.937627],[-112.659182,40.939393],[-112.664922,40.942631],[-112.667277,40.945869],[-112.669043,40.949402],[-112.67287,40.954112],[-112.684056,40.965298],[-112.692151,40.970302],[-112.715258,40.979721],[-112.743517,40.9965],[-112.751759,41.004448],[-112.750729,41.012396],[-112.737336,41.027408],[-112.735569,41.032413],[-112.741309,41.034179],[-112.765889,41.036239],[-112.775603,41.040066],[-112.777663,41.045365],[-112.774278,41.049191],[-112.767214,41.04978],[-112.76059,41.049486],[-112.757058,41.051252],[-112.756175,41.05449],[-112.75853,41.062143],[-112.759266,41.066559],[-112.758383,41.078333],[-112.760296,41.084809],[-112.769274,41.095995],[-112.769568,41.101882],[-112.767361,41.107475],[-112.766772,41.112185],[-112.768097,41.117189],[-112.776486,41.131025],[-112.778841,41.136323],[-112.779871,41.14221],[-112.781049,41.159578],[-112.779871,41.167526],[-112.777369,41.174885],[-112.773395,41.182538],[-112.772071,41.190486],[-112.776339,41.197845],[-112.783992,41.204616],[-112.817991,41.228165],[-112.822996,41.234641],[-112.836683,41.263488],[-112.843159,41.270553],[-112.894084,41.300578],[-112.903946,41.310292],[-112.916162,41.326482],[-112.923227,41.327071],[-112.972238,41.303228],[-112.974299,41.297929],[-112.972385,41.290276],[-112.968264,41.279384],[-112.968706,41.270847],[-112.976801,41.269376],[-113.007267,41.274969],[-113.012566,41.277618],[-113.015804,41.281739],[-113.016687,41.286743],[-113.015068,41.293514],[-113.001675,41.319123],[-112.996523,41.326188],[-112.988428,41.330309],[-112.977978,41.331192],[-112.954723,41.32766],[-112.947512,41.329132],[-112.94339,41.331487],[-112.942213,41.332958],[-112.952074,41.381234],[-112.978567,41.429215],[-112.996818,41.454531],[-113.021544,41.511637],[-113.023605,41.522823],[-113.017717,41.525472],[-113.001675,41.521351],[-112.999467,41.523412],[-112.999908,41.529005],[-112.99932,41.534303],[-112.994315,41.536364],[-112.98622,41.536953],[-112.979892,41.539896],[-112.977095,41.544606],[-112.982099,41.554909],[-112.980628,41.559324],[-112.97842,41.563151],[-112.978125,41.567567],[-112.981363,41.571982],[-112.987398,41.576397],[-112.995787,41.580519],[-113.016393,41.586995],[-113.022133,41.591704],[-113.024635,41.597592],[-113.025371,41.604656],[-113.02125,41.610838],[-113.011241,41.614959],[-112.998584,41.616431],[-112.977095,41.616137],[-112.94707,41.628206],[-112.937209,41.63056],[-112.930144,41.631149],[-112.914837,41.628206],[-112.901885,41.628206],[-112.857731,41.635565],[-112.850224,41.639097],[-112.839186,41.652049],[-112.831679,41.655581],[-112.825498,41.657642],[-112.823584,41.661174],[-112.823584,41.66559],[-112.822996,41.670594],[-112.818727,41.674421],[-112.810927,41.67707],[-112.780166,41.680308],[-112.774573,41.681485],[-112.760149,41.678542],[-112.752054,41.675598],[-112.728505,41.662352],[-112.727622,41.661469],[-112.72615,41.657936],[-112.723648,41.653815],[-112.720704,41.651166],[-112.702159,41.638214],[-112.699951,41.634682],[-112.701865,41.617903],[-112.702306,41.61702],[-112.703042,41.616431],[-112.708194,41.599652],[-112.707605,41.588466],[-112.708046,41.581402],[-112.711137,41.577281],[-112.727327,41.56374],[-112.739543,41.558147],[-112.743517,41.552554],[-112.745431,41.545784],[-112.745431,41.540485],[-112.743517,41.535481],[-112.732626,41.52194],[-112.730124,41.51723],[-112.727474,41.508988],[-112.723648,41.501923],[-112.718202,41.49898],[-112.712315,41.497214],[-112.70628,41.49427],[-112.70054,41.488383],[-112.682731,41.464539],[-112.676991,41.458357],[-112.647702,41.439813],[-112.637399,41.434808],[-112.610759,41.425977],[-112.597365,41.423917],[-112.588535,41.426272],[-112.583678,41.430687],[-112.582206,41.435986],[-112.580587,41.438635],[-112.576466,41.438929],[-112.566016,41.437163],[-112.551739,41.436574],[-112.541583,41.433925],[-112.529956,41.428332],[-112.520831,41.422739],[-112.516121,41.418618],[-112.513619,41.413908],[-112.508026,41.389182],[-112.506407,41.361217],[-112.502875,41.345616],[-112.49581,41.338257],[-112.480356,41.332958],[-112.475793,41.328543],[-112.473144,41.32295],[-112.472555,41.316768],[-112.474174,41.310587],[-112.479325,41.300578],[-112.480944,41.296163],[-112.481533,41.29057],[-112.481533,41.27644],[-112.480061,41.269081],[-112.473438,41.256424],[-112.472261,41.251125],[-112.471672,41.238467],[-112.467845,41.230814],[-112.45975,41.223749],[-112.439439,41.211092],[-112.429725,41.206676],[-112.420011,41.205499],[-112.412063,41.207265],[-112.407206,41.211092],[-112.402791,41.215507],[-112.397051,41.218451],[-112.346273,41.232286],[-112.346273,41.267021],[-112.361138,41.27438],[-112.373502,41.29999],[-112.382774,41.330898],[-112.386012,41.335608],[-112.39602,41.342672],[-112.399553,41.348265],[-112.398081,41.354447],[-112.393518,41.360334],[-112.387337,41.365044],[-112.383363,41.368871],[-112.383068,41.373286],[-112.383951,41.378879],[-112.38351,41.386238],[-112.384687,41.393009],[-112.39028,41.397424],[-112.397345,41.400956],[-112.403379,41.404783],[-112.40647,41.409493],[-112.407206,41.41538],[-112.40073,41.447466],[-112.397345,41.454236],[-112.391458,41.457474],[-112.361285,41.462479],[-112.356134,41.46189],[-112.353779,41.458063],[-112.349658,41.453059],[-112.341563,41.449232],[-112.332732,41.44776],[-112.326403,41.449527],[-112.319633,41.456297],[-112.316248,41.458652],[-112.312715,41.459535],[-112.309036,41.459241],[-112.305062,41.458063],[-112.284898,41.44776],[-112.278716,41.442462],[-112.270621,41.432159],[-112.269002,41.423034],[-112.277686,41.420679],[-112.288725,41.420973],[-112.29417,41.419796],[-112.292551,41.415675],[-112.284751,41.4039],[-112.281807,41.394775],[-112.277097,41.38771],[-112.269002,41.385061],[-112.260466,41.38565],[-112.250163,41.388888],[-112.24457,41.388888],[-112.238094,41.387121],[-112.230882,41.383589],[-112.222198,41.382411],[-112.200121,41.388593],[-112.178632,41.388888],[-112.170243,41.393892],[-112.153906,41.40861],[-112.142867,41.412437],[-112.065744,41.409787],[-112.05603,41.393303],[-112.051614,41.380351],[-112.054558,41.371226],[-112.098124,41.336491],[-112.12653,41.341495],[-112.132712,41.352975],[-112.136686,41.352975],[-112.150374,41.330898],[-112.154347,41.328248],[-112.161412,41.327954],[-112.173187,41.331192],[-112.203506,41.345322],[-112.253254,41.347677],[-112.291668,41.319123],[-112.325226,41.270847],[-112.299175,41.264666],[-112.256933,41.264666],[-112.253254,41.243472],[-112.251046,41.236701],[-112.246631,41.231403],[-112.202329,41.201083],[-112.193939,41.192547],[-112.189965,41.18195],[-112.184961,41.158989],[-112.178927,41.149275],[-112.169654,41.141622],[-112.148902,41.131613],[-112.140512,41.12602],[-112.134036,41.117189],[-112.129326,41.105709],[-112.12653,41.093346],[-112.122409,41.082454],[-112.108427,41.068325],[-112.104306,41.060966],[-112.097241,41.054784],[-112.059562,41.048603],[-112.009815,41.032413],[-111.997893,41.026231],[-111.985382,41.017694],[-111.966396,41.001504],[-111.956682,40.985609],[-111.950206,40.977661]],[[-112.5329,41.006214],[-112.519948,41.014456],[-112.520095,41.018872],[-112.523774,41.025053],[-112.526424,41.031529],[-112.529367,41.035945],[-112.533783,41.036239],[-112.547176,41.031529],[-112.55483,41.030058],[-112.555271,41.017989],[-112.554241,41.010041],[-112.55115,41.006214],[-112.546735,41.002387],[-112.542908,40.994734],[-112.539817,40.990613],[-112.5329,41.006214]],[[-112.314187,41.138384],[-112.311979,41.141916],[-112.313304,41.153396],[-112.314776,41.158695],[-112.320369,41.163993],[-112.321693,41.169881],[-112.331407,41.176062],[-112.343182,41.186659],[-112.349069,41.189014],[-112.3579,41.189014],[-112.376887,41.185482],[-112.383657,41.182538],[-112.387631,41.178712],[-112.388073,41.175768],[-112.383951,41.174002],[-112.36835,41.173413],[-112.359961,41.169292],[-112.350541,41.160755],[-112.338619,41.15634],[-112.317425,41.138972],[-112.314187,41.138384]],[[-112.166564,40.917316],[-112.168918,40.931446],[-112.161854,40.955289],[-112.16568,40.975895],[-112.171715,40.98708],[-112.187316,41.004742],[-112.192026,41.014456],[-112.193792,41.024759],[-112.190996,41.028586],[-112.191143,41.035062],[-112.193792,41.043304],[-112.202476,41.05655],[-112.207186,41.060377],[-112.222787,41.06597],[-112.234856,41.074801],[-112.23883,41.07539],[-112.247808,41.073918],[-112.252665,41.071269],[-112.248544,41.063321],[-112.25031,41.058317],[-112.255462,41.05655],[-112.268855,41.054784],[-112.27121,41.051841],[-112.26547,41.039477],[-112.249427,41.038005],[-112.244864,41.036534],[-112.23883,41.030058],[-112.236475,41.02211],[-112.23883,41.015928],[-112.248102,41.006214],[-112.248985,41.001799],[-112.247072,40.993262],[-112.249869,40.980899],[-112.248102,40.965003],[-112.243981,40.95735],[-112.200563,40.903775],[-112.189671,40.885525],[-112.177013,40.873162],[-112.172745,40.874928],[-112.172009,40.879932],[-112.174659,40.889646],[-112.166858,40.907897],[-112.166564,40.917316]]]}},{"type":"Feature","properties":{"name":"Laguna Madre","scalerank":2},"geometry":{"type":"Polygon","coordinates":[[[-97.438496,25.426404],[-97.438496,25.426404],[-97.438496,25.426404],[-97.438496,25.426404],[-97.412739,25.42346],[-97.402289,25.411391],[-97.407441,25.398439],[-97.428193,25.392258],[-97.436583,25.387842],[-97.432609,25.378128],[-97.424808,25.367531],[-97.421717,25.361644],[-97.425102,25.353402],[-97.426133,25.341038],[-97.424955,25.328675],[-97.421717,25.320139],[-97.421423,25.290113],[-97.442028,25.247136],[-97.486919,25.179432],[-97.486919,25.200627],[-97.493101,25.200627],[-97.510174,25.118499],[-97.50723,25.109963],[-97.541523,25.056683],[-97.541523,25.0349],[-97.536814,25.013705],[-97.536961,24.992217],[-97.558155,24.96278],[-97.560951,24.952183],[-97.564042,24.915388],[-97.569194,24.905674],[-97.575964,24.896549],[-97.58244,24.885068],[-97.594067,24.848862],[-97.616586,24.720813],[-97.665009,24.556264],[-97.685173,24.383766],[-97.708428,24.248064],[-97.741544,23.821236],[-97.747578,23.809462],[-97.752288,23.895122],[-97.76053,23.938982],[-97.774218,23.960471],[-97.762297,23.978721],[-97.754643,24.007863],[-97.753466,24.038771],[-97.760678,24.062615],[-97.767154,24.045542],[-97.777309,24.054078],[-97.784079,24.077039],[-97.781136,24.103826],[-97.774218,24.103826],[-97.772158,24.094701],[-97.769361,24.08793],[-97.765682,24.082043],[-97.760678,24.07645],[-97.754643,24.088813],[-97.750522,24.106181],[-97.745371,24.161816],[-97.735509,24.200672],[-97.724176,24.385532],[-97.714462,24.419679],[-97.712255,24.436163],[-97.718583,24.45618],[-97.733449,24.455002],[-97.750669,24.442639],[-97.763768,24.428804],[-97.778487,24.419973],[-97.797767,24.418796],[-97.81646,24.423211],[-97.829559,24.432631],[-97.835888,24.449704],[-97.834121,24.469132],[-97.822052,24.508577],[-97.831178,24.501806],[-97.841775,24.501218],[-97.849428,24.507988],[-97.850017,24.522706],[-97.842069,24.530948],[-97.829264,24.537719],[-97.821758,24.547138],[-97.829559,24.562445],[-97.817784,24.554792],[-97.804979,24.550965],[-97.792174,24.552731],[-97.781136,24.562445],[-97.771422,24.557147],[-97.76892,24.551848],[-97.769067,24.544783],[-97.766859,24.535069],[-97.773335,24.528593],[-97.775249,24.524472],[-97.770539,24.522706],[-97.769214,24.521529],[-97.762002,24.51623],[-97.760678,24.515936],[-97.751258,24.492975],[-97.747578,24.487971],[-97.734038,24.480612],[-97.724176,24.478551],[-97.719761,24.484144],[-97.715198,24.519468],[-97.678697,24.624556],[-97.673546,24.679897],[-97.671927,24.700208],[-97.678697,24.700208],[-97.686792,24.672243],[-97.701952,24.680191],[-97.711519,24.70168],[-97.702835,24.713748],[-97.689883,24.725523],[-97.694593,24.751133],[-97.712255,24.792638],[-97.707839,24.802058],[-97.701216,24.809711],[-97.700774,24.81501],[-97.715934,24.816776],[-97.724912,24.823252],[-97.730064,24.837676],[-97.730652,24.853571],[-97.725795,24.864169],[-97.675312,24.864169],[-97.665451,24.866523],[-97.657503,24.873294],[-97.643962,24.892133],[-97.649849,24.905085],[-97.646317,24.911561],[-97.636309,24.911267],[-97.623504,24.905085],[-97.622621,24.920392],[-97.624534,24.928929],[-97.629538,24.934227],[-97.648672,24.947179],[-97.662507,24.953655],[-97.676784,24.958365],[-97.688705,24.960426],[-97.697095,24.96278],[-97.704748,24.968962],[-97.710194,24.97691],[-97.712255,24.984563],[-97.718878,24.985741],[-97.734038,24.98162],[-97.750522,24.975144],[-97.760678,24.967785],[-97.74228,24.982797],[-97.726826,25.003108],[-97.716229,25.028718],[-97.703718,25.129096],[-97.689883,25.147052],[-97.684879,25.159416],[-97.686792,25.181787],[-97.694593,25.215639],[-97.70519,25.244487],[-97.715934,25.251846],[-97.727709,25.248314],[-97.741985,25.252435],[-97.756851,25.258616],[-97.770539,25.261854],[-97.776573,25.26156],[-97.794971,25.257439],[-97.776868,25.268919],[-97.767448,25.273629],[-97.757292,25.27569],[-97.732566,25.265092],[-97.718436,25.260971],[-97.712255,25.265681],[-97.711077,25.277161],[-97.707692,25.29188],[-97.702393,25.304832],[-97.69577,25.310425],[-97.690766,25.315723],[-97.684879,25.351341],[-97.691208,25.362233],[-97.691355,25.368414],[-97.681788,25.371064],[-97.676637,25.37018],[-97.669719,25.368414],[-97.664568,25.366354],[-97.665009,25.364882],[-97.640283,25.367237],[-97.62998,25.366942],[-97.623504,25.364882],[-97.617175,25.35664],[-97.618352,25.348397],[-97.625712,25.341627],[-97.63778,25.337506],[-97.623504,25.330147],[-97.636603,25.323082],[-97.634395,25.317489],[-97.623357,25.313368],[-97.610405,25.310425],[-97.600985,25.310719],[-97.568899,25.316606],[-97.558891,25.308953],[-97.5558,25.290408],[-97.548294,25.283049],[-97.536225,25.283049],[-97.527247,25.29188],[-97.521948,25.304537],[-97.521065,25.316606],[-97.536519,25.314546],[-97.538138,25.322788],[-97.536519,25.336623],[-97.541523,25.351341],[-97.531809,25.367237],[-97.510174,25.394318],[-97.500607,25.412863],[-97.52239,25.417573],[-97.536666,25.434646],[-97.536225,25.454663],[-97.513706,25.467321],[-97.472642,25.447009],[-97.466019,25.440828],[-97.460279,25.433763],[-97.452184,25.427876],[-97.438496,25.426404]]]}},{"type":"Feature","properties":{"name":"Lagoa Mirim","scalerank":1},"geometry":{"type":"Polygon","coordinates":[[[-52.601247,-32.459124],[-52.592268,-32.492093],[-52.589325,-32.535659],[-52.592121,-32.580108],[-52.601247,-32.61602],[-52.621558,-32.654876],[-52.690586,-32.746424],[-52.71443,-32.804119],[-52.72326,-32.83856],[-52.735918,-32.858282],[-52.780956,-32.904203],[-52.797735,-32.915094],[-52.816279,-32.922159],[-52.837768,-32.924514],[-52.8622,-32.924219],[-52.879126,-32.921276],[-52.895022,-32.913034],[-52.91651,-32.896549],[-52.975236,-32.835027],[-52.995694,-32.825019],[-52.995547,-32.801764],[-52.987747,-32.776449],[-52.984803,-32.759964],[-52.996136,-32.755549],[-53.011884,-32.768206],[-53.036611,-32.797643],[-53.064281,-32.822075],[-53.077528,-32.822075],[-53.082973,-32.821192],[-53.094601,-32.814716],[-53.112704,-32.80147],[-53.124332,-32.799115],[-53.129336,-32.811184],[-53.132427,-32.826491],[-53.146115,-32.857693],[-53.149353,-32.873294],[-53.15053,-32.899199],[-53.16098,-32.960132],[-53.1704,-32.986625],[-53.184676,-33.011351],[-53.207931,-33.036667],[-53.211758,-33.042554],[-53.214996,-33.0558],[-53.217498,-33.061099],[-53.222649,-33.06522],[-53.236043,-33.073462],[-53.242372,-33.078466],[-53.25915,-33.095245],[-53.270631,-33.100838],[-53.286526,-33.102015],[-53.302422,-33.097894],[-53.310958,-33.089652],[-53.321261,-33.061099],[-53.357026,-33.112318],[-53.362178,-33.126448],[-53.370567,-33.137928],[-53.389701,-33.145876],[-53.410453,-33.151763],[-53.4237,-33.157356],[-53.431648,-33.172957],[-53.444305,-33.216523],[-53.454314,-33.225648],[-53.462262,-33.235657],[-53.465941,-33.259206],[-53.466235,-33.284816],[-53.464616,-33.3013],[-53.445924,-33.366649],[-53.447543,-33.376952],[-53.439154,-33.384899],[-53.433708,-33.404327],[-53.431206,-33.426699],[-53.431059,-33.445244],[-53.444453,-33.52119],[-53.46079,-33.550626],[-53.485664,-33.547683],[-53.47124,-33.540912],[-53.480071,-33.53267],[-53.496702,-33.532964],[-53.505533,-33.551509],[-53.508182,-33.567994],[-53.5151,-33.581829],[-53.524078,-33.589482],[-53.533498,-33.589188],[-53.539827,-33.53267],[-53.549099,-33.504411],[-53.571029,-33.476152],[-53.5856,-33.450543],[-53.586483,-33.418751],[-53.576916,-33.387549],[-53.560138,-33.363411],[-53.581479,-33.350164],[-53.592518,-33.334563],[-53.591929,-33.317196],[-53.578241,-33.297473],[-53.565731,-33.27363],[-53.583098,-33.263916],[-53.609296,-33.25744],[-53.622837,-33.243016],[-53.626075,-33.232713],[-53.640058,-33.217701],[-53.643443,-33.208281],[-53.645503,-33.187675],[-53.643884,-33.181788],[-53.636525,-33.170897],[-53.627694,-33.164421],[-53.621071,-33.164715],[-53.616803,-33.16236],[-53.615331,-33.146759],[-53.617833,-33.137339],[-53.636525,-33.108786],[-53.614301,-33.100249],[-53.611799,-33.089946],[-53.618275,-33.076111],[-53.622837,-33.057566],[-53.620041,-33.047264],[-53.61327,-33.041376],[-53.604439,-33.041082],[-53.595609,-33.047264],[-53.593548,-33.055212],[-53.595609,-33.08818],[-53.578535,-33.076111],[-53.497291,-32.971318],[-53.477274,-32.952478],[-53.447543,-32.945119],[-53.331122,-32.95189],[-53.324794,-32.948357],[-53.329945,-32.941293],[-53.338187,-32.936288],[-53.341719,-32.938055],[-53.344369,-32.936583],[-53.349226,-32.936288],[-53.353641,-32.933639],[-53.355407,-32.924514],[-53.349079,-32.916272],[-53.334655,-32.908324],[-53.306984,-32.896549],[-53.306984,-32.890368],[-53.312577,-32.888601],[-53.321997,-32.88448],[-53.327443,-32.882714],[-53.327443,-32.876532],[-53.304335,-32.869173],[-53.292119,-32.861226],[-53.287409,-32.848274],[-53.286526,-32.825019],[-53.295946,-32.792344],[-53.296976,-32.786751],[-53.299478,-32.783513],[-53.334802,-32.766735],[-53.352611,-32.752311],[-53.346282,-32.748778],[-53.303599,-32.752605],[-53.280786,-32.750545],[-53.26386,-32.744657],[-53.231774,-32.725818],[-53.209697,-32.717576],[-53.192182,-32.713455],[-53.180702,-32.704329],[-53.171871,-32.656054],[-53.158772,-32.644279],[-53.093571,-32.631916],[-53.047208,-32.616315],[-53.029546,-32.605423],[-53.01262,-32.590999],[-53.004231,-32.579813],[-53.000699,-32.564801],[-52.998491,-32.540369],[-52.986128,-32.497391],[-52.960959,-32.469133],[-52.927255,-32.451176],[-52.808037,-32.409377],[-52.775657,-32.384356],[-52.786696,-32.355214],[-52.797146,-32.351976],[-52.819223,-32.353447],[-52.82776,-32.349032],[-52.830703,-32.341673],[-52.831439,-32.330193],[-52.827613,-32.319596],[-52.817163,-32.314886],[-52.806418,-32.305172],[-52.772566,-32.245416],[-52.765502,-32.241883],[-52.747104,-32.238057],[-52.73842,-32.232464],[-52.728117,-32.197729],[-52.708101,-32.192725],[-52.671747,-32.175357],[-52.655851,-32.177123],[-52.693971,-32.247182],[-52.707953,-32.286921],[-52.711044,-32.328721],[-52.694707,-32.366105],[-52.627298,-32.426155],[-52.601247,-32.459124]]]}},{"type":"Feature","properties":{"name":"IJsselmeer","scalerank":2},"geometry":{"type":"Polygon","coordinates":[[[5.870361,52.539989],[5.874482,52.521444],[5.872716,52.501428],[5.860647,52.478173],[5.841513,52.457862],[5.800891,52.422832],[5.779108,52.408114],[5.746728,52.393396],[5.712287,52.382505],[5.654003,52.371613],[5.623683,52.356306],[5.577763,52.322749],[5.545383,52.27565],[5.533314,52.267997],[5.447359,52.255045],[5.404677,52.2574],[5.361111,52.270057],[5.268386,52.311563],[5.24778,52.31274],[5.205098,52.309502],[5.181254,52.311563],[5.163004,52.316567],[5.112373,52.337761],[5.092062,52.342177],[5.047024,52.344532],[5.03054,52.34777],[4.968135,52.371024],[4.973727,52.375734],[4.980203,52.3775],[4.98197,52.378089],[4.98197,52.385448],[4.996688,52.383976],[5.002281,52.38221],[5.009346,52.378089],[5.009346,52.385448],[5.024947,52.378089],[5.034072,52.388686],[5.041726,52.403993],[5.053795,52.412235],[5.064686,52.414296],[5.075283,52.420183],[5.084703,52.429014],[5.091768,52.439317],[5.075577,52.444321],[5.067924,52.452858],[5.061742,52.461394],[5.050262,52.467281],[5.069985,52.472874],[5.078227,52.473463],[5.073517,52.483766],[5.070573,52.487887],[5.090884,52.500839],[5.083231,52.525566],[5.050262,52.570309],[5.036427,52.599745],[5.034955,52.625061],[5.049673,52.641839],[5.084997,52.645372],[5.111784,52.63919],[5.118849,52.636246],[5.136511,52.625061],[5.150935,52.626532],[5.165653,52.630065],[5.227175,52.65332],[5.243071,52.664505],[5.256317,52.688643],[5.270741,52.696885],[5.304004,52.706894],[5.300766,52.716902],[5.297822,52.730737],[5.293996,52.743101],[5.286931,52.748399],[5.236006,52.762234],[5.22011,52.762823],[5.206275,52.761646],[5.194501,52.758113],[5.184198,52.751637],[5.170363,52.746044],[5.157999,52.75046],[5.147108,52.758113],[5.136511,52.762234],[5.122676,52.775481],[5.120321,52.839358],[5.115022,52.861141],[5.065275,52.922957],[5.044081,52.933554],[5.08588,52.943857],[5.129152,52.960047],[5.287814,53.044529],[5.372297,53.07691],[5.383188,53.055421],[5.389958,53.046296],[5.399672,53.035993],[5.409386,53.032166],[5.413802,53.019803],[5.412624,53.006851],[5.406443,52.995076],[5.416157,52.98389],[5.420278,52.9677],[5.416157,52.95151],[5.399672,52.940325],[5.413213,52.924429],[5.404088,52.916481],[5.387898,52.911183],[5.376712,52.899408],[5.370825,52.898231],[5.366115,52.894993],[5.365526,52.884984],[5.369059,52.878508],[5.37524,52.875564],[5.382599,52.872915],[5.38937,52.868205],[5.410858,52.857314],[5.442355,52.85231],[5.505938,52.850838],[5.518595,52.848777],[5.542145,52.839358],[5.557452,52.837297],[5.573642,52.838475],[5.584239,52.841713],[5.605727,52.850838],[5.622212,52.85437],[5.637519,52.854959],[5.709932,52.842301],[5.721707,52.837297],[5.685794,52.832587],[5.656358,52.819635],[5.631926,52.799913],[5.611909,52.775186],[5.603372,52.75046],[5.596308,52.70866],[5.597779,52.66951],[5.615736,52.652436],[5.628099,52.646255],[5.652237,52.618879],[5.660479,52.61152],[5.676669,52.608576],[5.808839,52.612992],[5.8265,52.610342],[5.84063,52.604161],[5.850933,52.593269],[5.857703,52.576785],[5.870361,52.539989]],[[5.858292,52.506432],[5.85888,52.526154],[5.839158,52.570309],[5.68079,52.593564],[5.653709,52.61152],[5.635752,52.602689],[5.577763,52.590914],[5.560395,52.583555],[5.516241,52.556768],[5.506821,52.555885],[5.486215,52.557062],[5.478562,52.552941],[5.454424,52.515263],[5.441178,52.508492],[5.403499,52.499073],[5.358461,52.473463],[5.283693,52.455213],[5.24101,52.429308],[5.178605,52.408409],[5.150052,52.391335],[5.132978,52.385448],[5.142987,52.369847],[5.145931,52.355423],[5.152995,52.343943],[5.173895,52.336878],[5.219227,52.33835],[5.236006,52.336878],[5.304593,52.320982],[5.336678,52.310091],[5.396434,52.280655],[5.423222,52.273884],[5.489159,52.27565],[5.524777,52.284187],[5.545677,52.302438],[5.551859,52.327458],[5.543616,52.358072],[5.571581,52.367198],[5.585711,52.370141],[5.602195,52.371024],[5.616619,52.37544],[5.637813,52.394573],[5.649882,52.398989],[5.675786,52.402227],[5.723767,52.416356],[5.752909,52.419594],[5.781168,52.425776],[5.807367,52.441377],[5.829444,52.461394],[5.84534,52.480822],[5.858292,52.506432]]]}},{"type":"Feature","properties":{"name":"Syvash","scalerank":2},"geometry":{"type":"Polygon","coordinates":[[[35.387723,45.30658],[35.406563,45.300104],[35.424519,45.297454],[35.441003,45.292156],[35.455427,45.279204],[35.433644,45.261248],[35.420104,45.254183],[35.404502,45.251239],[35.386546,45.256538],[35.371239,45.268312],[35.35917,45.280087],[35.34975,45.285385],[35.234948,45.314528],[35.216404,45.323358],[35.209339,45.330718],[35.193443,45.336605],[35.175193,45.340137],[35.161652,45.340432],[35.144284,45.33631],[35.133393,45.332189],[35.122796,45.332484],[35.064806,45.364569],[35.051854,45.374872],[35.024184,45.412845],[35.010349,45.422559],[35.010349,45.429918],[35.022418,45.434039],[35.055975,45.439632],[35.068927,45.446697],[35.074814,45.450818],[35.087766,45.457883],[35.092182,45.463476],[35.095714,45.474367],[35.093654,45.477605],[35.089238,45.480549],[35.072165,45.549136],[35.066867,45.561499],[35.043023,45.577689],[35.037725,45.590347],[35.033898,45.604771],[35.025656,45.611541],[35.014175,45.615662],[35.003284,45.621844],[34.976791,45.663055],[34.965605,45.668942],[34.914975,45.66541],[34.900256,45.668942],[34.892014,45.674829],[34.88024,45.690136],[34.872292,45.696907],[34.865227,45.69985],[34.839029,45.703677],[34.847271,45.713097],[34.864933,45.724871],[34.872292,45.731641],[34.872292,45.737234],[34.851098,45.734879],[34.814008,45.719573],[34.791636,45.717218],[34.755429,45.726049],[34.737179,45.728403],[34.715985,45.724282],[34.731291,45.741944],[34.753369,45.761961],[34.764849,45.783744],[34.750131,45.806116],[34.724227,45.81318],[34.698617,45.805527],[34.673007,45.793164],[34.647103,45.78551],[34.652402,45.798168],[34.665648,45.816124],[34.668298,45.830253],[34.67183,45.840556],[34.680366,45.84821],[34.69273,45.852919],[34.705976,45.854391],[34.70892,45.855863],[34.740122,45.859984],[34.747187,45.858218],[34.754546,45.867049],[34.756901,45.877646],[34.755429,45.889421],[34.750131,45.902373],[34.722755,45.879707],[34.707154,45.871464],[34.664765,45.865577],[34.647692,45.858807],[34.546431,45.792575],[34.506103,45.777857],[34.461654,45.771969],[34.461654,45.77874],[34.492268,45.792575],[34.503159,45.799934],[34.508163,45.807882],[34.513168,45.819362],[34.520821,45.829665],[34.533773,45.83408],[34.541132,45.839379],[34.546136,45.862928],[34.554673,45.868226],[34.567919,45.869404],[34.580871,45.872642],[34.591469,45.877057],[34.600005,45.881767],[34.607659,45.888243],[34.622671,45.903844],[34.626792,45.909732],[34.632679,45.925039],[34.632091,45.932398],[34.628558,45.937696],[34.626792,45.94741],[34.615606,45.952709],[34.544076,45.970665],[34.544076,45.964484],[34.564387,45.949471],[34.575278,45.939168],[34.578811,45.929749],[34.569097,45.918268],[34.552612,45.919151],[34.537306,45.922978],[34.530535,45.91974],[34.527003,45.910909],[34.518466,45.899135],[34.499921,45.878529],[34.488147,45.875586],[34.477255,45.8853],[34.461654,45.909732],[34.475195,45.925333],[34.482554,45.929749],[34.465481,45.936225],[34.444875,45.932398],[34.427802,45.919151],[34.420443,45.89884],[34.417794,45.874114],[34.411612,45.864694],[34.406902,45.87117],[34.406902,45.895602],[34.400721,45.895602],[34.398071,45.888832],[34.39395,45.885005],[34.388063,45.883239],[34.379526,45.881767],[34.383059,45.8853],[34.386002,45.888832],[34.387474,45.89413],[34.386591,45.902373],[34.359215,45.881767],[34.362159,45.891776],[34.37099,45.907966],[34.372756,45.91974],[34.37776,45.924744],[34.400132,45.932398],[34.406902,45.936519],[34.410729,45.956241],[34.396894,45.966838],[34.3757,45.974492],[34.359215,45.984795],[34.366869,45.985678],[34.386591,45.991565],[34.363042,46.01688],[34.349796,46.026006],[34.331251,46.025123],[34.327424,46.020118],[34.323008,46.003045],[34.318299,45.998041],[34.30829,45.996864],[34.297693,45.999218],[34.287979,46.00334],[34.28062,46.008638],[34.276793,46.023062],[34.279148,46.039841],[34.277088,46.046022],[34.239703,46.007461],[34.226751,46.004517],[34.21586,46.018352],[34.228518,46.029244],[34.212033,46.036308],[34.16729,46.046317],[34.161108,46.038663],[34.156398,46.043373],[34.150217,46.047789],[34.142269,46.051321],[34.133438,46.053087],[34.129611,46.054265],[34.121369,46.058974],[34.11607,46.059857],[34.113127,46.057797],[34.111949,46.053087],[34.113127,46.048377],[34.11607,46.046317],[34.126962,46.042784],[34.184657,46.008638],[34.195254,46.000396],[34.200847,45.988621],[34.202025,45.967427],[34.196137,45.95006],[34.182008,45.945644],[34.165818,45.944467],[34.153749,45.936519],[34.128139,45.954769],[34.117248,45.96831],[34.112832,45.984795],[34.129611,45.979202],[34.144624,45.978907],[34.157281,45.983323],[34.16729,45.991565],[34.16729,45.998041],[34.112244,46.033365],[34.078981,46.045434],[34.037475,46.087233],[34.01893,46.096359],[33.998914,46.100774],[33.951815,46.101657],[33.939746,46.098714],[33.943279,46.092238],[33.961824,46.080463],[33.973598,46.077519],[33.983607,46.078402],[33.99126,46.076931],[33.99597,46.066922],[33.976542,46.060741],[33.975953,46.052204],[33.984195,46.041313],[33.989199,46.028949],[33.981546,46.017469],[33.965356,46.020118],[33.949755,46.028066],[33.944751,46.032776],[33.937097,46.036897],[33.932682,46.046317],[33.9265,46.055736],[33.913548,46.059857],[33.903834,46.055736],[33.894709,46.046611],[33.882934,46.039252],[33.865567,46.038663],[33.87322,46.046317],[33.867627,46.052498],[33.866155,46.055148],[33.865567,46.059857],[33.885583,46.065156],[33.876458,46.08164],[33.838485,46.115198],[33.848788,46.122263],[33.85232,46.132565],[33.852026,46.159353],[33.845844,46.164945],[33.804339,46.17672],[33.804339,46.143457],[33.799629,46.127856],[33.786971,46.12138],[33.741934,46.13963],[33.73222,46.145517],[33.687771,46.202918],[33.679823,46.210278],[33.667754,46.217637],[33.667754,46.223818],[33.69513,46.223818],[33.713969,46.219108],[33.727804,46.225584],[33.740756,46.236476],[33.755769,46.245601],[33.77137,46.247367],[33.79227,46.244718],[33.810226,46.238242],[33.81788,46.227645],[33.822884,46.224113],[33.83407,46.22323],[33.855558,46.223818],[33.865567,46.22529],[33.881168,46.231177],[33.893826,46.231177],[33.95211,46.21381],[33.972126,46.210866],[33.98184,46.201152],[34.006861,46.159058],[34.020402,46.149344],[34.025995,46.147284],[34.02835,46.142574],[34.03041,46.137864],[34.033943,46.135803],[34.039536,46.136687],[34.042479,46.138747],[34.04454,46.140808],[34.054843,46.144046],[34.060436,46.148167],[34.067206,46.150816],[34.077803,46.149344],[34.077803,46.146695],[34.079864,46.139925],[34.082513,46.13286],[34.085457,46.12815],[34.089578,46.127267],[34.101058,46.128444],[34.106062,46.12815],[34.126373,46.124029],[34.138148,46.124323],[34.136676,46.131977],[34.131966,46.141691],[34.12343,46.16524],[34.11607,46.16995],[34.104885,46.171421],[34.094876,46.175248],[34.077803,46.18349],[34.077803,46.190261],[34.104885,46.185845],[34.115482,46.189083],[34.119603,46.200858],[34.124313,46.209689],[34.135204,46.207923],[34.146684,46.199975],[34.153749,46.190261],[34.153455,46.183196],[34.147567,46.162296],[34.154632,46.150522],[34.159048,46.146989],[34.161108,46.152877],[34.202025,46.18349],[34.166995,46.206745],[34.15316,46.219992],[34.147567,46.23471],[34.148156,46.260025],[34.152572,46.276215],[34.162874,46.282691],[34.181714,46.279159],[34.213211,46.260614],[34.237348,46.234415],[34.289745,46.161413],[34.293278,46.154348],[34.297104,46.141985],[34.296516,46.117553],[34.298576,46.106367],[34.307996,46.101657],[34.318299,46.112549],[34.326541,46.137275],[34.331251,46.162885],[34.331251,46.17672],[34.32242,46.181724],[34.298576,46.184079],[34.290923,46.190261],[34.2921,46.197326],[34.299459,46.203507],[34.307701,46.208806],[34.311234,46.214399],[34.320359,46.212632],[34.379526,46.190261],[34.448702,46.152288],[34.484614,46.145517],[34.517289,46.162296],[34.522882,46.177897],[34.527297,46.186434],[34.533773,46.190261],[34.54437,46.187317],[34.557322,46.179369],[34.568214,46.169361],[34.572629,46.159353],[34.572629,46.131977],[34.570569,46.120791],[34.56056,46.107839],[34.5585,46.098125],[34.552318,46.085173],[34.539072,46.098125],[34.527003,46.118436],[34.524059,46.12815],[34.512285,46.121674],[34.501099,46.104306],[34.492857,46.094592],[34.489619,46.111666],[34.491973,46.116964],[34.495506,46.122557],[34.494328,46.126972],[34.482554,46.12815],[34.448702,46.107839],[34.439577,46.090766],[34.439871,46.07281],[34.449585,46.057208],[34.469013,46.046317],[34.46136,46.034248],[34.452529,46.036603],[34.441343,46.043962],[34.427508,46.046317],[34.416911,46.038958],[34.405725,46.024828],[34.401309,46.011287],[34.410729,46.0054],[34.438105,46.005694],[34.461654,46.003045],[34.472545,45.993037],[34.461654,45.970665],[34.482848,45.966838],[34.514345,45.994803],[34.555262,45.98244],[34.575573,45.996864],[34.629441,46.071338],[34.633268,46.083995],[34.629441,46.102246],[34.621494,46.12138],[34.616489,46.141396],[34.620316,46.162296],[34.652108,46.184374],[34.697734,46.180547],[34.742183,46.162296],[34.770736,46.141985],[34.778684,46.129622],[34.787221,46.111371],[34.788104,46.094592],[34.774269,46.087233],[34.766026,46.090471],[34.75278,46.104601],[34.746893,46.107839],[34.721872,46.109605],[34.683016,46.101952],[34.670358,46.096359],[34.660938,46.087233],[34.680072,46.07958],[34.698028,46.066039],[34.71098,46.050143],[34.715985,46.03572],[34.74601,46.015408],[34.753663,46.011582],[34.763083,46.016292],[34.766026,46.0263],[34.770736,46.036014],[34.784571,46.038663],[34.795168,46.029244],[34.803999,46.008344],[34.810181,45.984795],[34.812242,45.967427],[34.812536,45.94535],[34.81548,45.935636],[34.82225,45.926511],[34.826077,45.923861],[34.83844,45.917091],[34.842561,45.915913],[34.84786,45.91297],[34.846093,45.907082],[34.841384,45.902373],[34.839029,45.902373],[34.836674,45.901784],[34.827254,45.895897],[34.825488,45.895602],[34.825488,45.889715],[34.827843,45.884122],[34.830787,45.881178],[34.832847,45.881767],[34.813125,45.827899],[34.811359,45.81789],[34.815774,45.813475],[34.827254,45.814652],[34.837263,45.817301],[34.845799,45.821423],[34.852569,45.826721],[34.859045,45.835258],[34.861695,45.8435],[34.864638,45.849976],[34.872292,45.854391],[34.883772,45.853214],[34.894664,45.846443],[34.904378,45.837613],[34.910854,45.830253],[34.920273,45.814063],[34.932931,45.776385],[34.942056,45.759017],[34.977086,45.717806],[34.979146,45.709859],[34.981207,45.706032],[34.996514,45.686898],[34.999752,45.674829],[35.007405,45.669531],[35.016236,45.666881],[35.023889,45.66276],[35.032426,45.651869],[35.051854,45.621844],[35.078347,45.597117],[35.084528,45.587109],[35.126917,45.552962],[35.33827,45.340137],[35.345335,45.335427],[35.356815,45.333956],[35.366824,45.330423],[35.3733,45.32277],[35.379187,45.313939],[35.387723,45.30658]]]}},{"type":"Feature","properties":{"name":"Issyk-Kul","scalerank":2},"geometry":{"type":"Polygon","coordinates":[[[78.254794,42.599607],[78.306308,42.602551],[78.327502,42.595192],[78.320143,42.571643],[78.30042,42.5634],[78.172961,42.575175],[78.150883,42.573997],[78.128217,42.565461],[78.107612,42.551037],[78.055804,42.493342],[78.028722,42.475091],[77.995753,42.465671],[77.9254,42.461845],[77.900674,42.458018],[77.829438,42.434763],[77.812365,42.420928],[77.822667,42.402678],[77.892726,42.391786],[77.914803,42.37383],[77.87948,42.372652],[77.851809,42.361467],[77.830026,42.342627],[77.792053,42.293763],[77.68726,42.214579],[77.65694,42.203099],[77.622205,42.196623],[77.583055,42.194856],[77.55303,42.185731],[77.515351,42.168952],[77.481205,42.161888],[77.462954,42.181316],[77.427042,42.17013],[77.389952,42.169836],[77.318716,42.181316],[77.28928,42.181021],[77.174772,42.166009],[77.151223,42.160122],[77.136799,42.153351],[77.129145,42.155117],[77.121492,42.159238],[77.113544,42.16071],[77.048195,42.16071],[77.018465,42.168658],[76.987851,42.182199],[76.960769,42.186614],[76.942224,42.167186],[76.935454,42.167186],[76.926623,42.184259],[76.907489,42.197506],[76.883646,42.205748],[76.840669,42.21193],[76.819769,42.220466],[76.765311,42.256673],[76.755009,42.261972],[76.743528,42.263738],[76.729399,42.259911],[76.717919,42.253435],[76.706439,42.25108],[76.692015,42.260205],[76.675825,42.266681],[76.606355,42.270802],[76.561906,42.280222],[76.396767,42.345571],[76.371747,42.347337],[76.349375,42.335857],[76.33289,42.322905],[76.314051,42.315546],[76.293151,42.31378],[76.270485,42.318489],[76.258711,42.322905],[76.247819,42.328792],[76.239577,42.337329],[76.233101,42.36441],[76.225742,42.373241],[76.216617,42.381189],[76.208374,42.392964],[76.212496,42.39473],[76.222798,42.400323],[76.21956,42.404149],[76.216322,42.405621],[76.208374,42.407093],[76.215439,42.407093],[76.201898,42.418573],[76.196011,42.439767],[76.202487,42.460079],[76.225742,42.469204],[76.304632,42.482156],[76.332596,42.482745],[76.443277,42.467732],[76.456229,42.468321],[76.465649,42.472736],[76.48802,42.502761],[76.497146,42.51012],[76.5204,42.51483],[76.575152,42.509237],[76.599584,42.513653],[76.619895,42.527194],[76.653159,42.555747],[76.674647,42.565461],[76.97637,42.609616],[76.981669,42.614031],[76.994032,42.612265],[77.014049,42.606378],[77.027001,42.60991],[77.047312,42.627866],[77.058204,42.634342],[77.083813,42.639641],[77.135916,42.643467],[77.173889,42.653476],[77.18478,42.652004],[77.195377,42.64906],[77.206269,42.647294],[77.219515,42.648766],[77.229818,42.652593],[77.238943,42.657008],[77.325486,42.679674],[77.349624,42.681735],[77.373468,42.677908],[77.435578,42.653476],[77.528009,42.647294],[77.537723,42.650238],[77.549497,42.657008],[77.56922,42.671432],[77.579228,42.676142],[77.620439,42.681735],[77.704333,42.705578],[77.745544,42.710877],[77.771448,42.720002],[77.7844,42.722651],[77.797646,42.722651],[77.832676,42.716175],[77.917158,42.726772],[77.956014,42.714115],[77.983096,42.713232],[78.011649,42.715881],[78.033138,42.720296],[78.082885,42.722357],[78.103785,42.725595],[78.11762,42.732954],[78.137343,42.740313],[78.204752,42.7462],[78.223886,42.742962],[78.235955,42.746495],[78.306308,42.742962],[78.306308,42.736192],[78.282758,42.732954],[78.24979,42.719413],[78.2336,42.716175],[78.211817,42.721474],[78.201514,42.72118],[78.193272,42.703518],[78.175021,42.680263],[78.169134,42.67467],[78.157948,42.671726],[78.132338,42.671138],[78.120858,42.6679],[78.111144,42.659069],[78.08995,42.632576],[78.083474,42.626983],[78.081708,42.622862],[78.088772,42.613148],[78.099664,42.604023],[78.11085,42.599607],[78.254794,42.599607]]]}},{"type":"Feature","properties":{"name":"Lake Turkana","scalerank":3},"geometry":{"type":"Polygon","coordinates":[[[36.697644,2.769491],[36.709713,2.730341],[36.68793,2.715328],[36.691168,2.683537],[36.699999,2.646153],[36.696172,2.614362],[36.696172,2.620543],[36.693817,2.545186],[36.708241,2.508391],[36.702354,2.486313],[36.690873,2.46718],[36.635827,2.408895],[36.62788,2.40448],[36.621698,2.403303],[36.597266,2.406835],[36.593733,2.408307],[36.581664,2.407424],[36.57195,2.405069],[36.564591,2.400948],[36.558115,2.394472],[36.531917,2.422731],[36.525735,2.464236],[36.52603,2.510451],[36.517787,2.551662],[36.494533,2.591401],[36.476871,2.611712],[36.443313,2.630552],[36.436543,2.654395],[36.436837,2.723571],[36.435954,2.730341],[36.431244,2.741233],[36.417704,2.763899],[36.410344,2.791274],[36.400336,2.813352],[36.380614,2.846321],[36.357653,2.866337],[36.302607,2.902544],[36.261396,2.938456],[36.257864,2.942578],[36.251388,2.972603],[36.247267,2.980551],[36.239613,2.982022],[36.223129,2.967304],[36.21312,2.963183],[36.202818,2.965832],[36.189571,2.979373],[36.182212,2.983494],[36.141884,2.982317],[36.126577,2.987615],[36.12069,3.007926],[36.148066,3.116547],[36.148066,3.128027],[36.144828,3.139802],[36.135997,3.160701],[36.134525,3.172182],[36.136586,3.18219],[36.145711,3.202501],[36.148066,3.213098],[36.142767,3.219869],[36.130404,3.219869],[36.106266,3.216336],[36.072414,3.230466],[36.064761,3.235176],[36.059462,3.239591],[36.052986,3.242829],[36.041506,3.244301],[36.02826,3.252543],[35.996468,3.305823],[35.976746,3.319364],[35.959379,3.327606],[35.947898,3.33938],[35.943189,3.364107],[35.943189,3.528951],[35.939951,3.540725],[35.932886,3.550145],[35.925821,3.552206],[35.922583,3.542492],[35.925527,3.532189],[35.936713,3.508051],[35.935829,3.497454],[35.918168,3.481264],[35.907865,3.495688],[35.902861,3.522475],[35.901683,3.542492],[35.89609,3.561331],[35.882844,3.575166],[35.866948,3.586941],[35.853113,3.600481],[35.841339,3.630212],[35.834274,3.673484],[35.833391,3.719699],[35.840161,3.758261],[35.844871,3.767092],[35.856646,3.782398],[35.860472,3.792407],[35.860767,3.805064],[35.853113,3.83715],[35.853996,3.959017],[35.864593,3.991397],[35.919639,4.105905],[35.922583,4.117974],[35.915224,4.422935],[35.918168,4.437064],[35.926999,4.465029],[35.932003,4.504179],[35.946132,4.551572],[35.94937,4.576887],[35.955552,4.59396],[35.97027,4.617215],[35.988226,4.635171],[36.004122,4.635171],[36.007949,4.623397],[36.007066,4.591017],[36.013836,4.576887],[36.023256,4.565996],[36.029437,4.553927],[36.032675,4.540386],[36.032087,4.525374],[36.037974,4.525374],[36.054164,4.547451],[36.058285,4.560403],[36.038563,4.572766],[36.03032,4.58719],[36.025022,4.60338],[36.024727,4.61486],[36.043272,4.636643],[36.074475,4.643414],[36.106561,4.637821],[36.126872,4.621631],[36.127461,4.630461],[36.122456,4.657543],[36.123634,4.663136],[36.154836,4.664019],[36.167494,4.660192],[36.175442,4.649006],[36.186628,4.624574],[36.18545,4.616038],[36.168377,4.61486],[36.198108,4.547156],[36.203112,4.515659],[36.195753,4.478275],[36.207233,4.46238],[36.208411,4.442657],[36.200463,4.387022],[36.191043,4.367006],[36.188983,4.358175],[36.188394,4.339335],[36.21106,4.301362],[36.214887,4.285761],[36.216064,4.261918],[36.214298,4.241901],[36.214887,4.229832],[36.223129,4.214819],[36.221363,4.21011],[36.218125,4.2054],[36.216064,4.199807],[36.219302,4.193036],[36.226072,4.188621],[36.233137,4.185383],[36.236964,4.182734],[36.241674,4.165661],[36.244617,4.145055],[36.242851,4.123566],[36.224895,4.087948],[36.216064,4.032019],[36.198402,3.979328],[36.192515,3.970497],[36.181624,3.961961],[36.18545,3.942827],[36.219008,3.879833],[36.223129,3.868058],[36.229899,3.831852],[36.233726,3.823315],[36.239319,3.815662],[36.242557,3.808891],[36.244029,3.800649],[36.244323,3.788874],[36.246972,3.779455],[36.253448,3.774156],[36.260513,3.77033],[36.264634,3.765031],[36.265812,3.753551],[36.264045,3.743248],[36.246384,3.694384],[36.240496,3.686141],[36.235787,3.683786],[36.230782,3.682903],[36.219596,3.683198],[36.216653,3.681137],[36.215475,3.67054],[36.21312,3.66583],[36.211354,3.658766],[36.20635,3.540137],[36.216064,3.456537],[36.222834,3.434754],[36.240496,3.393838],[36.244323,3.370877],[36.238141,3.346151],[36.226661,3.334082],[36.22254,3.322013],[36.236964,3.298758],[36.274643,3.263434],[36.291716,3.243123],[36.29878,3.220163],[36.299369,3.208977],[36.30143,3.198969],[36.306728,3.191904],[36.326156,3.186605],[36.331455,3.180424],[36.34058,3.161585],[36.375904,3.123023],[36.380614,3.110071],[36.381791,3.099768],[36.388267,3.076219],[36.386795,3.041484],[36.388267,3.032064],[36.40063,3.010576],[36.532211,2.901661],[36.5746,2.894596],[36.657905,2.898717],[36.689107,2.881055],[36.69941,2.850442],[36.697644,2.769491]]]}},{"type":"Feature","properties":{"name":"Kaliningradskiy Zaliv","scalerank":3},"geometry":{"type":"Polygon","coordinates":[[[19.793195,54.543432],[19.893868,54.617611],[19.899461,54.62291],[19.907114,54.628208],[19.920655,54.632918],[19.933901,54.633801],[19.945676,54.632918],[19.95539,54.635568],[19.961571,54.646459],[19.947736,54.653229],[19.944498,54.669125],[19.948325,54.687376],[19.954801,54.701211],[19.966281,54.711808],[19.981883,54.71799],[20.000133,54.720933],[20.02015,54.721816],[20.039872,54.716518],[20.044582,54.703271],[20.04576,54.686493],[20.054002,54.670597],[20.072841,54.657351],[20.085793,54.656467],[20.11258,54.673835],[20.11258,54.673835],[20.11258,54.673835],[20.11258,54.673835],[20.176752,54.695618],[20.40665,54.68767],[20.40665,54.680017],[20.333648,54.660294],[20.318046,54.652346],[20.293614,54.635862],[20.280368,54.629092],[20.252992,54.623499],[20.121705,54.581405],[20.102277,54.577578],[20.092269,54.574634],[20.079023,54.560505],[20.068131,54.557267],[20.055474,54.55815],[20.048703,54.560505],[20.042227,54.56492],[20.030453,54.570807],[19.991008,54.572574],[19.966576,54.546964],[19.943026,54.512523],[19.906525,54.488386],[19.839999,54.470724],[19.793195,54.543432]]]}},{"type":"Feature","properties":{"name":"Uvs Nuur","scalerank":3},"geometry":{"type":"Polygon","coordinates":[[[92.324516,50.226287],[92.329815,50.23659],[92.353364,50.267498],[92.348654,50.301939],[92.317157,50.330198],[92.24386,50.377002],[92.226787,50.41468],[92.244743,50.445589],[92.283011,50.467666],[92.325988,50.47944],[92.381623,50.485328],[92.409882,50.491804],[92.432253,50.504167],[92.44079,50.507405],[92.465222,50.513587],[92.470521,50.517119],[92.47523,50.528894],[92.486711,50.537725],[92.511437,50.548027],[92.543817,50.553915],[92.609461,50.547439],[92.641841,50.548027],[92.68629,50.560685],[92.713371,50.563923],[92.750755,50.573343],[92.761941,50.57923],[92.773421,50.588944],[92.795793,50.601896],[92.80639,50.610138],[92.812277,50.618086],[92.82258,50.637808],[92.830234,50.648111],[92.848779,50.666362],[92.872916,50.684024],[92.900587,50.692854],[92.92914,50.685201],[92.962109,50.671955],[92.994783,50.65341],[93.006558,50.625445],[92.990662,50.583057],[92.955044,50.535958],[92.952983,50.527716],[92.961814,50.524184],[92.974472,50.515353],[92.985952,50.505345],[92.990662,50.497397],[92.992428,50.484445],[92.998316,50.47738],[93.074556,50.439996],[93.090451,50.42881],[93.137844,50.371114],[93.1558,50.356396],[93.177289,50.34786],[93.196423,50.349332],[93.214673,50.358457],[93.234396,50.373764],[93.255295,50.383478],[93.278845,50.38701],[93.291502,50.381123],[93.27855,50.363755],[93.269131,50.361106],[93.230863,50.356396],[93.231158,50.34521],[93.238517,50.334025],[93.248231,50.325488],[93.255001,50.32225],[93.265009,50.319012],[93.279728,50.304883],[93.289442,50.301645],[93.301805,50.304588],[93.32241,50.318129],[93.333891,50.32225],[93.347431,50.322544],[93.360089,50.320189],[93.371569,50.31548],[93.382461,50.309298],[93.396885,50.295463],[93.403655,50.285749],[93.399239,50.281333],[93.393647,50.278095],[93.388054,50.271031],[93.380989,50.263966],[93.280316,50.234824],[93.260005,50.238356],[93.252057,50.25749],[93.238517,50.266321],[93.105758,50.236884],[93.082798,50.226582],[93.073378,50.20892],[93.067491,50.188903],[93.05395,50.170358],[92.990662,50.117373],[92.973,50.087642],[92.967113,50.082638],[92.965935,50.079105],[92.930906,50.053201],[92.743396,49.997272],[92.689822,49.993151],[92.576492,50.000216],[92.573254,50.004337],[92.571782,50.013756],[92.569133,50.023176],[92.562951,50.027297],[92.518208,50.03083],[92.504667,50.034362],[92.492598,50.040249],[92.485533,50.04702],[92.47994,50.054084],[92.470521,50.062327],[92.460512,50.06527],[92.446677,50.067625],[92.434314,50.071452],[92.429015,50.078811],[92.426955,50.100299],[92.419596,50.113546],[92.405172,50.124143],[92.34836,50.156229],[92.337762,50.171241],[92.333936,50.195968],[92.331286,50.204799],[92.326577,50.215101],[92.324516,50.226287]]]}},{"type":"Feature","properties":{"name":"Qinghai Hu","scalerank":3},"geometry":{"type":"Polygon","coordinates":[[[100.717426,36.853325],[100.751867,36.82536],[100.765996,36.804461],[100.761581,36.781206],[100.743036,36.773258],[100.72037,36.776496],[100.70153,36.776202],[100.693288,36.757362],[100.698881,36.74441],[100.734499,36.706143],[100.741858,36.684066],[100.73862,36.669642],[100.731555,36.655807],[100.72037,36.590164],[100.712716,36.566026],[100.703591,36.555429],[100.694466,36.553074],[100.6718,36.543654],[100.659142,36.541005],[100.649428,36.541593],[100.628234,36.54542],[100.559941,36.566614],[100.539924,36.568969],[100.498419,36.578389],[100.459269,36.599583],[100.445434,36.622838],[100.481052,36.63785],[100.481052,36.644032],[100.450143,36.64521],[100.440135,36.644032],[100.435425,36.641677],[100.423651,36.632552],[100.418941,36.630491],[100.410404,36.631669],[100.403045,36.636673],[100.395392,36.63785],[100.392742,36.644327],[100.390387,36.65669],[100.385383,36.665815],[100.366838,36.658162],[100.330337,36.650803],[100.300018,36.657573],[100.288832,36.657867],[100.276763,36.654629],[100.259101,36.646093],[100.220834,36.641677],[100.159017,36.62431],[100.133996,36.623721],[100.089253,36.634907],[100.022138,36.643738],[99.980927,36.657867],[99.943248,36.676412],[99.92647,36.68907],[99.907925,36.719978],[99.882315,36.722039],[99.836689,36.712325],[99.810785,36.713208],[99.797832,36.72351],[99.781642,36.760895],[99.791356,36.774435],[99.790473,36.79298],[99.780171,36.811231],[99.761626,36.822122],[99.723358,36.83272],[99.70187,36.84155],[99.682736,36.865983],[99.63711,36.889237],[99.623863,36.898068],[99.619153,36.908371],[99.617682,36.91838],[99.619153,36.928388],[99.623863,36.938985],[99.662131,36.96695],[99.682442,36.965772],[99.697454,36.961945],[99.733661,36.945755],[99.781642,36.937513],[99.820793,36.951348],[99.842281,36.981373],[99.836689,37.021407],[99.832567,37.037891],[99.830507,37.042012],[99.827269,37.044367],[99.81991,37.046722],[99.816966,37.048783],[99.780759,37.082046],[99.770162,37.105595],[99.760448,37.122079],[99.754561,37.142096],[99.761626,37.164762],[99.776933,37.178009],[99.796949,37.185073],[99.836689,37.192727],[99.893206,37.211566],[99.935006,37.215687],[99.967681,37.225401],[99.984165,37.227756],[99.999766,37.223929],[100.043038,37.199497],[100.079245,37.191255],[100.182861,37.192727],[100.192575,37.190078],[100.215535,37.180364],[100.223777,37.181835],[100.230548,37.187723],[100.239379,37.193316],[100.249387,37.198025],[100.258218,37.199497],[100.274702,37.196259],[100.286183,37.188606],[100.29678,37.17948],[100.296191,37.178597],[100.34741,37.117664],[100.441607,37.046134],[100.469571,37.017286],[100.559941,36.887471],[100.577897,36.870104],[100.593499,36.863628],[100.638831,36.863333],[100.649722,36.860684],[100.672094,36.851559],[100.679747,36.849498],[100.688578,36.853619],[100.695937,36.86039],[100.704474,36.862745],[100.717426,36.853325]]]}},{"type":"Feature","properties":{"name":"Lake Razazah","scalerank":3},"geometry":{"type":"Polygon","coordinates":[[[43.82626,32.724574],[43.898085,32.703968],[43.899557,32.694549],[43.891903,32.662463],[43.891903,32.618308],[43.88631,32.601824],[43.873358,32.587989],[43.834208,32.561496],[43.812425,32.552665],[43.802122,32.546189],[43.792702,32.536181],[43.778867,32.515281],[43.768859,32.505273],[43.763855,32.514398],[43.757379,32.517341],[43.749725,32.51587],[43.740894,32.511749],[43.748842,32.526172],[43.745015,32.535886],[43.737656,32.545895],[43.734713,32.560613],[43.727354,32.560613],[43.725587,32.555609],[43.720878,32.546189],[43.713518,32.546189],[43.712047,32.551782],[43.70822,32.561496],[43.706748,32.566795],[43.702627,32.564145],[43.699978,32.560613],[43.693796,32.560613],[43.682316,32.5665],[43.679078,32.556198],[43.677017,32.540891],[43.669069,32.533237],[43.656412,32.538241],[43.651702,32.55031],[43.651996,32.58063],[43.660827,32.57798],[43.66642,32.577686],[43.679372,32.58063],[43.663771,32.587989],[43.647581,32.584751],[43.629919,32.577686],[43.61108,32.574154],[43.619028,32.585634],[43.623737,32.590344],[43.631096,32.594759],[43.618439,32.597114],[43.596656,32.605945],[43.583704,32.607711],[43.573695,32.590932],[43.537783,32.595642],[43.498927,32.612421],[43.480676,32.631849],[43.445058,32.679242],[43.429163,32.710444],[43.439171,32.731344],[43.430046,32.736937],[43.42563,32.738115],[43.42563,32.744885],[43.434756,32.752833],[43.430929,32.769023],[43.411501,32.806996],[43.415033,32.80523],[43.418271,32.804346],[43.421509,32.802875],[43.42563,32.799637],[43.433873,32.813472],[43.443587,32.825541],[43.449474,32.836727],[43.44653,32.847912],[43.432106,32.842319],[43.42563,32.850856],[43.419449,32.862925],[43.405025,32.868518],[43.405025,32.875877],[43.414444,32.878526],[43.429163,32.887063],[43.439171,32.888829],[43.45124,32.881764],[43.461543,32.877349],[43.472729,32.875877],[43.472729,32.882059],[43.455655,32.883825],[43.455361,32.889123],[43.462131,32.897071],[43.466547,32.906196],[43.469785,32.909729],[43.48362,32.90914],[43.486858,32.912967],[43.487152,32.922386],[43.48833,32.929451],[43.490685,32.936222],[43.494512,32.944169],[43.483031,32.951823],[43.457716,32.976844],[43.453006,32.985086],[43.457716,32.997449],[43.479499,33.016583],[43.486858,33.026003],[43.50452,33.018055],[43.517766,33.021882],[43.526008,33.033067],[43.529246,33.046608],[43.521299,33.086642],[43.521593,33.104598],[43.534839,33.114901],[43.533368,33.092529],[43.535134,33.07369],[43.541904,33.056617],[43.555445,33.039838],[43.571046,33.030124],[43.609902,33.019821],[43.62462,33.012462],[43.616084,32.99009],[43.624032,32.972723],[43.637572,32.958888],[43.644637,32.947407],[43.64817,32.933572],[43.666126,32.890006],[43.732063,32.775499],[43.754435,32.752244],[43.763266,32.7493],[43.795646,32.744885],[43.81949,32.727517],[43.82626,32.724574]]]}},{"type":"Feature","properties":{"name":"Dead Sea","scalerank":3},"geometry":{"type":"Polygon","coordinates":[[[35.559043,31.765535],[35.586419,31.752878],[35.588185,31.730506],[35.578471,31.701364],[35.554628,31.538286],[35.568463,31.496781],[35.571995,31.468228],[35.54462,31.354014],[35.545208,31.345772],[35.547563,31.338707],[35.547563,31.331937],[35.540204,31.323401],[35.52372,31.310154],[35.512828,31.304856],[35.503703,31.306327],[35.501348,31.318102],[35.512534,31.354309],[35.510473,31.367555],[35.49134,31.366966],[35.442181,31.322223],[35.414805,31.326639],[35.405974,31.344889],[35.401853,31.395225],[35.393611,31.435848],[35.400675,31.472349],[35.392728,31.514149],[35.398321,31.532399],[35.408035,31.548589],[35.414805,31.566251],[35.414216,31.577731],[35.40774,31.602163],[35.408035,31.614821],[35.412744,31.624241],[35.43541,31.655738],[35.454544,31.695182],[35.476621,31.730506],[35.506941,31.755821],[35.55139,31.765535],[35.559043,31.765535]]]}},{"type":"Feature","properties":{"name":"South Aral Sea","scalerank":0},"geometry":{"type":"Polygon","coordinates":[[[58.312075,45.06201],[58.326844,45.076779],[58.357029,45.103283],[58.37249,45.130523],[58.37838,45.174696],[58.386478,45.202673],[58.403411,45.223287],[58.410037,45.23433],[58.407152,45.252121],[58.410236,45.275671],[58.412885,45.283619],[58.417007,45.290684],[58.455988,45.328925],[58.469119,45.348444],[58.487399,45.358379],[58.489858,45.360817],[58.499304,45.364273],[58.523599,45.389673],[58.532434,45.395195],[58.546054,45.402925],[58.549367,45.40771],[58.548291,45.422776],[58.549176,45.42462],[58.549013,45.43252],[58.553416,45.449307],[58.552552,45.464575],[58.553784,45.470657],[58.557465,45.480228],[58.56446,45.489063],[58.570349,45.507468],[58.571454,45.524033],[58.57403,45.532132],[58.580288,45.538758],[58.592644,45.548691],[58.596569,45.557967],[58.600395,45.570919],[58.60275,45.5771],[58.604361,45.57914],[58.614062,45.583575],[58.634309,45.587256],[58.638358,45.590201],[58.639462,45.594618],[58.638423,45.614882],[58.638663,45.615662],[58.639546,45.62361],[58.639536,45.624259],[58.635781,45.639528],[58.64065,45.654391],[58.640997,45.657432],[58.647192,45.668977],[58.647192,45.686193],[58.649153,45.691422],[58.652714,45.721985],[58.658385,45.731638],[58.668911,45.741863],[58.669205,45.763605],[58.671856,45.771311],[58.677009,45.784932],[58.685476,45.80076],[58.694745,45.815693],[58.695712,45.818054],[58.711704,45.834903],[58.727164,45.845578],[58.738944,45.850731],[58.745938,45.851468],[58.751092,45.848891],[58.758454,45.844105],[58.765816,45.844473],[58.77097,45.847418],[58.7787,45.848155],[58.79821,45.844473],[58.815879,45.840056],[58.832076,45.834534],[58.838334,45.834166],[58.840542,45.837111],[58.839438,45.841897],[58.821401,45.861407],[58.814039,45.874659],[58.81367,45.881653],[58.81772,45.896377],[58.822505,45.903371],[58.837229,45.912942],[58.849377,45.918096],[58.861525,45.921409],[58.870728,45.921409],[58.87993,45.918096],[58.886188,45.912942],[58.892814,45.91147],[58.903857,45.911838],[58.930361,45.907052],[58.945822,45.903371],[58.9657,45.904844],[58.989259,45.898218],[58.99883,45.898218],[59.006192,45.906316],[59.017236,45.907788],[59.025702,45.906684],[59.041531,45.895641],[59.049997,45.893432],[59.059936,45.894536],[59.065458,45.899322],[59.066562,45.907052],[59.06509,45.915887],[59.069139,45.931716],[59.079078,45.943495],[59.095275,45.949017],[59.116257,45.951225],[59.149019,45.946808],[59.164848,45.942391],[59.172578,45.937237],[59.176627,45.929875],[59.179204,45.925826],[59.185462,45.930979],[59.189879,45.9446],[59.196873,45.956011],[59.209757,45.967422],[59.224482,45.975153],[59.240311,45.993926],[59.25982,46.001289],[59.280066,46.006074],[59.294055,46.006074],[59.302889,46.002393],[59.309147,45.994663],[59.309793,45.993752],[59.309515,45.977361],[59.301417,45.95822],[59.283379,45.929139],[59.243992,45.892328],[59.224744,45.882957],[59.172578,45.874843],[59.150328,45.877714],[59.104846,45.896745],[59.104478,45.890487],[59.098588,45.88607],[59.084232,45.882389],[59.077883,45.878081],[59.072452,45.877787],[59.067707,45.87563],[59.059568,45.877603],[59.052574,45.87834],[59.045212,45.875027],[59.031592,45.863615],[59.02607,45.853676],[59.019215,45.843657],[59.013644,45.838471],[58.986656,45.819603],[58.959074,45.810055],[58.930152,45.796223],[58.924472,45.796619],[58.914165,45.794779],[58.909747,45.790729],[58.909485,45.775277],[58.909011,45.774716],[58.903121,45.739378],[58.901649,45.689315],[58.87809,45.617165],[58.869437,45.596097],[58.807413,45.570047],[58.766184,45.562685],[58.75146,45.546488],[58.735263,45.506732],[58.710231,45.486118],[58.671948,45.459614],[58.661641,45.439],[58.638082,45.353598],[58.629247,45.302063],[58.629247,45.263779],[58.641027,45.243165],[58.663113,45.204881],[58.683727,45.148929],[58.682255,45.129787],[58.670475,45.103283],[58.643971,45.072362],[58.54679,45.007574],[58.568877,45.004629],[58.588019,44.989905],[58.592436,44.973708],[58.588019,44.950149],[58.568877,44.929535],[58.567036,44.915178],[58.578816,44.896037],[58.609737,44.876895],[58.622989,44.854808],[58.624462,44.817997],[58.61121,44.790021],[58.595013,44.772352],[58.562619,44.772352],[58.578816,44.756155],[58.54495,44.657501],[58.524336,44.569155],[58.483107,44.504367],[58.416847,44.443997],[58.364275,44.42472],[58.344299,44.423487],[58.304574,44.423751],[58.27807,44.426696],[58.260032,44.431481],[58.244572,44.441788],[58.235001,44.46093],[58.233528,44.506576],[58.236776,44.524463],[58.246044,44.538969],[58.262241,44.557375],[58.276229,44.564737],[58.289481,44.563265],[58.302733,44.56032],[58.313776,44.570627],[58.321139,44.603021],[58.316163,44.630032],[58.281383,44.689159],[58.256351,44.731123],[58.237946,44.765726],[58.229111,44.796647],[58.221012,44.84671],[58.222485,44.869533],[58.227638,44.887938],[58.235016,44.901275],[58.236509,44.908195],[58.262977,44.945363],[58.281383,44.963769],[58.2858,44.988064],[58.300157,45.015631],[58.299788,45.028925],[58.304942,45.049539],[58.311666,45.059033],[58.312075,45.06201]]]}},{"type":"Feature","properties":{"name":"North Aral Sea","scalerank":0},"geometry":{"type":"Polygon","coordinates":[[[60.782878,46.085954],[60.752342,46.117724],[60.796057,46.148461],[60.807538,46.158764],[60.816663,46.170538],[60.82255,46.184668],[60.824905,46.198503],[60.824808,46.201046],[60.810026,46.233566],[60.747447,46.318232],[60.737876,46.339582],[60.728305,46.349889],[60.722416,46.363877],[60.722416,46.374185],[60.705814,46.375191],[60.684868,46.339582],[60.672353,46.335901],[60.66499,46.327066],[60.655419,46.324121],[60.637014,46.329275],[60.634805,46.318232],[60.629652,46.319704],[60.625234,46.325594],[60.615664,46.327803],[60.605356,46.321177],[60.595049,46.303507],[60.587687,46.296145],[60.579589,46.2932],[60.560447,46.295409],[60.507439,46.317495],[60.471364,46.330747],[60.440443,46.352834],[60.41762,46.368295],[60.380809,46.388909],[60.348415,46.402897],[60.331482,46.405106],[60.318966,46.397007],[60.30277,46.388909],[60.287309,46.382283],[60.265222,46.379338],[60.221785,46.378602],[60.196754,46.374921],[60.183612,46.367752],[60.176876,46.359092],[60.169882,46.354675],[60.153317,46.353938],[60.133439,46.356515],[60.102149,46.369031],[60.077118,46.381915],[60.065706,46.392222],[60.049878,46.403633],[60.054663,46.408419],[60.023006,46.41799],[60.013435,46.423879],[60.003864,46.425352],[59.995029,46.428297],[59.988403,46.437868],[59.98325,46.454801],[59.97736,46.481305],[59.981777,46.507809],[59.989876,46.550509],[60.001655,46.57186],[60.003771,46.573447],[60.004807,46.575878],[60.011045,46.584255],[60.03635,46.601125],[60.055859,46.607014],[60.076105,46.610696],[60.102978,46.614377],[60.115861,46.619162],[60.132426,46.634255],[60.161507,46.650083],[60.185066,46.661863],[60.199054,46.665544],[60.214515,46.67806],[60.237338,46.695729],[60.253535,46.700146],[60.270468,46.703091],[60.286665,46.700146],[60.306543,46.688367],[60.332942,46.669227],[60.349244,46.648611],[60.367649,46.616953],[60.38311,46.579406],[60.394889,46.544068],[60.405933,46.498422],[60.405447,46.489148],[60.410868,46.482523],[60.416218,46.500016],[60.417505,46.502875],[60.418082,46.504104],[60.421025,46.519312],[60.428993,46.52728],[60.453921,46.573614],[60.453419,46.603241],[60.450474,46.612076],[60.450658,46.618426],[60.453419,46.622383],[60.459309,46.627537],[60.468879,46.623855],[60.470907,46.622452],[60.474401,46.622015],[60.475953,46.619084],[60.476978,46.618426],[60.472561,46.610143],[60.472929,46.606094],[60.518206,46.586216],[60.535507,46.575541],[60.558698,46.565602],[60.580049,46.563025],[60.606185,46.56597],[60.629744,46.5737],[60.647781,46.581063],[60.670604,46.589161],[60.68224,46.599108],[60.688615,46.602959],[60.691715,46.605824],[60.693059,46.609407],[60.696595,46.612944],[60.758214,46.634439],[60.765577,46.642537],[60.763529,46.646632],[60.764435,46.64729],[60.739809,46.656525],[60.69858,46.677139],[60.635265,46.715423],[60.57195,46.736037],[60.541765,46.743399],[60.525568,46.750762],[60.521151,46.760332],[60.519679,46.769903],[60.524832,46.777266],[60.542502,46.777266],[60.566612,46.780357],[60.570794,46.782697],[60.580049,46.783892],[60.594037,46.781683],[60.605817,46.775793],[60.632321,46.775793],[60.652935,46.769167],[60.674285,46.761805],[60.691954,46.761069],[60.717722,46.755179],[60.76484,46.755179],[60.788399,46.755179],[60.810767,46.747149],[60.817848,46.738982],[60.822266,46.727203],[60.819321,46.712478],[60.794289,46.663887],[60.787663,46.619714],[60.77583,46.59282],[60.776041,46.591185],[60.777875,46.588056],[60.776068,46.581431],[60.784166,46.566706],[60.812879,46.547565],[60.839383,46.508545],[60.892391,46.473206],[60.946871,46.459954],[61.011658,46.461427],[61.083808,46.459954],[61.133871,46.449647],[61.144555,46.453493],[61.157831,46.4546],[61.197805,46.467541],[61.197709,46.468053],[61.226635,46.468053],[61.244304,46.476151],[61.267127,46.49971],[61.267863,46.513698],[61.256084,46.527687],[61.239151,46.535049],[61.230316,46.547565],[61.233997,46.557135],[61.236206,46.569651],[61.220009,46.566706],[61.206021,46.570387],[61.206757,46.579958],[61.216328,46.588057],[61.233261,46.580695],[61.296576,46.61088],[61.30173,46.632966],[61.314981,46.647691],[61.366517,46.649163],[61.384186,46.663887],[61.409218,46.672722],[61.426887,46.657998],[61.456336,46.672722],[61.528486,46.677139],[61.506399,46.638856],[61.479895,46.627076],[61.453391,46.602045],[61.450446,46.584376],[61.326761,46.498974],[61.310564,46.475415],[61.279643,46.479832],[61.276985,46.429339],[61.287552,46.418452],[61.289016,46.416945],[61.296576,46.409155],[61.300257,46.38486],[61.290256,46.386439],[61.291178,46.381597],[61.288823,46.372767],[61.288155,46.371784],[61.28995,46.364246],[61.280379,46.329643],[61.265655,46.30682],[61.25724,46.306454],[61.255266,46.300059],[61.247318,46.289756],[61.247055,46.289556],[61.244304,46.274427],[61.231789,46.250867],[61.217064,46.236879],[61.206065,46.234577],[61.200808,46.230883],[61.188445,46.225879],[61.179061,46.223959],[61.165713,46.215529],[61.120067,46.217001],[61.095035,46.19197],[61.040555,46.18019],[61.003233,46.18019],[60.976685,46.16988],[60.946319,46.140434],[60.896256,46.118348],[60.868279,46.112458],[60.862482,46.090003],[60.782878,46.085954]]]}}]}